Name,Age,Country,Role,Matches,Experience_Years,Runs,Strike_Rate,Wickets,Economy,Average,Team_Preference,Auction_Price
MS Dhoni,42,India,Wicketkeeper,350.0,20,12000.0,135.0,0.0,0.0,50.0,CSK,11.0
Sachin Tendulkar,45,India,Batter,400.0,22,16645.5,125.0,5.0,8.5,45.0,MI,1.5
Virat Kohli,36,India,Batter,300.0,16,13000.0,138.0,2.0,7.0,52.0,RCB,11.0
Rohit Sharma,37,India,Batter,280.0,17,14000.0,132.0,0.0,8.0,48.0,MI,11.0
Jasprit Bumrah,35,India,Bowler,196.0,7,2661.0,144.9,798.0,7.69,27.43,MI,11.0
Rahul Dravid,35,India,Batter,266.0,14,10359.0,106.0,8.0,6.64,30.65,RR,5.0
Sourav Ganguly,18,India,Batter,28.0,1,8574.0,120.9,8.0,7.84,30.19,KKR,3.0
Anil Kumble,22,India,Bowler,60.0,2,3127.0,103.4,424.0,6.33,30.23,RCB,0.5
Kapil Dev,21,India,Allrounder,27.0,1,2292.0,122.4,223.0,6.28,47.48,DC,0.5
Sunil Gavaskar,29,India,Batter,217.0,10,3711.0,125.9,14.0,6.7,40.73,MI,0.2
AB de Villiers,35,South Africa,Batter,119.0,4,9201.0,131.5,2.0,6.16,25.97,RCB,10.0
Chris Gayle,35,West Indies,Batter,242.0,10,12459.0,151.9,6.0,6.23,53.8,PBKS,3.0
Brian Lara,40,West Indies,Batter,47.0,3,13834.0,113.3,7.0,8.83,23.42,SRH,5.0
Ricky Ponting,42,Australia,Batter,170.0,10,6814.0,121.4,3.0,8.39,24.27,DC,0.2
Jacques Kallis,30,South Africa,Allrounder,133.0,5,6707.0,97.1,467.0,6.73,51.83,RCB,11.0
Yuvraj Singh,29,India,Allrounder,68.0,3,4410.0,134.8,147.0,5.91,30.91,PBKS,7.0
Gautam Gambhir,39,India,Batter,153.0,9,12980.0,127.8,5.0,7.82,26.47,KKR,0.5
Virender Sehwag,35,India,Batter,140.0,8,10573.0,141.5,12.0,9.39,52.88,PBKS,0.5
Harbhajan Singh,26,India,Bowler,103.0,4,1328.0,130.9,866.0,7.4,52.27,MI,0.5
Zaheer Khan,42,India,Bowler,37.0,2,3366.0,106.8,112.0,4.34,21.58,DC,1.0
R Ashwin,28,India,Bowler,139.0,7,271.0,118.3,296.0,5.24,29.5,RR,3.0
Bhuvneshwar Kumar,36,India,Bowler,219.0,11,2684.0,116.4,591.0,7.15,29.83,SRH,2.0
Mohammed Shami,30,India,Bowler,282.0,11,585.0,103.5,351.0,6.06,48.08,GT,1.0
Sanju Samson,22,India,Wicketkeeper,53.0,2,11697.0,99.5,0.0,0.0,54.54,RR,3.0
Rishabh Pant,35,India,Wicketkeeper,244.0,9,9043.0,141.3,0.0,0.0,26.96,DC,0.5
Andre Russell,29,West Indies,Allrounder,68.0,4,5674.0,143.9,292.0,5.02,44.74,KKR,1.0
Sunil Narine,20,West Indies,Allrounder,18.0,1,2752.0,141.3,361.0,7.55,22.59,KKR,1.5
Rashid Khan,23,Afghanistan,Bowler,98.0,4,260.0,102.0,474.0,5.36,50.21,GT,2.0
Kane Williamson,30,New Zealand,Batter,269.0,10,11669.0,114.9,8.0,8.18,22.22,SRH,7.0
David Warner,35,Australia,Batter,18.0,1,14169.0,114.5,8.0,7.09,45.54,DC,0.5
Ben Stokes,42,England,Allrounder,473.5,21,2413.0,148.2,190.0,7.23,36.53,CSK,2.0
Jos Buttler,31,England,Wicketkeeper,74.0,3,2553.0,102.2,0.0,0.0,44.96,RR,3.0
Jofra Archer,41,England,Bowler,263.0,9,3120.0,128.7,262.0,6.89,46.98,MI,0.2
Faf du Plessis,34,South Africa,Batter,115.0,4,13244.0,126.4,9.0,7.73,34.96,RCB,3.0
Quinton de Kock,38,South Africa,Wicketkeeper,356.0,17,5004.0,96.5,0.0,0.0,23.78,LSG,0.5
Kagiso Rabada,29,South Africa,Bowler,79.0,3,3905.0,133.2,877.0,4.12,31.0,PBKS,0.2
Shane Warne,34,Australia,Bowler,25.0,1,2001.0,149.5,99.0,5.93,28.73,RR,11.0
Glenn McGrath,21,Australia,Bowler,58.0,2,3406.0,140.3,394.0,5.56,28.01,DC,11.0
Brett Lee,25,Australia,Bowler,22.0,1,3596.0,112.4,660.0,4.29,25.64,PBKS,7.0
Adam Gilchrist,20,Australia,Wicketkeeper,30.0,1,3633.0,150.8,0.0,0.0,48.28,DC,1.0
Kumar Sangakkara,42,Sri Lanka,Wicketkeeper,334.0,18,4603.0,133.0,0.0,0.0,50.5,RR,0.2
Mahela Jayawardene,39,Sri Lanka,Batter,380.0,16,5705.0,106.2,8.0,8.81,51.24,DC,5.0
Muttiah Muralitharan,34,Sri Lanka,Bowler,264.0,14,3804.0,143.4,632.0,6.05,51.36,CSK,2.0
Wasim Akram,42,Pakistan,Bowler,473.5,22,823.0,101.6,810.0,5.21,27.98,KKR,0.5
Waqar Younis,27,Pakistan,Bowler,190.0,7,2661.0,144.1,462.0,5.62,50.13,SRH,2.0
Imran Khan,32,Pakistan,Allrounder,250.0,9,2491.0,125.6,166.0,5.02,34.61,GT,0.2
Brendon McCullum,25,New Zealand,Wicketkeeper,25.0,1,2844.0,108.3,0.0,0.0,24.2,KKR,10.0
Michael Clarke,36,Australia,Batter,387.0,18,12641.0,151.6,7.0,7.18,31.31,PWI,1.0
Vikas Patel,18,England,Batter,17.0,1,11423.0,137.2,7.0,7.82,32.73,CSK,5.0
Arjun Iyer,26,Sri Lanka,Bowler,151.0,8,3213.0,152.7,564.0,7.69,28.81,PBKS,1.0
Rahul Kulkarni,31,England,Batter,87.0,4,9735.0,113.1,14.0,7.74,29.97,RR,3.0
Amit Reddy,41,India,Batter,37.0,2,6139.0,131.6,6.0,6.13,37.59,DC,3.0
Manoj Iyer,35,Sri Lanka,Bowler,288.0,15,3581.0,111.7,157.0,4.2,51.79,SRH,0.5
Amit Kulkarni,32,India,Batter,218.0,13,6872.0,103.7,5.0,6.84,37.13,GT,11.0
Vikas Malik,31,India,Wicketkeeper,141.0,8,8709.0,154.1,0.0,0.0,28.47,RR,7.0
Sameer Shetty,18,Australia,Allrounder,28.0,1,7206.0,140.7,414.0,7.35,28.32,LSG,10.0
Vikas Verma,35,India,Bowler,388.0,16,3013.0,117.1,635.0,6.77,42.13,KKR,10.0
Amit Mehta,19,West Indies,Batter,20.0,1,3931.0,127.1,2.0,8.22,23.16,LSG,3.0
Pranav Malik,23,South Africa,Batter,18.0,1,12333.0,114.2,7.0,8.92,26.53,KKR,10.0
Manoj Kulkarni,36,West Indies,Batter,40.0,2,7272.0,130.5,6.0,6.14,43.71,PBKS,0.2
Rohan Reddy,39,Australia,Bowler,282.0,11,1295.0,125.7,849.0,4.06,27.93,RCB,0.5
Nikhil Mehta,20,India,Wicketkeeper,21.0,1,10788.0,133.7,0.0,0.0,26.1,MI,0.2
Sameer Patel,26,England,Allrounder,63.0,3,2792.0,118.2,264.0,7.42,52.79,KKR,1.5
Pranav Malik,35,Australia,Batter,176.0,10,5200.0,115.5,8.0,6.48,23.97,GT,1.5
Rohan Verma,21,India,Bowler,25.0,1,833.0,147.6,783.0,7.51,29.03,PBKS,1.0
Rohan Khan,38,India,Wicketkeeper,243.0,9,7033.0,134.6,0.0,0.0,48.6,CSK,7.0
Harshit Iyer,19,India,Allrounder,29.0,1,6019.0,126.8,401.0,6.94,28.46,SRH,1.5
Rahul Patel,31,West Indies,Batter,144.0,9,9049.0,148.8,4.0,6.33,51.51,RCB,1.0
Rohan Singh,31,England,Batter,58.0,3,14174.0,115.3,7.0,8.22,32.22,CSK,3.0
Harshit Chopra,39,India,Allrounder,119.0,4,3439.0,148.8,482.0,7.54,51.05,RR,0.5
Amit Iyer,23,South Africa,Wicketkeeper,55.0,2,6565.0,141.8,0.0,0.0,42.47,DC,7.0
Manoj Malik,26,Sri Lanka,Batter,59.0,3,6269.0,104.7,14.0,6.29,51.45,CSK,0.2
Vikas Sharma,29,South Africa,Bowler,117.0,5,1141.0,95.6,151.0,6.3,23.55,KKR,11.0
Pranav Chopra,42,West Indies,Allrounder,219.0,9,1726.0,95.3,99.0,7.32,25.63,RR,7.0
Amit Patel,26,South Africa,Allrounder,67.0,3,7468.0,136.5,442.0,6.92,42.82,PBKS,0.5
Manoj Khan,28,India,Batter,137.0,7,3727.0,137.7,13.0,6.78,28.3,PBKS,0.2
Manoj Patel,18,England,Allrounder,18.0,1,7396.0,139.8,500.0,6.14,42.74,DC,7.0
Pranav Reddy,27,South Africa,Allrounder,210.0,9,6041.0,134.5,105.0,7.97,39.89,DC,5.0
Pranav Deshmukh,24,Australia,Wicketkeeper,85.0,4,11477.0,100.6,0.0,0.0,32.87,RCB,5.0
Vikas Reddy,18,England,Allrounder,29.0,1,5119.0,109.6,266.0,5.93,54.06,PBKS,7.0
Harshit Khan,39,India,Wicketkeeper,141.0,7,10945.0,118.6,0.0,0.0,51.22,RCB,0.2
Rahul Malik,39,Australia,Allrounder,430.0,21,8107.0,142.7,141.0,7.21,37.59,KKR,1.5
Vikas Naidu,22,India,Batter,29.0,1,9790.0,124.6,6.0,8.02,26.83,PBKS,0.2
Manoj Yadav,40,India,Wicketkeeper,387.0,13,4246.0,138.3,0.0,0.0,29.83,RCB,10.0
Sandeep Shetty,42,Sri Lanka,Bowler,222.0,14,2283.0,133.7,335.0,4.09,26.2,GT,3.0
Harshit Naidu,21,West Indies,Bowler,49.0,2,1299.0,152.2,853.0,7.57,52.02,GT,1.5
Irfan Khan,32,Sri Lanka,Wicketkeeper,190.0,10,10277.0,117.2,0.0,0.0,20.54,GT,0.2
Irfan Kulkarni,32,West Indies,Bowler,137.0,5,2567.0,120.7,324.0,7.53,53.83,SRH,1.0
Aditya Verma,26,Australia,Batter,162.0,8,8238.0,146.2,2.0,9.37,30.31,KKR,1.5
Manoj Deshmukh,22,India,Bowler,32.0,2,1699.0,146.1,497.0,5.46,31.09,RCB,5.0
Manoj Sharma,28,South Africa,Wicketkeeper,234.0,9,2820.0,105.2,0.0,0.0,39.49,KKR,3.0
Karthik Sharma,42,Australia,Wicketkeeper,473.5,19,9365.0,151.2,0.0,0.0,44.36,DC,10.0
Vikas Verma,35,Sri Lanka,Wicketkeeper,123.0,8,8871.0,129.2,0.0,0.0,23.4,RR,2.0
Irfan Naidu,28,West Indies,Bowler,108.0,7,3714.0,154.4,483.0,6.34,24.9,RCB,0.2
Pranav Reddy,36,Sri Lanka,Batter,20.0,1,3823.0,147.6,8.0,7.81,45.93,RCB,5.0
Karthik Singh,30,South Africa,Bowler,125.0,6,3080.0,137.1,511.0,6.65,32.58,DC,7.0
Amit Deshmukh,26,India,Wicketkeeper,60.0,2,8233.0,112.6,0.0,0.0,48.33,GT,3.0
Harshit Kulkarni,25,India,Batter,121.0,6,6266.0,147.0,0.0,8.84,51.96,CSK,7.0
Sandeep Naidu,37,India,Bowler,134.0,5,2865.0,125.1,342.0,5.94,47.94,MI,2.0
Nikhil Mehta,42,India,Bowler,259.0,12,442.0,137.1,672.0,6.47,47.85,MI,3.0
Manoj Deshmukh,18,India,Wicketkeeper,22.0,1,4169.0,148.4,0.0,0.0,31.83,KKR,2.0
Harshit Mehta,40,England,Batter,286.0,10,10018.0,100.6,11.0,7.31,40.24,CSK,0.2
Irfan Reddy,20,India,Batter,43.0,2,8934.0,122.9,14.0,6.13,38.99,LSG,0.2
Sandeep Deshmukh,40,Australia,Wicketkeeper,143.0,5,10421.0,112.2,0.0,0.0,40.68,GT,0.2
Ankit Malik,32,India,Allrounder,140.0,7,8722.0,97.2,270.0,5.11,48.79,KKR,3.0
Nikhil Mehta,25,England,Wicketkeeper,108.0,7,10598.0,116.6,0.0,0.0,24.45,RR,1.0
Vikas Singh,28,England,Wicketkeeper,62.0,3,7026.0,126.3,0.0,0.0,46.95,SRH,2.0
Rahul Yadav,35,Sri Lanka,Bowler,22.0,1,2828.0,132.4,567.0,4.82,22.99,RR,10.0
Harshit Sharma,38,Australia,Wicketkeeper,296.0,16,9125.0,98.1,0.0,0.0,38.6,MI,1.0
Pranav Mehta,40,Sri Lanka,Allrounder,190.0,8,5849.0,133.2,216.0,6.89,45.41,DC,2.0
Ankit Deshmukh,31,Australia,Allrounder,258.0,12,3559.0,126.0,158.0,8.42,31.3,LSG,5.0
Ankit Patel,21,India,Bowler,57.0,3,886.0,111.2,836.0,7.02,35.36,GT,1.0
Rahul Malik,33,Australia,Allrounder,104.0,5,4456.0,96.5,131.0,5.27,53.69,KKR,0.2
Rohan Sharma,27,West Indies,Bowler,24.0,1,2856.0,136.8,209.0,7.18,34.31,CSK,1.0
Irfan Sharma,38,Australia,Batter,360.0,16,10843.0,104.4,14.0,6.61,28.76,PBKS,0.5
Rohan Malik,28,India,Batter,49.0,3,9565.0,137.9,15.0,7.92,43.11,LSG,10.0
Sandeep Shetty,20,Australia,Bowler,17.0,1,1016.0,152.3,201.0,5.06,45.83,PBKS,7.0
Harshit Chopra,35,Sri Lanka,Bowler,323.0,14,1217.0,131.7,682.0,6.11,34.69,RR,3.0
Nikhil Deshmukh,31,India,Batter,102.0,5,7335.0,116.4,2.0,6.87,46.52,MI,10.0
Arjun Patel,23,India,Bowler,43.0,2,1845.0,102.0,785.0,4.05,21.61,RCB,7.0
Amit Yadav,37,Australia,Allrounder,419.0,16,8541.0,146.3,272.0,5.14,44.63,SRH,0.5
Harshit Shetty,20,India,Allrounder,28.0,1,2440.0,100.9,318.0,6.66,37.21,PBKS,10.0
Sameer Verma,25,India,Bowler,97.0,6,679.0,105.4,877.5,5.8,35.18,RCB,3.0
Rahul Naidu,27,South Africa,Wicketkeeper,109.0,5,10699.0,118.9,0.0,0.0,41.55,SRH,7.0
Rahul Mehta,35,South Africa,Wicketkeeper,428.0,16,7780.0,133.1,0.0,0.0,21.59,CSK,10.0
Rahul Yadav,37,India,Batter,203.0,9,12441.0,132.6,1.0,7.31,37.61,PBKS,1.0
Arjun Kulkarni,42,Australia,Wicketkeeper,113.0,6,9641.0,146.4,0.0,0.0,43.05,LSG,0.2
Karthik Singh,38,England,Batter,322.0,16,13979.0,99.2,3.0,6.57,42.48,RR,1.0
Aditya Naidu,23,South Africa,Wicketkeeper,80.0,3,3101.0,96.6,0.0,0.0,40.5,SRH,2.0
Rohan Singh,32,South Africa,Allrounder,57.0,2,5715.0,129.5,462.0,8.29,33.59,MI,7.0
Amit Yadav,18,England,Wicketkeeper,30.0,1,9742.0,133.6,0.0,0.0,36.04,GT,10.0
Rohan Chopra,42,Australia,Bowler,44.0,2,3607.0,151.5,795.0,6.07,33.51,RCB,0.2
Pranav Mehta,33,India,Batter,39.0,2,12024.0,149.3,0.0,9.36,26.85,KKR,2.0
Vikas Malik,35,Sri Lanka,Batter,240.0,14,13612.0,101.0,4.0,6.24,20.64,MI,2.0
Arjun Deshmukh,33,South Africa,Allrounder,438.0,15,5452.0,136.0,281.0,5.33,22.49,SRH,1.0
Manoj Yadav,25,West Indies,Bowler,107.0,4,3601.0,145.7,219.0,5.21,20.81,PBKS,0.2
Ankit Khan,20,Australia,Wicketkeeper,56.0,2,2542.0,143.9,0.0,0.0,29.86,GT,1.5
Irfan Iyer,27,West Indies,Wicketkeeper,136.0,5,8154.0,102.1,0.0,0.0,44.39,LSG,11.0
Karthik Khan,28,India,Wicketkeeper,196.0,9,11868.0,132.7,0.0,0.0,50.71,DC,1.5
Amit Singh,30,South Africa,Wicketkeeper,84.0,4,4992.0,139.1,0.0,0.0,48.12,LSG,2.0
Arjun Mehta,33,India,Bowler,29.0,1,408.0,105.6,618.0,5.07,46.27,DC,5.0
Manoj Malik,32,India,Bowler,30.0,1,3201.0,154.4,351.0,7.07,34.44,RCB,1.5
Pranav Patel,28,West Indies,Wicketkeeper,247.0,10,7688.0,117.3,0.0,0.0,47.17,DC,11.0
Nikhil Patel,38,Australia,Batter,298.0,16,4480.0,150.8,13.0,7.19,50.04,KKR,11.0
Karthik Iyer,21,India,Batter,47.0,3,8314.0,140.1,1.0,7.5,46.41,SRH,1.0
Manoj Iyer,27,West Indies,Allrounder,142.0,6,6136.0,149.2,389.0,5.36,37.68,KKR,2.0
Rahul Mehta,23,India,Bowler,45.0,2,3738.0,114.2,677.0,7.14,51.34,RR,1.0
Pranav Verma,22,Australia,Wicketkeeper,51.0,2,2653.0,118.4,0.0,0.0,20.38,LSG,1.0
Rahul Naidu,32,Australia,Bowler,129.0,5,2827.0,100.5,336.0,7.44,31.18,DC,0.2
Vikas Reddy,32,India,Allrounder,270.0,14,4624.0,152.0,332.0,8.33,40.07,LSG,3.0
Aditya Verma,29,South Africa,Allrounder,220.0,10,1566.0,121.9,329.0,7.21,30.26,CSK,2.0
Irfan Khan,39,India,Wicketkeeper,49.0,2,8272.0,114.7,0.0,0.0,43.54,SRH,0.2
Nikhil Verma,25,India,Bowler,170.0,6,2647.0,142.5,120.0,6.86,47.64,RCB,1.0
Nikhil Singh,27,India,Batter,236.0,8,7835.0,124.7,10.0,6.32,22.01,RCB,10.0
Vikas Iyer,41,England,Bowler,345.0,14,2055.0,121.5,359.0,6.09,51.07,GT,1.0
Harshit Verma,23,India,Wicketkeeper,74.0,3,3733.0,116.1,0.0,0.0,24.1,DC,0.5
Irfan Shetty,22,England,Wicketkeeper,32.0,2,8964.0,103.6,0.0,0.0,46.65,GT,2.0
Karthik Singh,18,South Africa,Batter,26.0,1,4775.0,101.1,7.0,8.16,22.94,SRH,11.0
Sameer Mehta,33,India,Allrounder,29.0,1,8949.0,99.4,398.0,7.45,48.77,KKR,1.0
Sandeep Sharma,27,Australia,Batter,168.0,7,4902.0,99.9,3.0,8.47,22.97,CSK,5.0
Manoj Naidu,25,West Indies,Bowler,128.0,5,2405.0,117.5,840.0,7.75,32.97,DC,7.0
Pranav Patel,41,South Africa,Wicketkeeper,110.0,5,3036.0,143.8,0.0,0.0,53.15,LSG,1.0
Karthik Naidu,40,England,Bowler,205.0,12,2808.0,140.2,456.0,7.75,33.17,KKR,5.0
Manoj Verma,35,India,Batter,296.0,12,4501.0,141.6,6.0,6.29,39.54,KKR,1.5
Amit Shetty,38,India,Batter,364.0,20,12250.0,149.4,6.0,7.48,23.89,DC,3.0
Irfan Malik,20,England,Bowler,19.0,1,3230.0,95.7,690.0,5.87,36.4,KKR,3.0
Sandeep Chopra,18,India,Bowler,18.0,1,2707.0,102.1,106.0,4.21,24.11,SRH,3.0
Harshit Shetty,22,England,Allrounder,15.0,1,2927.0,139.8,175.0,7.27,40.42,KKR,0.2
Arjun Patel,19,Sri Lanka,Wicketkeeper,29.0,1,8431.0,152.7,0.0,0.0,33.12,MI,7.0
Arjun Yadav,34,India,Wicketkeeper,106.0,4,11043.0,112.1,0.0,0.0,50.4,PBKS,1.5
Amit Naidu,27,South Africa,Batter,207.0,8,4768.0,152.8,15.0,6.78,20.43,RR,0.5
Sameer Patel,40,India,Batter,241.0,15,5067.0,97.6,8.0,9.39,51.19,DC,0.2
Manoj Mehta,37,Australia,Allrounder,473.5,19,5641.0,154.6,349.0,6.85,22.58,GT,3.0
Irfan Kulkarni,31,India,Batter,43.0,2,10398.0,153.2,7.0,7.94,38.31,GT,5.0
Manoj Reddy,31,England,Wicketkeeper,144.0,6,7620.0,132.8,0.0,0.0,44.35,MI,0.2
Sandeep Kulkarni,39,India,Allrounder,158.0,9,8313.0,132.7,83.0,6.59,40.45,LSG,2.0
Aditya Deshmukh,20,India,Batter,47.0,2,3982.0,97.7,10.0,9.15,29.83,DC,1.0
Ankit Malik,39,India,Wicketkeeper,78.0,4,7619.0,152.0,0.0,0.0,51.16,RR,5.0
Sandeep Kulkarni,29,India,Bowler,57.0,2,443.0,132.2,438.0,5.73,29.71,LSG,0.5
Harshit Verma,35,India,Batter,289.0,12,12190.0,122.8,0.0,6.66,32.37,PBKS,5.0
Sandeep Verma,37,England,Batter,224.0,9,3100.0,99.7,5.0,8.04,54.1,SRH,1.5
Sandeep Deshmukh,22,India,Batter,107.0,4,11691.0,136.9,6.0,9.45,38.76,CSK,10.0
Ankit Iyer,30,Australia,Wicketkeeper,197.0,7,7814.0,113.6,0.0,0.0,48.48,DC,0.5
Sameer Sharma,42,India,Batter,310.0,19,14042.0,104.8,2.0,8.4,51.88,RCB,1.5
Karthik Mehta,26,South Africa,Wicketkeeper,154.0,8,6031.0,144.4,0.0,0.0,53.24,LSG,0.2
Ankit Reddy,42,Australia,Batter,473.5,17,11633.0,131.8,9.0,8.54,34.64,MI,10.0
Nikhil Sharma,19,India,Wicketkeeper,24.0,1,5960.0,151.0,0.0,0.0,50.31,CSK,10.0
Rohan Singh,42,India,Allrounder,138.0,5,7619.0,96.6,260.0,5.16,33.18,MI,1.0
Arjun Deshmukh,23,West Indies,Wicketkeeper,47.0,2,8302.0,143.6,0.0,0.0,54.55,KKR,5.0
Manoj Sharma,20,India,Batter,57.0,2,8129.0,130.6,13.0,6.53,33.33,LSG,7.0
Rohan Patel,36,India,Wicketkeeper,278.0,13,5315.0,153.2,0.0,0.0,49.47,RR,3.0
Rahul Reddy,37,India,Allrounder,336.0,15,6324.0,123.1,245.0,7.93,34.52,MI,3.0
Irfan Verma,34,India,Wicketkeeper,66.0,3,5254.0,111.4,0.0,0.0,21.97,DC,1.0
Sameer Shetty,20,England,Bowler,19.0,1,967.0,143.8,185.0,7.29,54.99,DC,0.2
Sandeep Mehta,22,India,Bowler,56.0,3,3896.0,128.3,871.0,7.79,46.91,RCB,10.0
Harshit Mehta,38,Sri Lanka,Wicketkeeper,414.0,16,11748.0,151.7,0.0,0.0,49.74,PBKS,10.0
Irfan Kulkarni,38,India,Allrounder,473.5,20,2059.0,122.0,280.0,5.87,24.52,DC,3.0
Harshit Verma,32,India,Allrounder,255.0,11,5656.0,131.4,77.0,8.34,28.0,PBKS,1.5
Amit Sharma,27,Australia,Wicketkeeper,129.0,8,3979.0,135.3,0.0,0.0,41.63,DC,1.5
Karthik Mehta,37,India,Wicketkeeper,473.5,17,11866.0,116.5,0.0,0.0,23.97,GT,5.0
Nikhil Naidu,38,India,Allrounder,112.0,7,5190.0,126.2,92.0,7.35,47.03,GT,10.0
Amit Yadav,28,Sri Lanka,Bowler,46.0,2,2141.0,146.1,704.0,5.98,39.32,LSG,10.0
Sameer Verma,23,South Africa,Allrounder,66.0,3,7061.0,147.6,346.0,6.96,34.12,RR,7.0
Ankit Patel,19,South Africa,Batter,24.0,1,7128.0,96.7,4.0,6.47,46.43,GT,5.0
Sameer Singh,28,South Africa,Bowler,34.0,2,2437.0,137.2,805.0,6.36,27.45,SRH,0.2
Pranav Shetty,20,India,Wicketkeeper,51.0,2,11124.0,103.2,0.0,0.0,20.51,DC,0.5
Amit Singh,20,India,Allrounder,60.0,2,3254.0,130.4,214.0,6.23,33.73,SRH,10.0
Vikas Iyer,42,India,Bowler,315.0,16,3458.0,149.2,877.5,5.66,32.19,RCB,3.0
Pranav Singh,21,India,Batter,83.0,3,9172.0,142.0,4.0,7.8,33.88,PBKS,0.2
Aditya Naidu,23,South Africa,Bowler,41.0,2,2770.0,146.7,816.0,6.36,53.23,CSK,0.2
Harshit Deshmukh,25,India,Allrounder,94.0,4,3459.0,150.6,198.0,5.51,37.22,LSG,5.0
Ankit Kulkarni,33,Sri Lanka,Bowler,343.0,15,3151.0,122.5,368.0,4.98,54.3,PBKS,0.2
Sandeep Malik,42,India,Wicketkeeper,259.0,13,3354.0,124.6,0.0,0.0,31.51,KKR,0.5
Arjun Khan,38,West Indies,Allrounder,457.0,16,2521.0,109.4,185.0,7.22,22.66,MI,3.0
Karthik Khan,20,India,Allrounder,28.0,1,2251.0,102.7,153.0,5.45,25.32,GT,5.0
Manoj Sharma,32,West Indies,Batter,137.0,6,6862.0,133.5,12.0,6.49,26.37,RR,5.0
Amit Singh,20,England,Bowler,55.0,2,598.0,148.8,220.0,5.31,36.59,MI,1.0
Aditya Malik,19,Sri Lanka,Wicketkeeper,29.0,1,2586.0,135.1,0.0,0.0,26.03,RCB,5.0
Vikas Malik,20,West Indies,Allrounder,28.0,1,2410.0,97.5,437.0,5.67,25.91,RCB,1.0
Rahul Sharma,27,South Africa,Allrounder,100.0,4,8003.0,105.6,358.0,5.98,23.1,KKR,1.5
Irfan Khan,32,West Indies,Batter,30.0,2,13353.0,122.6,7.0,6.42,27.22,LSG,5.0
Manoj Sharma,40,England,Allrounder,105.0,5,6174.0,125.2,253.0,6.27,44.16,PBKS,5.0
Rahul Chopra,23,West Indies,Allrounder,15.0,1,4698.0,143.0,487.0,5.14,41.98,GT,7.0
Ankit Verma,33,England,Wicketkeeper,17.0,1,8149.0,99.9,0.0,0.0,50.58,CSK,5.0
Harshit Mehta,25,India,Batter,95.0,6,8772.0,98.7,10.0,9.22,29.69,DC,3.0
Aditya Naidu,38,India,Wicketkeeper,98.0,6,9998.0,143.4,0.0,0.0,46.19,RCB,0.2
Amit Shetty,19,India,Bowler,25.0,1,3823.0,107.6,397.0,4.7,32.97,KKR,1.5
Rohan Sharma,34,Australia,Wicketkeeper,286.0,13,3283.0,124.1,0.0,0.0,41.64,KKR,1.0
Rahul Shetty,38,South Africa,Allrounder,267.0,11,7589.0,122.8,265.0,6.29,46.16,DC,1.0
Karthik Deshmukh,30,England,Bowler,156.0,6,1092.0,110.1,877.5,4.14,44.97,LSG,11.0
Manoj Mehta,20,West Indies,Batter,39.0,2,8262.0,125.7,3.0,9.13,38.62,RCB,1.5
Rohan Naidu,20,South Africa,Allrounder,35.0,2,7150.0,121.8,267.0,5.38,38.64,PBKS,10.0
Aditya Malik,29,South Africa,Batter,155.0,8,13477.0,111.2,1.0,6.85,33.2,DC,3.0
Arjun Shetty,20,India,Allrounder,34.0,2,8452.0,114.3,351.0,5.07,27.4,RCB,7.0
Sandeep Patel,39,England,Batter,317.0,15,9272.0,102.2,1.0,7.15,51.17,KKR,2.0
Ankit Singh,37,India,Wicketkeeper,148.0,5,4755.0,130.6,0.0,0.0,43.77,LSG,3.0
Ankit Kulkarni,34,India,Wicketkeeper,209.0,12,2924.0,142.4,0.0,0.0,37.45,SRH,2.0
Arjun Reddy,41,India,Wicketkeeper,123.0,6,6764.0,100.2,0.0,0.0,38.8,GT,0.5
Nikhil Verma,40,India,Bowler,256.0,15,555.0,139.7,155.0,6.23,35.11,LSG,5.0
Rahul Shetty,32,England,Wicketkeeper,90.0,3,3563.0,102.7,0.0,0.0,29.93,DC,1.0
Irfan Iyer,35,England,Allrounder,280.0,10,3336.0,133.8,102.0,6.27,39.98,RCB,0.2
Harshit Naidu,24,England,Bowler,47.0,2,2344.0,154.2,457.0,5.35,41.2,CSK,5.0
Nikhil Khan,32,India,Bowler,274.0,13,1630.0,101.1,814.0,4.9,25.35,MI,0.5
Harshit Reddy,41,India,Wicketkeeper,272.0,16,7694.0,109.8,0.0,0.0,25.62,PBKS,11.0
Karthik Kulkarni,38,England,Wicketkeeper,53.0,3,11532.0,106.2,0.0,0.0,29.98,GT,11.0
Harshit Iyer,38,West Indies,Bowler,313.0,19,3405.0,148.8,207.0,4.66,22.81,RR,10.0
Sandeep Iyer,34,India,Allrounder,119.0,5,5750.0,119.6,498.0,6.84,54.38,DC,1.5
Vikas Kulkarni,27,Australia,Allrounder,34.0,2,6620.0,118.9,195.0,5.39,53.93,GT,0.2
Arjun Kulkarni,37,India,Batter,357.0,18,13792.0,144.0,10.0,9.03,29.03,RCB,10.0
Rahul Sharma,36,Australia,Batter,50.0,2,6453.0,135.1,13.0,6.6,52.53,PBKS,2.0
Sameer Kulkarni,37,Australia,Wicketkeeper,24.0,1,10412.0,128.4,0.0,0.0,40.01,GT,11.0
Rohan Naidu,25,India,Wicketkeeper,125.0,7,9702.0,111.8,0.0,0.0,46.93,MI,11.0
Vikas Singh,31,India,Wicketkeeper,160.0,8,7731.0,106.2,0.0,0.0,31.33,PBKS,7.0
Sandeep Shetty,41,West Indies,Wicketkeeper,323.0,12,4239.0,120.5,0.0,0.0,37.77,DC,1.0
Rahul Verma,28,India,Wicketkeeper,69.0,4,4086.0,109.5,0.0,0.0,24.02,LSG,1.5
Irfan Mehta,19,India,Wicketkeeper,20.0,1,7864.0,131.6,0.0,0.0,30.1,RR,7.0
Harshit Iyer,36,West Indies,Bowler,284.0,11,2042.0,104.3,395.0,6.21,36.84,LSG,1.0
Manoj Chopra,33,India,Batter,21.0,1,12557.0,98.1,11.0,7.86,31.78,LSG,0.5
Karthik Mehta,19,Australia,Allrounder,15.0,1,8440.0,98.8,95.0,5.47,54.65,LSG,3.0
Aditya Singh,31,England,Allrounder,47.0,3,4781.0,143.6,66.0,6.13,28.91,RR,10.0
Ankit Chopra,36,India,Bowler,467.0,18,2065.0,140.6,541.0,6.59,40.85,SRH,5.0
Irfan Mehta,42,India,Allrounder,335.0,18,2292.0,119.7,241.0,6.65,32.21,PBKS,3.0
Harshit Iyer,29,West Indies,Allrounder,141.0,6,5596.0,144.8,60.0,8.25,53.78,KKR,0.2
Aditya Singh,19,West Indies,Bowler,29.0,1,610.0,138.9,700.0,4.47,52.84,LSG,3.0
Sameer Mehta,34,India,Allrounder,125.0,5,6550.0,99.0,418.0,5.63,45.94,DC,11.0
Aditya Mehta,27,Sri Lanka,Wicketkeeper,92.0,6,8535.0,129.5,0.0,0.0,49.46,SRH,0.5
Nikhil Verma,28,Sri Lanka,Wicketkeeper,38.0,2,11977.0,103.4,0.0,0.0,47.83,CSK,2.0
Nikhil Naidu,36,West Indies,Batter,200.0,8,14815.0,104.8,12.0,6.71,25.75,RCB,10.0
Nikhil Deshmukh,22,India,Batter,30.0,2,10225.0,134.9,10.0,8.85,38.31,MI,5.0
Aditya Yadav,31,West Indies,Wicketkeeper,84.0,3,10226.0,116.5,0.0,0.0,50.7,RR,5.0
Arjun Yadav,41,England,Bowler,51.0,2,1959.0,144.0,618.0,5.49,35.37,GT,5.0
Karthik Khan,30,England,Bowler,159.0,6,1451.0,122.8,772.0,5.43,30.55,GT,1.5
Nikhil Naidu,42,India,Allrounder,473.5,22,6071.0,125.2,192.0,7.62,28.13,KKR,1.0
Aditya Yadav,25,England,Allrounder,75.0,3,4357.0,118.0,326.0,8.15,39.02,LSG,7.0
Rahul Mehta,41,South Africa,Allrounder,236.0,9,8204.0,132.5,216.0,8.17,24.09,GT,7.0
Amit Verma,42,England,Allrounder,131.0,5,6873.0,132.7,171.0,8.29,31.72,MI,10.0
Vikas Malik,41,Australia,Bowler,473.5,16,2302.0,142.6,792.0,4.53,41.7,GT,10.0
Nikhil Deshmukh,26,India,Batter,60.0,3,3831.0,148.6,7.0,7.87,47.6,PBKS,2.0
Rahul Reddy,38,Sri Lanka,Batter,132.0,8,14160.0,113.7,4.0,6.53,28.7,DC,2.0
Pranav Khan,18,Sri Lanka,Wicketkeeper,21.0,1,7206.0,139.6,0.0,0.0,21.17,LSG,7.0
Sameer Shetty,28,India,Batter,143.0,5,14847.0,140.7,1.0,7.99,50.69,MI,5.0
Sameer Khan,23,South Africa,Bowler,110.0,4,2029.0,144.3,270.0,5.3,23.87,CSK,5.0
Amit Verma,41,India,Batter,235.0,10,7662.0,102.6,14.0,8.96,33.91,PBKS,7.0
Sameer Iyer,38,Sri Lanka,Wicketkeeper,409.0,18,5659.0,142.8,0.0,0.0,25.25,GT,10.0
Aditya Naidu,21,India,Bowler,30.0,2,3017.0,138.3,425.0,4.87,45.2,SRH,1.5
Nikhil Malik,27,South Africa,Bowler,92.0,4,1343.0,136.6,168.0,6.44,39.0,RR,1.5
Sandeep Iyer,30,England,Batter,228.0,11,3111.0,115.7,8.0,6.88,26.36,LSG,0.2
Harshit Verma,30,Australia,Wicketkeeper,97.0,4,11886.0,149.5,0.0,0.0,40.42,DC,3.0
Aditya Yadav,18,India,Allrounder,29.0,1,4013.0,122.7,121.0,6.4,53.15,CSK,0.2
Aditya Patel,30,England,Allrounder,322.0,11,3309.0,130.2,152.0,5.54,37.71,SRH,2.0
Karthik Deshmukh,22,England,Bowler,86.0,4,2875.0,96.1,642.0,6.32,50.52,PBKS,3.0
Harshit Yadav,33,India,Bowler,329.0,13,1829.0,128.9,620.0,7.54,44.38,PBKS,1.0
Sameer Mehta,40,India,Batter,320.0,12,11281.0,137.4,6.0,9.23,25.34,MI,3.0
Sandeep Singh,36,Sri Lanka,Bowler,329.0,18,2786.0,131.4,290.0,6.19,34.84,GT,0.2
Rahul Khan,40,Sri Lanka,Wicketkeeper,313.0,19,9929.0,139.2,0.0,0.0,52.7,GT,0.2
Nikhil Sharma,22,Sri Lanka,Wicketkeeper,103.0,4,7549.0,150.5,0.0,0.0,35.78,GT,7.0
Rohan Malik,41,India,Wicketkeeper,17.0,1,3242.0,101.8,0.0,0.0,54.47,CSK,1.5
Arjun Sharma,31,Sri Lanka,Batter,94.0,6,7703.0,102.5,13.0,8.94,52.23,MI,0.5
Ankit Khan,23,Sri Lanka,Wicketkeeper,57.0,2,8684.0,147.2,0.0,0.0,38.16,RR,3.0
Pranav Malik,30,India,Bowler,35.0,2,2200.0,118.9,482.0,6.25,21.92,DC,7.0
Irfan Sharma,34,Australia,Bowler,134.0,5,2758.0,143.2,816.0,5.27,20.16,CSK,0.5
Irfan Yadav,35,Sri Lanka,Wicketkeeper,298.0,14,5041.0,115.0,0.0,0.0,33.94,KKR,3.0
Amit Shetty,26,India,Batter,75.0,4,6376.0,150.2,2.0,7.88,32.12,RR,0.2
Karthik Mehta,21,India,Batter,47.0,3,9590.0,139.3,14.0,7.21,35.83,CSK,0.2
Harshit Malik,25,India,Bowler,139.0,5,1184.0,122.1,319.0,4.85,24.93,CSK,3.0
Nikhil Mehta,41,India,Allrounder,439.0,19,8678.0,124.9,113.0,5.62,34.66,DC,3.0
Manoj Verma,39,India,Bowler,344.0,17,2564.0,116.7,775.0,7.48,40.32,SRH,3.0
Amit Singh,31,West Indies,Wicketkeeper,216.0,9,9321.0,132.9,0.0,0.0,20.46,RR,5.0
Manoj Iyer,31,Sri Lanka,Allrounder,60.0,3,8457.0,105.7,155.0,7.32,53.64,GT,11.0
Sameer Sharma,27,South Africa,Wicketkeeper,71.0,3,11630.0,103.9,0.0,0.0,34.51,GT,2.0
Vikas Verma,34,England,Wicketkeeper,85.0,5,9869.0,100.1,0.0,0.0,54.89,KKR,1.5
Amit Verma,29,India,Bowler,57.0,2,298.0,130.7,272.0,5.91,22.35,RR,7.0
Karthik Yadav,42,Australia,Bowler,292.0,19,867.0,107.6,274.0,6.85,51.43,DC,1.0
Sameer Yadav,41,India,Wicketkeeper,85.0,4,6421.0,107.3,0.0,0.0,26.67,PBKS,2.0
Manoj Naidu,35,England,Allrounder,243.0,11,3642.0,123.3,224.0,5.13,39.77,GT,0.2
Rahul Shetty,34,England,Wicketkeeper,473.5,16,5828.0,98.9,0.0,0.0,47.14,LSG,0.2
Amit Mehta,29,India,Wicketkeeper,92.0,6,6772.0,122.2,0.0,0.0,38.35,KKR,11.0
Sandeep Yadav,35,India,Allrounder,307.0,14,6167.0,119.0,466.0,6.54,39.59,DC,7.0
Rohan Shetty,25,Sri Lanka,Allrounder,89.0,4,2878.0,105.9,415.0,5.54,50.16,LSG,5.0
Aditya Chopra,29,India,Bowler,79.0,3,2628.0,117.4,140.0,7.6,29.48,LSG,2.0
Irfan Kulkarni,34,India,Batter,43.0,2,5252.0,119.5,7.0,8.25,20.89,CSK,0.5
Vikas Chopra,20,England,Batter,16.0,1,13122.0,138.0,15.0,6.55,43.06,LSG,0.5
Amit Chopra,39,South Africa,Batter,243.0,16,3274.0,108.3,8.0,6.09,28.09,GT,1.0
Arjun Malik,35,India,Batter,177.0,10,4578.0,96.2,4.0,8.35,23.64,RR,3.0
Irfan Singh,25,South Africa,Allrounder,32.0,2,4556.0,105.7,247.0,7.8,42.85,SRH,5.0
Aditya Yadav,32,India,Bowler,158.0,10,382.0,101.0,495.0,4.91,28.51,SRH,5.0
Amit Kulkarni,30,India,Wicketkeeper,115.0,7,10689.0,138.3,0.0,0.0,49.95,CSK,1.0
Nikhil Malik,31,West Indies,Allrounder,175.0,11,3382.0,118.8,148.0,7.91,43.38,MI,11.0
Rohan Sharma,40,Australia,Wicketkeeper,473.5,19,11732.0,107.3,0.0,0.0,30.26,MI,5.0
Sameer Malik,39,India,Bowler,60.0,2,848.0,95.8,681.0,7.41,22.99,DC,3.0
Rohan Iyer,22,India,Batter,96.0,4,9375.0,96.6,10.0,6.73,26.35,PBKS,3.0
Harshit Deshmukh,30,West Indies,Bowler,268.0,12,219.0,120.3,180.0,6.22,51.24,MI,2.0
Ankit Mehta,31,South Africa,Batter,109.0,4,8347.0,115.5,0.0,8.86,29.08,PBKS,1.0
Karthik Yadav,38,West Indies,Wicketkeeper,231.0,9,9575.0,117.8,0.0,0.0,40.66,DC,1.5
Rahul Shetty,23,Australia,Wicketkeeper,106.0,5,3704.0,111.1,0.0,0.0,41.85,PBKS,5.0
Manoj Deshmukh,20,South Africa,Bowler,40.0,2,1477.0,128.1,189.0,5.56,35.26,RCB,0.2
Karthik Singh,20,India,Allrounder,19.0,1,2215.0,151.9,135.0,6.03,46.73,SRH,0.2
Rahul Sharma,31,England,Wicketkeeper,190.0,8,4024.0,103.4,0.0,0.0,50.4,MI,0.2
Amit Verma,37,South Africa,Wicketkeeper,186.0,11,11667.0,124.2,0.0,0.0,51.31,RR,0.2
Pranav Reddy,25,India,Bowler,109.0,5,1233.0,120.5,354.0,7.04,20.79,RCB,7.0
Sandeep Reddy,33,South Africa,Batter,64.0,3,10933.0,127.5,2.0,6.94,42.17,SRH,5.0
Aditya Kulkarni,29,India,Bowler,133.0,5,438.0,103.4,218.0,4.98,49.22,LSG,2.0
Ankit Malik,27,South Africa,Wicketkeeper,25.0,1,9712.0,154.1,0.0,0.0,38.4,PBKS,0.2
Rohan Singh,28,India,Bowler,166.0,7,1286.0,111.3,261.0,4.65,20.64,PBKS,2.0
Aditya Deshmukh,30,India,Allrounder,131.0,6,4580.0,102.1,183.0,8.2,40.18,LSG,2.0
Sameer Mehta,30,West Indies,Batter,113.0,6,14169.0,128.3,0.0,6.96,42.8,KKR,0.5
Karthik Shetty,41,India,Bowler,434.0,15,3472.0,107.4,877.5,7.15,20.38,SRH,2.0
Sandeep Kulkarni,31,India,Wicketkeeper,229.0,11,5025.0,103.2,0.0,0.0,51.5,SRH,1.5
Rahul Naidu,40,Sri Lanka,Wicketkeeper,359.0,14,9066.0,147.4,0.0,0.0,40.91,PBKS,3.0
Arjun Sharma,35,West Indies,Wicketkeeper,298.0,17,4291.0,131.0,0.0,0.0,43.28,DC,3.0
Sandeep Kulkarni,42,India,Allrounder,192.0,8,6784.0,149.9,386.0,5.61,34.66,PBKS,0.2
Harshit Reddy,38,India,Allrounder,220.0,13,3619.0,126.1,153.0,6.34,21.64,MI,1.5
Ankit Reddy,34,West Indies,Wicketkeeper,139.0,8,8151.0,105.0,0.0,0.0,45.83,LSG,3.0
Rohan Reddy,18,India,Batter,19.0,1,8707.0,131.2,9.0,6.29,28.59,MI,2.0
Arjun Naidu,28,Sri Lanka,Bowler,132.0,8,1794.0,112.3,819.0,5.48,32.45,DC,7.0
Rahul Verma,40,India,Allrounder,230.0,15,8456.0,112.8,215.0,7.52,39.82,CSK,5.0
Sameer Deshmukh,38,West Indies,Bowler,71.0,4,2260.0,134.8,243.0,5.81,52.79,KKR,0.5
Karthik Yadav,28,India,Wicketkeeper,182.0,9,9580.0,139.0,0.0,0.0,27.52,RR,0.2
Karthik Mehta,30,South Africa,Bowler,15.0,1,2886.0,110.7,299.0,4.12,40.83,RR,5.0
Nikhil Patel,24,India,Batter,68.0,3,8340.0,124.8,6.0,6.18,40.89,GT,0.2
Pranav Malik,32,West Indies,Allrounder,60.0,2,6735.0,141.3,200.0,6.17,23.73,LSG,3.0
Nikhil Patel,37,England,Wicketkeeper,312.0,13,5326.0,99.5,0.0,0.0,45.49,DC,11.0
Pranav Iyer,39,India,Batter,211.0,10,8003.0,136.3,3.0,7.73,35.22,DC,3.0
Arjun Reddy,23,India,Bowler,81.0,3,1571.0,144.1,513.0,4.94,47.98,RR,1.5
Arjun Iyer,23,Australia,Bowler,68.0,4,766.0,111.3,402.0,6.64,40.66,LSG,5.0
Irfan Singh,32,Sri Lanka,Batter,184.0,10,6196.0,100.5,12.0,7.26,52.11,CSK,2.0
Manoj Kulkarni,35,South Africa,Wicketkeeper,473.5,17,10506.0,103.2,0.0,0.0,53.26,LSG,3.0
Harshit Shetty,23,Australia,Batter,16.0,1,7503.0,106.1,7.0,7.56,38.97,KKR,11.0
Harshit Naidu,35,Sri Lanka,Bowler,290.0,10,2092.0,138.9,195.0,7.32,48.23,PBKS,1.5
Harshit Chopra,36,West Indies,Allrounder,112.0,4,7699.0,136.5,61.0,7.31,49.72,DC,11.0
Arjun Yadav,42,India,Wicketkeeper,473.5,22,6555.0,110.0,0.0,0.0,37.13,RR,10.0
Rohan Singh,27,Sri Lanka,Wicketkeeper,18.0,1,6382.0,108.3,0.0,0.0,54.57,MI,0.5
Irfan Deshmukh,24,South Africa,Allrounder,111.0,6,6547.0,97.4,111.0,8.3,44.7,PBKS,0.2
Nikhil Singh,24,Australia,Batter,49.0,2,11827.0,105.8,5.0,9.24,39.88,GT,0.2
Nikhil Verma,28,India,Allrounder,92.0,5,7644.0,97.0,442.0,8.2,44.41,GT,0.2
Irfan Kulkarni,31,India,Allrounder,22.0,1,2698.0,150.5,404.0,6.04,53.99,RCB,0.2
Karthik Iyer,28,Australia,Wicketkeeper,100.0,4,9286.0,151.7,0.0,0.0,36.6,PBKS,5.0
Pranav Shetty,30,South Africa,Batter,185.0,8,7558.0,145.7,11.0,9.02,31.17,MI,0.2
Nikhil Sharma,32,Sri Lanka,Allrounder,201.0,8,6940.0,97.2,397.0,7.9,40.87,MI,1.0
Vikas Reddy,29,Sri Lanka,Wicketkeeper,38.0,2,7789.0,108.8,0.0,0.0,24.22,KKR,7.0
Nikhil Malik,27,England,Bowler,177.0,6,3122.0,136.8,129.0,4.29,31.9,LSG,0.2
Amit Patel,19,Sri Lanka,Wicketkeeper,29.0,1,2511.0,138.5,0.0,0.0,22.29,RCB,7.0
Sameer Kulkarni,31,India,Bowler,115.0,4,3820.0,127.4,360.0,5.2,47.68,SRH,1.0
Rahul Singh,20,India,Allrounder,42.0,2,6624.0,132.6,196.0,6.12,51.01,RCB,0.2
Manoj Kulkarni,41,India,Bowler,345.0,22,874.0,109.0,568.0,6.34,20.85,MI,5.0
Arjun Kulkarni,20,India,Bowler,15.0,1,2849.0,96.3,431.0,7.31,50.61,LSG,3.0
Karthik Patel,21,South Africa,Bowler,32.0,2,2993.0,151.3,184.0,6.01,47.96,KKR,10.0
Sameer Verma,21,South Africa,Allrounder,54.0,2,8163.0,116.0,425.0,8.49,46.85,RCB,5.0
Arjun Mehta,22,India,Batter,44.0,2,8753.0,123.8,6.0,7.41,41.96,CSK,7.0
Nikhil Kulkarni,38,India,Wicketkeeper,86.0,5,4146.0,147.4,0.0,0.0,54.44,LSG,1.0
Ankit Reddy,22,India,Wicketkeeper,22.0,1,7037.0,141.1,0.0,0.0,34.62,DC,0.5
Arjun Mehta,38,Australia,Bowler,89.0,3,109.0,139.3,754.0,5.6,28.36,PBKS,5.0
Aditya Reddy,27,India,Bowler,110.0,4,3677.0,116.3,877.5,4.42,30.05,SRH,7.0
Rahul Yadav,25,India,Wicketkeeper,93.0,4,2697.0,112.8,0.0,0.0,28.18,LSG,11.0
Manoj Malik,29,South Africa,Bowler,136.0,6,2237.0,96.1,779.0,4.16,54.57,PBKS,2.0
Amit Mehta,23,India,Batter,76.0,4,6534.0,118.1,1.0,7.5,43.79,MI,1.5
Pranav Deshmukh,19,South Africa,Allrounder,28.0,1,7249.0,152.0,245.0,5.76,47.52,GT,7.0
Rahul Verma,20,West Indies,Allrounder,21.0,1,8119.0,120.1,119.0,5.31,50.77,MI,1.5
Nikhil Kulkarni,35,Australia,Wicketkeeper,276.0,11,6409.0,151.7,0.0,0.0,36.36,MI,10.0
Sameer Reddy,19,Sri Lanka,Batter,16.0,1,8067.0,105.0,5.0,8.15,54.69,MI,7.0
Aditya Sharma,21,Sri Lanka,Bowler,26.0,1,2142.0,151.6,609.0,4.88,42.74,RCB,2.0
Ankit Iyer,41,India,Bowler,142.0,9,1372.0,125.8,519.0,6.31,28.07,SRH,5.0
Aditya Mehta,26,Sri Lanka,Allrounder,44.0,2,5684.0,108.2,224.0,5.62,26.53,MI,5.0
Ankit Iyer,19,India,Bowler,18.0,1,935.0,116.0,838.0,6.96,22.02,SRH,0.2
Irfan Malik,34,India,Batter,16.0,1,10729.0,148.0,11.0,9.39,52.47,CSK,10.0
Sameer Malik,30,West Indies,Bowler,90.0,3,3033.0,105.4,751.0,7.78,33.87,CSK,2.0
Vikas Reddy,31,Australia,Allrounder,112.0,4,2138.0,136.8,332.0,7.65,25.39,DC,7.0
Sandeep Yadav,29,India,Batter,60.0,2,9568.0,108.5,2.0,8.86,27.83,GT,1.5
Harshit Malik,32,England,Allrounder,232.0,14,6030.0,130.6,273.0,6.88,40.3,SRH,10.0
Rohan Mehta,18,India,Bowler,29.0,1,1508.0,147.6,685.0,4.35,29.3,SRH,1.5
Aditya Khan,33,India,Bowler,233.0,13,26.0,148.3,499.0,4.49,53.45,GT,0.2
Pranav Malik,18,England,Allrounder,15.0,1,7717.0,143.6,376.0,8.02,42.93,CSK,10.0
Rahul Yadav,30,India,Allrounder,287.0,12,5530.0,100.2,70.0,6.93,34.3,GT,0.2
Amit Khan,22,West Indies,Batter,71.0,3,14482.0,110.6,11.0,7.3,45.32,KKR,1.0
Nikhil Patel,32,India,Batter,343.0,12,9461.0,99.9,2.0,7.74,27.71,GT,11.0
Pranav Iyer,36,Australia,Wicketkeeper,38.0,2,7661.0,136.0,0.0,0.0,22.66,KKR,11.0
Ankit Naidu,30,India,Allrounder,199.0,12,3160.0,124.7,109.0,7.98,36.82,SRH,3.0
Sandeep Patel,42,Sri Lanka,Batter,473.5,19,8145.0,144.5,13.0,8.07,32.17,RCB,3.0
Harshit Yadav,21,Australia,Allrounder,74.0,3,3670.0,128.9,476.0,7.37,29.35,LSG,2.0
Harshit Kulkarni,21,India,Bowler,21.0,1,3423.0,142.8,415.0,7.34,43.05,SRH,1.0
Ankit Reddy,22,India,Bowler,24.0,1,1065.0,147.0,258.0,7.23,44.79,GT,1.5
Arjun Deshmukh,18,India,Wicketkeeper,18.0,1,10070.0,145.2,0.0,0.0,44.41,GT,5.0
Amit Sharma,21,India,Batter,21.0,1,9563.0,132.1,11.0,8.38,46.35,KKR,5.0
Nikhil Mehta,39,India,Batter,326.0,21,4056.0,147.9,6.0,6.56,50.51,SRH,7.0
Rahul Khan,38,India,Bowler,235.0,15,3859.0,144.5,552.0,4.11,24.51,DC,7.0
Irfan Deshmukh,19,Sri Lanka,Wicketkeeper,15.0,1,8770.0,115.1,0.0,0.0,46.02,RR,0.2
Ankit Yadav,39,Australia,Bowler,281.0,14,1826.0,144.1,232.0,4.61,49.12,RCB,2.0
Karthik Reddy,19,Sri Lanka,Allrounder,16.0,1,2218.0,95.4,183.0,6.78,30.05,GT,0.2
Vikas Kulkarni,30,India,Wicketkeeper,85.0,3,11407.0,132.0,0.0,0.0,54.34,GT,3.0
Karthik Chopra,18,England,Allrounder,25.0,1,4681.0,110.6,178.0,7.21,42.19,LSG,2.0
Nikhil Yadav,23,Australia,Allrounder,16.0,1,8124.0,141.8,281.0,6.89,23.74,CSK,10.0
Sandeep Patel,34,India,Bowler,248.0,12,2185.0,127.5,877.5,6.89,53.7,KKR,1.5
Nikhil Malik,41,England,Bowler,59.0,2,3437.0,133.0,257.0,5.3,52.62,RR,0.2
Harshit Deshmukh,23,India,Allrounder,52.0,2,7238.0,151.2,220.0,5.36,44.08,DC,0.5
Irfan Shetty,36,West Indies,Bowler,114.0,5,719.0,113.1,582.0,4.26,44.79,LSG,7.0
Vikas Mehta,19,India,Batter,30.0,1,3011.0,129.9,10.0,6.24,32.11,KKR,3.0
Ankit Deshmukh,37,England,Bowler,112.0,7,89.0,97.7,231.0,6.36,50.5,RCB,0.2
Irfan Chopra,36,India,Batter,122.0,5,14543.0,153.1,12.0,9.41,46.24,DC,0.2
Rohan Singh,36,India,Allrounder,106.0,4,5078.0,140.5,445.0,5.46,20.86,RCB,5.0
Sandeep Deshmukh,38,England,Allrounder,297.0,16,6952.0,114.4,341.0,5.08,37.1,GT,0.2
Aditya Deshmukh,23,India,Allrounder,71.0,4,7470.0,136.0,40.0,7.7,35.61,SRH,7.0
Irfan Shetty,40,India,Wicketkeeper,378.0,19,7713.0,111.4,0.0,0.0,54.9,PBKS,5.0
Sameer Naidu,37,England,Batter,215.0,8,4274.0,122.1,7.0,7.49,25.73,RCB,0.2
Pranav Khan,29,England,Bowler,147.0,6,46.0,136.6,351.0,7.02,27.73,MI,0.2
Ankit Verma,24,India,Batter,31.0,2,9323.0,135.8,14.0,6.29,42.91,MI,11.0
Sameer Reddy,41,South Africa,Bowler,299.0,14,2236.0,152.1,464.0,5.04,25.29,LSG,1.5
Sandeep Naidu,21,India,Bowler,39.0,2,82.0,151.6,406.0,5.64,34.69,MI,1.5
Ankit Iyer,26,India,Batter,53.0,2,4228.0,118.9,2.0,8.23,29.6,RR,7.0
Aditya Sharma,28,India,Wicketkeeper,261.0,10,5073.0,154.0,0.0,0.0,34.33,RR,11.0
Vikas Yadav,19,West Indies,Allrounder,23.0,1,6911.0,108.8,184.0,8.13,27.46,RR,11.0
Amit Reddy,27,West Indies,Batter,113.0,4,11043.0,134.1,4.0,6.11,32.9,PBKS,5.0
Manoj Patel,19,Sri Lanka,Batter,21.0,1,4589.0,123.4,0.0,9.03,53.89,SRH,1.5
Rahul Naidu,24,Australia,Allrounder,55.0,2,4756.0,147.1,281.0,5.65,47.18,MI,0.2
Rahul Kulkarni,33,South Africa,Allrounder,272.0,15,4539.0,145.7,493.0,7.7,46.64,GT,7.0
Karthik Sharma,30,Sri Lanka,Bowler,149.0,6,1078.0,102.9,311.0,6.38,21.14,SRH,3.0
Harshit Deshmukh,26,India,Bowler,26.0,1,3310.0,132.0,634.0,7.5,47.88,MI,2.0
Arjun Sharma,31,West Indies,Bowler,302.0,13,3955.0,102.0,628.0,5.83,24.38,RR,10.0
Karthik Verma,39,South Africa,Bowler,471.0,16,3497.0,120.8,811.0,6.61,27.02,MI,0.2
Harshit Naidu,19,India,Batter,21.0,1,6157.0,98.9,4.0,7.72,40.37,RCB,2.0
Pranav Reddy,19,India,Batter,23.0,1,8238.0,142.9,2.0,6.94,30.86,KKR,0.2
Arjun Singh,20,West Indies,Wicketkeeper,44.0,2,2702.0,122.3,0.0,0.0,20.41,SRH,2.0
Rahul Reddy,40,India,Wicketkeeper,473.5,20,4141.0,99.3,0.0,0.0,33.74,RCB,0.2
Harshit Verma,21,England,Batter,71.0,3,7327.0,131.0,12.0,7.68,30.21,GT,0.2
Amit Iyer,38,South Africa,Wicketkeeper,276.0,16,9081.0,136.7,0.0,0.0,50.1,SRH,0.2
Aditya Yadav,19,Sri Lanka,Allrounder,23.0,1,8848.0,97.4,230.0,7.73,36.82,CSK,5.0
Rohan Verma,18,India,Allrounder,22.0,1,2600.0,109.5,193.0,5.37,54.53,LSG,5.0
Rohan Deshmukh,41,India,Allrounder,273.0,15,5118.0,124.9,148.0,5.5,41.64,RR,3.0
Harshit Chopra,31,India,Wicketkeeper,311.0,12,5104.0,137.1,0.0,0.0,39.59,DC,11.0
Sandeep Shetty,20,India,Wicketkeeper,35.0,2,5658.0,95.6,0.0,0.0,31.43,GT,1.5
Amit Naidu,24,England,Bowler,21.0,1,1122.0,100.3,457.0,5.97,32.27,CSK,1.0
Pranav Khan,32,India,Wicketkeeper,196.0,9,8602.0,97.0,0.0,0.0,22.75,MI,10.0
Sandeep Malik,33,West Indies,Wicketkeeper,239.0,10,8140.0,118.8,0.0,0.0,24.65,LSG,1.0
Rohan Sharma,23,India,Batter,55.0,3,12375.0,136.4,6.0,7.99,48.02,RR,11.0
Pranav Yadav,25,South Africa,Bowler,155.0,6,82.0,105.0,877.5,4.76,23.66,SRH,0.2
Karthik Khan,42,India,Batter,473.5,22,3138.0,137.4,7.0,8.23,21.11,RCB,11.0
Manoj Khan,26,England,Allrounder,133.0,5,3564.0,98.1,151.0,8.28,38.95,RR,0.2
Nikhil Patel,32,West Indies,Wicketkeeper,122.0,5,11698.0,137.5,0.0,0.0,50.48,CSK,10.0
Rohan Kulkarni,38,Sri Lanka,Allrounder,332.0,20,4254.0,143.1,181.0,7.5,31.88,MI,3.0
Rohan Kulkarni,38,India,Allrounder,203.0,11,5737.0,99.8,431.0,7.85,51.32,SRH,11.0
Pranav Singh,25,India,Wicketkeeper,30.0,1,7343.0,127.9,0.0,0.0,48.61,RCB,0.2
Manoj Deshmukh,26,India,Wicketkeeper,148.0,7,6143.0,122.1,0.0,0.0,42.53,CSK,3.0
Sameer Kulkarni,39,West Indies,Wicketkeeper,423.0,18,5285.0,126.6,0.0,0.0,45.61,DC,11.0
Rohan Patel,39,India,Bowler,402.0,18,2970.0,98.6,652.0,4.31,28.65,LSG,3.0
Pranav Patel,42,England,Allrounder,118.0,6,7596.0,147.3,486.0,5.56,27.67,KKR,3.0
Ankit Verma,27,Australia,Allrounder,164.0,7,8473.0,115.2,100.0,8.42,26.37,PBKS,5.0
Karthik Khan,33,West Indies,Batter,18.0,1,14152.0,134.5,12.0,8.76,37.44,KKR,2.0
Amit Malik,34,India,Wicketkeeper,201.0,10,8114.0,128.3,0.0,0.0,45.17,RCB,3.0
Sandeep Singh,31,India,Wicketkeeper,274.0,10,7949.0,108.7,0.0,0.0,54.87,RCB,3.0
Pranav Sharma,38,Sri Lanka,Allrounder,125.0,6,3215.0,134.0,429.0,8.41,26.98,CSK,10.0
Karthik Shetty,42,India,Bowler,168.0,6,1776.0,99.3,728.0,6.58,21.07,MI,0.2
Karthik Reddy,31,India,Wicketkeeper,173.0,7,5767.0,110.5,0.0,0.0,36.19,CSK,1.0
Sameer Singh,41,India,Batter,184.0,12,14087.0,138.6,0.0,9.04,45.99,GT,11.0
Aditya Khan,38,Australia,Bowler,136.0,8,420.0,115.8,472.0,5.62,32.99,DC,10.0
Rahul Malik,34,Australia,Bowler,224.0,10,1867.0,97.4,825.0,7.75,50.35,CSK,2.0
Sameer Kulkarni,34,England,Wicketkeeper,290.0,11,8385.0,129.7,0.0,0.0,35.35,RCB,3.0
Sameer Khan,42,India,Bowler,134.0,7,918.0,124.2,824.0,6.76,50.57,RR,1.0
Nikhil Chopra,22,India,Batter,41.0,2,14650.0,120.3,1.0,9.15,29.69,RCB,0.5
Harshit Chopra,30,India,Allrounder,317.0,11,1892.0,149.7,378.0,7.07,27.37,PBKS,2.0
Amit Deshmukh,21,South Africa,Batter,73.0,3,9230.0,132.9,3.0,8.18,45.66,MI,1.5
Aditya Iyer,35,India,Wicketkeeper,212.0,9,9395.0,102.9,0.0,0.0,45.05,KKR,3.0
Nikhil Mehta,39,South Africa,Allrounder,113.0,4,8861.0,105.8,93.0,8.18,28.31,RCB,0.2
Rahul Shetty,34,Sri Lanka,Allrounder,72.0,4,6488.0,105.9,142.0,8.4,49.9,MI,11.0
Ankit Deshmukh,42,Australia,Bowler,176.0,9,161.0,109.8,641.0,5.87,50.48,RR,11.0
Aditya Khan,33,England,Bowler,285.0,15,11.0,125.9,93.0,5.69,32.57,LSG,5.0
Irfan Mehta,39,India,Batter,50.0,3,11383.0,104.8,2.0,8.08,33.69,LSG,3.0
Pranav Yadav,41,Australia,Allrounder,76.0,4,5303.0,110.5,65.0,8.39,42.99,LSG,1.0
Irfan Verma,21,England,Batter,28.0,1,4898.0,141.4,3.0,7.14,24.58,DC,7.0
Irfan Iyer,42,England,Batter,41.0,2,10171.0,122.2,8.0,9.39,28.26,RCB,5.0
Irfan Singh,41,India,Allrounder,70.0,3,4778.0,105.2,273.0,5.26,38.19,RCB,0.5
Harshit Reddy,26,India,Wicketkeeper,121.0,7,3460.0,115.2,0.0,0.0,49.01,RCB,10.0
Sameer Mehta,23,Sri Lanka,Wicketkeeper,20.0,1,8721.0,120.9,0.0,0.0,28.7,LSG,7.0
Irfan Kulkarni,42,Sri Lanka,Batter,304.0,12,4850.0,137.4,13.0,8.16,25.85,RCB,11.0
Rohan Kulkarni,32,India,Batter,22.0,1,13974.0,97.2,10.0,6.59,45.77,DC,5.0
Pranav Deshmukh,34,Sri Lanka,Wicketkeeper,82.0,4,8805.0,134.8,0.0,0.0,36.61,KKR,3.0
Pranav Khan,22,West Indies,Batter,30.0,1,11123.0,143.3,5.0,8.95,40.49,RCB,2.0
Vikas Singh,20,India,Allrounder,46.0,2,3324.0,107.4,321.0,8.04,23.92,SRH,10.0
Irfan Yadav,38,Sri Lanka,Wicketkeeper,308.0,13,11888.0,111.2,0.0,0.0,22.0,MI,10.0
Karthik Singh,32,Sri Lanka,Wicketkeeper,53.0,2,2791.0,126.9,0.0,0.0,52.78,MI,0.2
Amit Chopra,21,India,Wicketkeeper,56.0,2,3989.0,97.4,0.0,0.0,24.27,GT,0.2
Pranav Kulkarni,37,England,Bowler,243.0,10,3380.0,151.0,135.0,5.72,31.07,LSG,1.5
Ankit Chopra,25,Sri Lanka,Wicketkeeper,196.0,7,8452.0,125.4,0.0,0.0,21.46,PBKS,7.0
Rahul Shetty,40,India,Batter,312.0,15,8818.0,154.2,9.0,6.52,53.78,KKR,11.0
Aditya Patel,35,India,Allrounder,473.5,17,2650.0,152.1,460.0,5.02,42.37,CSK,0.5
Rohan Mehta,40,India,Batter,240.0,14,9437.0,122.3,6.0,9.04,38.05,KKR,3.0
Aditya Singh,32,South Africa,Bowler,221.0,14,3795.0,135.0,728.0,5.86,24.89,MI,1.5
Harshit Khan,39,Sri Lanka,Batter,473.5,19,5205.0,113.5,15.0,6.1,44.66,LSG,11.0
Irfan Mehta,18,West Indies,Wicketkeeper,20.0,1,11979.0,107.1,0.0,0.0,43.57,LSG,7.0
Manoj Kulkarni,23,England,Batter,46.0,2,9302.0,100.6,13.0,9.39,43.54,PBKS,7.0
Manoj Singh,37,Sri Lanka,Allrounder,223.0,8,2592.0,147.1,110.0,6.55,26.2,SRH,2.0
Irfan Deshmukh,31,England,Allrounder,291.0,10,6682.0,145.3,151.0,7.42,53.06,GT,2.0
Pranav Singh,24,India,Allrounder,46.0,2,5944.0,124.8,395.0,7.39,41.62,RCB,1.0
Harshit Singh,38,Sri Lanka,Batter,314.0,11,12349.0,129.2,13.0,9.04,21.06,GT,0.2
Sameer Malik,39,India,Allrounder,473.5,18,2372.0,136.4,52.0,8.26,43.68,RR,10.0
Pranav Sharma,30,Australia,Batter,55.0,3,7695.0,134.5,8.0,6.75,33.79,KKR,7.0
Vikas Shetty,22,India,Allrounder,26.0,1,8168.0,101.4,271.0,7.28,43.02,GT,11.0
Aditya Kulkarni,21,South Africa,Bowler,60.0,3,2092.0,97.9,877.5,7.8,54.2,GT,11.0
Sameer Reddy,40,South Africa,Batter,230.0,10,12046.0,147.2,1.0,7.42,47.38,RR,3.0
Nikhil Malik,18,India,Bowler,26.0,1,3092.0,139.3,682.0,6.15,50.75,LSG,7.0
Rohan Naidu,35,India,Bowler,128.0,7,3942.0,114.6,257.0,5.54,43.37,RCB,11.0
Manoj Sharma,41,Australia,Batter,390.0,17,5131.0,140.7,5.0,8.83,47.92,RR,7.0
Ankit Naidu,36,India,Batter,174.0,9,8285.0,144.1,1.0,7.52,24.21,RCB,1.0
Karthik Shetty,42,West Indies,Allrounder,473.5,21,2097.0,95.3,441.0,6.91,31.36,PBKS,2.0
Sandeep Chopra,40,West Indies,Bowler,205.0,11,1703.0,118.8,636.0,5.39,44.34,MI,0.5
Ankit Yadav,35,England,Batter,279.0,13,8911.0,121.9,9.0,7.36,28.31,KKR,11.0
Arjun Malik,24,India,Wicketkeeper,119.0,5,9801.0,117.4,0.0,0.0,27.95,CSK,3.0
Amit Kulkarni,25,South Africa,Bowler,104.0,6,1580.0,131.2,342.0,4.28,43.39,DC,1.0
Sameer Chopra,35,West Indies,Batter,280.0,10,10300.0,122.8,15.0,8.17,33.29,DC,5.0
Ankit Chopra,19,India,Bowler,20.0,1,3979.0,126.1,871.0,7.28,36.77,MI,3.0
Vikas Kulkarni,35,South Africa,Batter,18.0,1,6368.0,115.5,13.0,6.09,33.31,KKR,1.5
Amit Naidu,38,India,Bowler,50.0,3,300.0,129.8,135.0,5.52,38.68,DC,0.2
Nikhil Malik,23,Australia,Batter,71.0,3,9357.0,140.9,14.0,8.13,48.45,KKR,5.0
Ankit Sharma,38,India,Wicketkeeper,331.0,13,2596.0,138.1,0.0,0.0,53.44,RR,3.0
Harshit Deshmukh,38,India,Batter,337.0,20,8860.0,106.7,3.0,6.06,20.26,PBKS,7.0
Rohan Shetty,27,South Africa,Batter,125.0,5,13825.0,148.9,0.0,8.27,28.52,LSG,3.0
Sandeep Deshmukh,33,West Indies,Bowler,63.0,3,3932.0,98.6,729.0,7.52,52.71,RR,7.0
Amit Chopra,22,India,Allrounder,52.0,3,1842.0,101.1,42.0,6.23,37.01,GT,3.0
Rohan Yadav,36,India,Batter,300.0,13,13582.0,112.1,4.0,6.9,30.76,DC,3.0
Nikhil Malik,23,India,Bowler,33.0,2,742.0,127.3,767.0,7.05,30.9,SRH,10.0
Pranav Chopra,36,Australia,Wicketkeeper,51.0,2,3603.0,131.6,0.0,0.0,45.07,MI,2.0
Aditya Mehta,26,England,Bowler,41.0,2,525.0,119.8,767.0,5.04,24.27,LSG,0.5
Rohan Mehta,38,India,Batter,160.0,8,10960.0,135.9,14.0,6.63,26.35,MI,0.2
Aditya Mehta,28,England,Allrounder,230.0,10,5008.0,137.5,126.0,6.84,23.74,RCB,5.0
Harshit Yadav,18,Australia,Bowler,26.0,1,550.0,110.4,775.0,6.16,53.7,RR,3.0
Karthik Naidu,41,Australia,Wicketkeeper,289.0,11,11538.0,124.0,0.0,0.0,48.21,DC,5.0
Irfan Verma,21,West Indies,Batter,21.0,1,7312.0,97.6,2.0,7.93,42.16,RCB,0.5
Irfan Chopra,41,South Africa,Batter,82.0,3,6485.0,131.1,1.0,9.33,48.67,CSK,0.5
Pranav Shetty,35,England,Wicketkeeper,235.0,9,6158.0,148.1,0.0,0.0,27.98,RCB,0.2
Sandeep Naidu,42,West Indies,Allrounder,331.0,19,4750.0,131.7,226.0,5.74,34.39,GT,1.5
Irfan Shetty,34,India,Bowler,19.0,1,1827.0,149.0,243.0,7.19,32.37,PBKS,3.0
Aditya Deshmukh,23,England,Bowler,80.0,5,896.0,141.8,859.0,4.9,29.62,LSG,1.5
Rohan Singh,33,India,Batter,102.0,4,6387.0,120.4,11.0,8.88,43.36,KKR,2.0
Sameer Sharma,30,England,Wicketkeeper,133.0,8,11042.0,100.7,0.0,0.0,41.84,CSK,10.0
Nikhil Chopra,38,India,Allrounder,231.0,9,6854.0,130.2,233.0,6.58,25.88,PBKS,1.5
Arjun Verma,29,India,Batter,282.0,10,9649.0,146.8,11.0,8.58,27.59,RR,2.0
Sameer Mehta,29,West Indies,Wicketkeeper,232.0,8,4776.0,100.7,0.0,0.0,20.83,CSK,7.0
Rahul Chopra,32,India,Bowler,54.0,3,765.0,131.4,241.0,6.44,39.13,SRH,1.5
Pranav Yadav,29,England,Batter,179.0,10,10889.0,118.5,15.0,6.81,40.81,RR,3.0
Pranav Malik,33,India,Bowler,75.0,4,176.0,154.3,210.0,5.89,24.78,RR,10.0
Pranav Chopra,36,India,Bowler,97.0,6,681.0,119.3,344.0,6.64,34.99,CSK,11.0
Nikhil Mehta,23,Australia,Wicketkeeper,85.0,5,6048.0,138.1,0.0,0.0,44.24,CSK,0.5
Irfan Naidu,32,India,Wicketkeeper,255.0,10,4838.0,154.5,0.0,0.0,24.49,RCB,10.0
Sandeep Deshmukh,36,Sri Lanka,Allrounder,166.0,6,6338.0,138.5,75.0,5.36,40.24,DC,2.0
Sandeep Patel,25,India,Wicketkeeper,93.0,4,10763.0,111.4,0.0,0.0,22.78,CSK,1.0
Nikhil Patel,39,Sri Lanka,Bowler,367.0,14,2456.0,148.7,119.0,4.33,26.72,RCB,2.0
Rahul Naidu,35,West Indies,Batter,255.0,17,14117.0,108.6,13.0,7.13,32.42,RCB,11.0
Irfan Sharma,34,South Africa,Allrounder,268.0,14,8072.0,126.1,286.0,5.24,22.37,GT,2.0
Nikhil Shetty,42,India,Allrounder,303.0,13,2596.0,109.0,170.0,7.8,38.9,PBKS,1.5
Sameer Malik,33,Australia,Bowler,348.0,13,3591.0,134.1,636.0,7.34,38.65,MI,3.0
Amit Deshmukh,31,West Indies,Bowler,90.0,5,2128.0,115.0,87.0,5.23,43.43,CSK,1.0
Aditya Shetty,30,South Africa,Bowler,257.0,11,436.0,134.7,238.0,7.78,39.52,DC,0.2
Rohan Malik,31,South Africa,Allrounder,309.0,11,4495.0,122.9,353.0,7.56,22.1,GT,0.5
Manoj Chopra,26,Sri Lanka,Bowler,127.0,7,1516.0,152.5,652.0,6.14,26.14,GT,0.5
Rohan Mehta,35,South Africa,Allrounder,428.0,16,2631.0,107.1,477.0,7.42,38.75,DC,0.5
Karthik Shetty,39,India,Bowler,73.0,4,2082.0,122.0,490.0,4.37,46.47,RCB,0.5
Sandeep Reddy,28,India,Batter,172.0,9,10727.0,134.9,13.0,7.22,47.84,CSK,5.0
Vikas Singh,20,India,Allrounder,27.0,1,4782.0,109.1,354.0,8.25,33.98,MI,0.5
Aditya Mehta,38,India,Allrounder,473.5,17,5096.0,154.5,45.0,5.53,52.45,CSK,1.5
Vikas Sharma,24,West Indies,Allrounder,156.0,6,7221.0,145.5,158.0,6.89,38.23,PBKS,10.0
Ankit Yadav,37,India,Batter,101.0,6,7520.0,100.3,12.0,8.18,46.43,CSK,2.0
Manoj Mehta,29,West Indies,Wicketkeeper,168.0,11,3624.0,102.7,0.0,0.0,48.91,KKR,5.0
Ankit Malik,20,India,Allrounder,49.0,2,3093.0,137.5,272.0,7.74,21.27,SRH,0.5
Rohan Iyer,30,West Indies,Batter,177.0,10,12152.0,110.8,2.0,7.06,32.6,RR,0.5
Rahul Shetty,34,Australia,Allrounder,287.0,10,8161.0,151.2,446.0,5.31,39.38,GT,0.2
Manoj Mehta,36,India,Wicketkeeper,221.0,9,10017.0,113.3,0.0,0.0,33.89,LSG,0.5
Karthik Patel,39,India,Batter,322.0,15,13381.0,131.0,7.0,7.57,38.05,SRH,1.0
Manoj Singh,39,West Indies,Allrounder,121.0,8,7241.0,124.8,466.0,8.22,54.73,GT,0.5
Rahul Reddy,26,India,Allrounder,95.0,4,2962.0,107.5,283.0,7.98,52.57,DC,0.2
Sameer Mehta,28,India,Bowler,177.0,6,3810.0,144.0,274.0,4.44,33.32,SRH,0.5
Vikas Deshmukh,33,Australia,Bowler,232.0,12,938.0,147.1,287.0,7.34,48.21,KKR,2.0
Sandeep Shetty,25,India,Allrounder,115.0,7,7036.0,113.3,379.0,7.77,22.83,MI,0.5
Harshit Malik,33,India,Batter,273.0,10,9081.0,105.4,10.0,7.41,44.32,GT,1.5
Karthik Iyer,33,Australia,Allrounder,326.0,15,3319.0,153.5,424.0,6.21,42.43,GT,2.0
Arjun Shetty,36,Sri Lanka,Batter,144.0,5,3533.0,103.0,11.0,8.88,50.17,RR,5.0
Karthik Patel,30,Sri Lanka,Bowler,245.0,11,2823.0,124.2,88.0,7.51,41.22,GT,0.2
Nikhil Patel,18,England,Wicketkeeper,23.0,1,5566.0,140.9,0.0,0.0,26.12,DC,7.0
Rohan Naidu,35,England,Bowler,228.0,9,753.0,118.9,590.0,5.91,25.12,PBKS,3.0
Aditya Shetty,31,England,Wicketkeeper,114.0,4,9063.0,117.1,0.0,0.0,22.39,DC,0.2
Nikhil Iyer,26,India,Bowler,224.0,8,409.0,103.1,818.0,4.1,53.71,PBKS,10.0
Irfan Reddy,26,India,Wicketkeeper,111.0,4,4950.0,128.0,0.0,0.0,53.8,KKR,10.0
Sandeep Reddy,33,India,Batter,356.0,13,11470.0,113.7,10.0,7.51,37.71,LSG,0.2
Arjun Malik,33,India,Allrounder,125.0,5,2310.0,101.3,393.0,6.54,42.43,PBKS,1.0
Irfan Verma,23,India,Bowler,29.0,1,3049.0,132.2,422.0,4.82,42.76,LSG,7.0
Arjun Chopra,26,England,Allrounder,92.0,6,4873.0,98.7,102.0,5.53,47.33,SRH,5.0
Nikhil Mehta,29,India,Bowler,237.0,11,1454.0,98.5,412.0,5.75,54.82,GT,0.5
Harshit Deshmukh,39,India,Wicketkeeper,450.0,17,7194.0,98.5,0.0,0.0,44.33,LSG,0.5
Irfan Iyer,32,South Africa,Bowler,326.0,11,2508.0,109.4,665.0,7.74,24.98,DC,1.5
Sandeep Singh,30,England,Batter,40.0,2,13698.0,113.2,9.0,6.42,23.54,KKR,2.0
Rohan Khan,40,England,Wicketkeeper,268.0,9,9877.0,136.5,0.0,0.0,22.18,LSG,3.0
Irfan Sharma,31,India,Bowler,87.0,3,1030.0,154.8,841.0,5.94,48.49,RCB,1.5
Sandeep Reddy,40,India,Bowler,49.0,3,3837.0,113.4,564.0,6.34,41.84,MI,2.0
Harshit Reddy,35,India,Batter,33.0,2,7300.0,120.6,4.0,7.84,24.57,GT,5.0
Vikas Yadav,20,Sri Lanka,Allrounder,50.0,2,2535.0,122.0,107.0,8.1,26.81,SRH,0.2
Amit Kulkarni,34,England,Batter,150.0,6,10654.0,119.8,8.0,7.29,48.96,DC,1.0
Aditya Chopra,35,Sri Lanka,Bowler,386.0,15,3067.0,141.2,731.0,6.79,20.39,RCB,5.0
Sameer Singh,36,West Indies,Allrounder,268.0,14,8092.0,123.9,85.0,6.46,20.67,LSG,10.0
Manoj Verma,32,Australia,Allrounder,76.0,5,1500.0,140.6,307.0,5.91,24.8,RCB,2.0
Rohan Naidu,42,India,Allrounder,137.0,5,7688.0,107.9,284.0,6.87,20.42,GT,3.0
Harshit Verma,27,India,Wicketkeeper,15.0,1,11481.0,109.5,0.0,0.0,54.16,PBKS,0.2
Sameer Chopra,29,South Africa,Wicketkeeper,75.0,4,5175.0,143.1,0.0,0.0,53.59,RR,2.0
Irfan Reddy,40,Australia,Wicketkeeper,355.0,21,9417.0,124.3,0.0,0.0,23.84,KKR,3.0
Rohan Kulkarni,38,Australia,Allrounder,172.0,8,3040.0,122.3,476.0,6.92,49.55,GT,1.0
Rohan Patel,20,Sri Lanka,Bowler,23.0,1,2869.0,124.3,717.0,4.37,25.25,LSG,1.0
Amit Iyer,33,West Indies,Allrounder,61.0,4,3023.0,139.2,92.0,6.14,36.66,CSK,1.5
Aditya Naidu,27,India,Bowler,86.0,5,617.0,118.7,95.0,5.43,36.08,CSK,0.2
Manoj Verma,33,England,Allrounder,89.0,4,7209.0,148.5,445.0,7.75,53.44,LSG,1.5
Irfan Shetty,19,India,Batter,23.0,1,9429.0,113.9,2.0,8.75,44.08,RCB,0.5
Vikas Khan,35,South Africa,Bowler,452.0,16,51.0,110.3,204.0,5.66,49.43,SRH,1.5
Manoj Shetty,42,India,Bowler,362.0,22,815.0,149.1,551.0,4.15,36.15,LSG,0.2
Karthik Reddy,41,England,Bowler,70.0,4,2577.0,134.6,825.0,6.42,51.33,SRH,10.0
Karthik Kulkarni,19,India,Allrounder,26.0,1,8770.0,131.8,66.0,7.23,22.33,SRH,3.0
Vikas Kulkarni,39,England,Batter,106.0,7,5742.0,104.0,8.0,7.81,45.81,RR,5.0
Harshit Yadav,36,India,Wicketkeeper,97.0,4,10286.0,125.7,0.0,0.0,43.81,CSK,7.0
Ankit Shetty,40,India,Bowler,380.0,20,2047.0,100.1,173.0,4.16,45.07,MI,2.0
Sameer Shetty,39,India,Allrounder,473.5,20,6780.0,99.3,118.0,5.25,20.42,CSK,0.2
Sandeep Naidu,40,England,Batter,447.0,18,10187.0,139.3,6.0,9.35,32.36,KKR,3.0
Aditya Iyer,18,India,Allrounder,30.0,1,7288.0,116.0,264.0,6.04,47.11,SRH,3.0
Vikas Mehta,35,West Indies,Wicketkeeper,239.0,10,7803.0,134.7,0.0,0.0,26.48,RCB,5.0
Irfan Malik,41,West Indies,Allrounder,266.0,15,2064.0,100.9,311.0,5.61,43.11,PBKS,2.0
Irfan Verma,22,England,Allrounder,89.0,4,1505.0,110.9,437.0,7.68,20.73,GT,0.5
Aditya Iyer,38,England,Wicketkeeper,377.0,17,7754.0,99.9,0.0,0.0,53.88,CSK,1.0
Vikas Chopra,41,West Indies,Wicketkeeper,54.0,3,7138.0,112.7,0.0,0.0,46.92,LSG,1.5
Rahul Patel,28,India,Allrounder,110.0,7,8341.0,117.9,106.0,7.19,27.2,GT,5.0
Rahul Naidu,23,India,Bowler,16.0,1,2338.0,131.9,737.0,4.46,47.11,KKR,3.0
Arjun Mehta,30,Australia,Wicketkeeper,177.0,11,8502.0,133.6,0.0,0.0,38.56,PBKS,1.5
Amit Khan,25,Sri Lanka,Batter,85.0,5,10668.0,153.1,1.0,6.15,47.95,KKR,11.0
Irfan Singh,29,Australia,Wicketkeeper,270.0,9,3166.0,112.6,0.0,0.0,54.3,CSK,3.0
Rahul Yadav,41,India,Allrounder,51.0,3,7440.0,129.9,158.0,7.11,46.18,GT,1.0
Vikas Chopra,35,India,Bowler,337.0,13,3068.0,134.4,651.0,7.08,24.48,KKR,0.2
Harshit Kulkarni,31,England,Batter,352.0,12,10515.0,150.7,13.0,7.18,27.86,PBKS,0.5
Arjun Reddy,21,England,Bowler,20.0,1,2186.0,120.9,694.0,5.41,35.38,GT,1.0
Arjun Singh,32,South Africa,Allrounder,171.0,6,5027.0,151.6,462.0,7.15,28.42,DC,0.5
Nikhil Chopra,41,South Africa,Bowler,305.0,11,3793.0,106.8,842.0,4.46,51.04,KKR,0.5
Karthik Reddy,26,India,Wicketkeeper,126.0,6,2767.0,133.7,0.0,0.0,30.01,CSK,1.0
Amit Verma,34,India,Allrounder,115.0,5,1677.0,146.7,435.0,7.86,49.63,KKR,0.5
Rahul Sharma,40,England,Bowler,174.0,9,566.0,110.1,351.0,7.49,46.43,LSG,10.0
Vikas Verma,29,India,Bowler,296.0,10,1637.0,145.5,662.0,5.75,45.5,SRH,0.2
Aditya Singh,24,India,Batter,152.0,6,14298.0,134.4,3.0,8.72,26.21,LSG,3.0
Aditya Shetty,37,South Africa,Batter,170.0,10,3916.0,154.1,10.0,7.91,52.81,PBKS,2.0
Sameer Malik,29,India,Wicketkeeper,200.0,7,2687.0,97.6,0.0,0.0,25.77,MI,11.0
Rohan Chopra,38,England,Batter,333.0,13,12255.0,138.6,4.0,6.46,48.62,CSK,0.2
Sandeep Sharma,28,Sri Lanka,Bowler,264.0,9,368.0,125.4,307.0,4.81,49.42,RR,1.5
Sandeep Iyer,31,India,Wicketkeeper,135.0,5,11862.0,139.0,0.0,0.0,38.98,DC,11.0
Rohan Patel,41,West Indies,Wicketkeeper,43.0,2,4636.0,130.4,0.0,0.0,37.79,RR,10.0
Arjun Yadav,42,South Africa,Wicketkeeper,148.0,5,5712.0,112.9,0.0,0.0,39.78,LSG,7.0
Vikas Patel,35,South Africa,Bowler,420.0,17,2804.0,147.4,669.0,6.62,42.27,SRH,1.0
Manoj Singh,20,India,Wicketkeeper,25.0,1,8144.0,140.7,0.0,0.0,25.6,DC,0.5
Sandeep Singh,37,Sri Lanka,Allrounder,19.0,1,5108.0,95.6,62.0,6.62,28.63,PBKS,5.0
Sandeep Shetty,25,India,Allrounder,53.0,2,1946.0,154.5,164.0,7.54,23.47,MI,10.0
Amit Singh,37,Australia,Allrounder,132.0,5,5359.0,143.0,51.0,6.41,27.14,MI,3.0
Vikas Chopra,28,Australia,Bowler,95.0,4,1978.0,139.0,717.0,6.11,41.56,GT,3.0
Manoj Mehta,41,India,Batter,107.0,5,5790.0,116.3,1.0,6.66,47.43,GT,1.0
Amit Naidu,27,India,Allrounder,84.0,4,6909.0,95.3,178.0,6.94,46.63,CSK,7.0
Amit Verma,39,India,Batter,277.0,12,11331.0,139.7,3.0,6.12,27.09,RR,0.5
Sandeep Yadav,28,Sri Lanka,Batter,191.0,8,14673.0,117.1,0.0,9.35,31.44,GT,1.5
Ankit Naidu,19,India,Allrounder,15.0,1,4340.0,113.3,390.0,5.52,50.68,RR,2.0
Vikas Chopra,29,India,Allrounder,170.0,6,3610.0,117.1,489.0,8.49,35.7,SRH,2.0
Vikas Iyer,30,South Africa,Allrounder,19.0,1,2219.0,148.2,413.0,7.53,40.76,DC,1.0
Manoj Yadav,30,India,Bowler,244.0,9,3975.0,119.8,399.0,5.49,44.35,PBKS,0.2
Arjun Iyer,37,India,Wicketkeeper,313.0,11,11369.0,95.2,0.0,0.0,41.69,KKR,3.0
Rohan Deshmukh,39,India,Bowler,160.0,7,3723.0,142.7,868.0,5.35,23.25,GT,1.0
Rahul Chopra,22,India,Allrounder,35.0,2,4101.0,123.9,469.0,7.06,42.48,GT,3.0
Sameer Reddy,22,Australia,Allrounder,29.0,1,7608.0,129.8,460.0,5.23,39.65,RR,0.5
Harshit Yadav,38,India,Bowler,182.0,9,107.0,131.2,860.0,6.13,43.68,MI,2.0
Nikhil Yadav,37,India,Bowler,226.0,9,325.0,111.2,784.0,7.06,48.88,KKR,3.0
Arjun Malik,42,Sri Lanka,Bowler,422.0,16,2660.0,99.6,462.0,5.89,22.05,PBKS,0.2
Karthik Iyer,23,India,Wicketkeeper,74.0,4,3028.0,115.1,0.0,0.0,47.47,RCB,1.5
Sameer Verma,31,India,Batter,385.0,13,13999.0,142.3,6.0,8.48,38.1,RR,0.5
Sandeep Khan,42,Sri Lanka,Batter,193.0,7,8323.0,103.8,14.0,7.54,31.49,LSG,0.2
Harshit Sharma,25,South Africa,Wicketkeeper,106.0,4,7626.0,121.0,0.0,0.0,23.1,PBKS,11.0
Arjun Patel,30,Sri Lanka,Batter,160.0,10,7025.0,130.9,12.0,6.77,45.75,LSG,1.5
Arjun Shetty,41,India,Wicketkeeper,39.0,2,9701.0,154.9,0.0,0.0,52.66,CSK,7.0
Karthik Iyer,30,Australia,Allrounder,81.0,5,7152.0,120.3,304.0,7.25,42.27,RR,1.0
Rahul Deshmukh,22,India,Wicketkeeper,71.0,4,11452.0,142.1,0.0,0.0,24.14,GT,5.0
Ankit Naidu,22,India,Wicketkeeper,89.0,4,5808.0,119.6,0.0,0.0,49.39,CSK,7.0
Ankit Deshmukh,32,India,Allrounder,32.0,2,2435.0,129.3,401.0,6.34,40.57,RCB,3.0
Rahul Chopra,32,West Indies,Allrounder,321.0,11,2809.0,116.7,233.0,5.65,31.71,RR,2.0
Harshit Iyer,35,India,Batter,236.0,13,5369.0,96.5,5.0,6.09,49.11,DC,2.0
Manoj Verma,42,Sri Lanka,Batter,473.5,22,13263.0,126.1,5.0,6.96,30.46,SRH,1.5
Amit Mehta,21,India,Bowler,29.0,1,2038.0,110.6,590.0,7.57,35.04,SRH,10.0
Vikas Yadav,35,Sri Lanka,Wicketkeeper,29.0,1,9219.0,147.4,0.0,0.0,49.47,PBKS,7.0
Vikas Khan,32,Australia,Batter,49.0,2,13299.0,143.2,6.0,6.65,36.04,GT,11.0
Amit Kulkarni,19,India,Bowler,19.0,1,3497.0,103.0,113.0,5.84,22.82,DC,0.5
Ankit Khan,39,India,Allrounder,340.0,19,4915.0,124.8,131.0,7.55,35.29,MI,5.0
Karthik Deshmukh,23,England,Bowler,47.0,3,381.0,140.9,866.0,6.77,25.56,PBKS,10.0
Sameer Reddy,27,South Africa,Allrounder,160.0,6,2031.0,103.1,189.0,7.14,46.3,MI,0.5
Aditya Malik,33,England,Batter,78.0,3,9779.0,152.4,6.0,8.3,22.41,SRH,0.2
Rahul Mehta,40,India,Batter,166.0,7,14863.0,111.9,9.0,6.2,29.16,GT,5.0
Rohan Chopra,31,England,Allrounder,183.0,10,6532.0,149.4,328.0,5.86,28.73,PBKS,3.0
Karthik Shetty,33,India,Wicketkeeper,209.0,9,5671.0,111.3,0.0,0.0,46.58,RCB,7.0
Karthik Kulkarni,18,India,Batter,28.0,1,9783.0,141.6,1.0,7.57,22.29,MI,0.5
Amit Kulkarni,28,Australia,Bowler,122.0,6,3236.0,97.0,149.0,5.85,22.19,KKR,7.0
Harshit Sharma,27,England,Allrounder,118.0,5,4744.0,103.4,410.0,8.17,38.63,MI,0.5
Vikas Singh,36,Sri Lanka,Bowler,30.0,1,3265.0,115.8,116.0,5.56,51.49,DC,0.5
Sandeep Kulkarni,38,West Indies,Wicketkeeper,117.0,5,10077.0,96.3,0.0,0.0,43.23,LSG,0.5
Irfan Chopra,31,England,Batter,322.0,12,11779.0,128.6,0.0,9.37,52.79,SRH,7.0
Harshit Khan,24,India,Allrounder,94.0,5,3797.0,120.1,470.0,5.18,29.11,DC,5.0
Pranav Chopra,18,South Africa,Wicketkeeper,20.0,1,4414.0,138.8,0.0,0.0,54.35,RCB,3.0
Aditya Sharma,42,South Africa,Allrounder,172.0,10,5571.0,134.3,489.0,5.9,26.93,SRH,1.5
Irfan Verma,25,West Indies,Wicketkeeper,64.0,3,5367.0,128.9,0.0,0.0,36.24,KKR,10.0
Harshit Yadav,21,Sri Lanka,Batter,46.0,2,3408.0,131.5,15.0,9.4,32.23,MI,1.5
Ankit Khan,34,West Indies,Bowler,114.0,5,3176.0,104.1,415.0,4.43,27.89,LSG,7.0
Vikas Deshmukh,22,Sri Lanka,Bowler,27.0,1,2923.0,146.0,614.0,4.95,39.64,CSK,2.0
Sameer Sharma,21,India,Allrounder,25.0,1,5324.0,101.9,495.0,6.83,50.1,PBKS,1.5
Amit Mehta,19,India,Allrounder,25.0,1,3142.0,99.1,138.0,7.53,44.77,SRH,2.0
Harshit Naidu,27,Australia,Allrounder,94.0,5,2790.0,99.9,180.0,6.9,36.04,MI,1.0
Vikas Chopra,21,West Indies,Batter,25.0,1,7440.0,104.9,4.0,7.7,53.1,DC,5.0
Sandeep Patel,40,England,Bowler,288.0,10,1817.0,135.1,131.0,7.23,36.18,SRH,2.0
Sameer Kulkarni,22,India,Wicketkeeper,27.0,1,3381.0,119.7,0.0,0.0,42.78,CSK,1.0
Sandeep Deshmukh,20,Sri Lanka,Wicketkeeper,49.0,2,8326.0,127.7,0.0,0.0,22.18,PBKS,10.0
Aditya Shetty,27,India,Bowler,149.0,6,2325.0,143.4,214.0,5.95,36.07,GT,1.5
Karthik Verma,20,Sri Lanka,Batter,37.0,2,6666.0,142.2,4.0,6.18,27.05,LSG,3.0
Manoj Iyer,37,England,Allrounder,251.0,9,5493.0,104.9,55.0,5.91,31.56,DC,10.0
Ankit Naidu,20,India,Batter,39.0,2,8711.0,126.2,4.0,8.65,27.17,LSG,3.0
Irfan Deshmukh,34,England,Wicketkeeper,95.0,4,3662.0,147.7,0.0,0.0,50.79,MI,0.2
Manoj Mehta,27,India,Wicketkeeper,197.0,9,11477.0,147.2,0.0,0.0,28.36,RR,10.0
Rahul Singh,23,South Africa,Wicketkeeper,110.0,4,9632.0,122.1,0.0,0.0,54.47,KKR,3.0
Sandeep Kulkarni,36,Sri Lanka,Bowler,194.0,11,2425.0,96.6,690.0,6.93,22.28,MI,1.5
Irfan Naidu,32,Australia,Batter,141.0,6,4140.0,149.6,3.0,7.62,38.85,RCB,0.5
Ankit Naidu,39,India,Wicketkeeper,411.0,20,4776.0,124.9,0.0,0.0,23.69,CSK,7.0
Pranav Iyer,36,West Indies,Bowler,24.0,1,1597.0,144.3,710.0,6.5,33.31,LSG,3.0
Vikas Kulkarni,36,Australia,Bowler,370.0,15,3253.0,152.9,775.0,6.95,27.13,DC,3.0
Rahul Mehta,27,West Indies,Allrounder,156.0,7,8443.0,112.2,105.0,6.83,47.75,CSK,10.0
Sameer Chopra,27,India,Allrounder,26.0,1,2398.0,133.1,480.0,7.02,47.93,CSK,7.0
Manoj Deshmukh,27,South Africa,Bowler,25.0,1,2915.0,149.9,471.0,5.5,38.66,PBKS,0.5
Arjun Yadav,30,Sri Lanka,Wicketkeeper,122.0,7,5583.0,104.5,0.0,0.0,44.36,RCB,1.0
Irfan Reddy,35,Australia,Allrounder,366.0,13,2528.0,114.0,108.0,7.78,50.0,RCB,1.0
Sandeep Deshmukh,18,South Africa,Batter,19.0,1,4387.0,111.6,4.0,9.17,54.42,LSG,5.0
Sameer Shetty,38,South Africa,Wicketkeeper,369.0,14,5445.0,103.4,0.0,0.0,27.07,PBKS,0.2
Arjun Malik,32,South Africa,Wicketkeeper,225.0,9,6198.0,106.1,0.0,0.0,51.29,LSG,3.0
Nikhil Naidu,23,West Indies,Batter,77.0,4,9731.0,104.1,11.0,8.29,35.41,KKR,7.0
Aditya Singh,19,Sri Lanka,Wicketkeeper,17.0,1,4827.0,131.9,0.0,0.0,22.92,MI,10.0
Karthik Chopra,41,West Indies,Allrounder,300.0,17,3508.0,143.2,281.0,8.09,37.68,MI,1.5
Nikhil Sharma,38,West Indies,Allrounder,45.0,3,5340.0,120.1,272.0,8.38,54.44,DC,7.0
Manoj Singh,34,Australia,Allrounder,282.0,16,1789.0,133.1,395.0,7.34,25.81,SRH,0.2
Amit Kulkarni,37,India,Allrounder,296.0,10,1922.0,120.6,376.0,8.09,25.68,LSG,7.0
Karthik Patel,27,West Indies,Allrounder,17.0,1,8475.0,128.6,441.0,5.04,38.46,RCB,0.5
Nikhil Verma,26,Australia,Bowler,76.0,5,3036.0,148.4,194.0,6.73,22.78,SRH,1.5
Pranav Naidu,37,India,Bowler,123.0,6,3205.0,106.2,797.0,6.78,50.04,DC,7.0
Harshit Chopra,25,England,Bowler,65.0,4,3962.0,127.4,228.0,7.11,44.86,CSK,0.5
Harshit Reddy,37,India,Wicketkeeper,131.0,5,5240.0,113.9,0.0,0.0,36.49,RR,1.0
Amit Kulkarni,24,India,Allrounder,81.0,5,2872.0,122.6,277.0,7.88,32.52,SRH,5.0
Karthik Deshmukh,30,India,Allrounder,168.0,8,7099.0,144.7,401.0,6.73,31.73,GT,5.0
Sandeep Chopra,30,India,Allrounder,156.0,8,8031.0,137.7,269.0,5.61,48.91,RR,5.0
Arjun Kulkarni,30,India,Allrounder,301.0,11,6721.0,109.4,221.0,5.35,24.97,CSK,5.0
Ankit Verma,31,India,Allrounder,215.0,10,6860.0,122.0,339.0,6.22,46.21,SRH,3.0
Aditya Kulkarni,30,India,Bowler,186.0,8,1382.0,132.3,773.0,6.47,32.33,PBKS,1.0
Arjun Sharma,40,India,Allrounder,91.0,6,4868.0,123.3,90.0,7.95,54.27,CSK,1.5
Ankit Yadav,34,Australia,Wicketkeeper,72.0,4,3057.0,133.0,0.0,0.0,24.42,SRH,0.5
Nikhil Kulkarni,18,India,Batter,18.0,1,4415.0,114.5,4.0,8.37,44.02,KKR,10.0
Sameer Patel,30,Australia,Bowler,240.0,11,1912.0,105.5,756.0,4.26,49.95,RCB,3.0
Harshit Reddy,20,Australia,Allrounder,35.0,2,7895.0,145.2,77.0,5.8,29.77,DC,2.0
Manoj Singh,26,Australia,Wicketkeeper,23.0,1,5415.0,133.6,0.0,0.0,44.3,CSK,2.0
Sameer Yadav,32,South Africa,Wicketkeeper,35.0,2,10561.0,125.8,0.0,0.0,30.69,PBKS,11.0
Vikas Mehta,21,Sri Lanka,Wicketkeeper,23.0,1,4192.0,107.8,0.0,0.0,21.16,MI,0.5
Nikhil Deshmukh,19,Sri Lanka,Batter,15.0,1,11154.0,134.2,4.0,7.06,52.84,SRH,3.0
Pranav Reddy,38,India,Batter,25.0,1,9411.0,141.0,0.0,9.05,47.6,SRH,2.0
Manoj Reddy,34,West Indies,Wicketkeeper,297.0,16,2554.0,134.9,0.0,0.0,29.11,MI,3.0
Rahul Mehta,30,England,Wicketkeeper,265.0,12,7461.0,149.4,0.0,0.0,43.48,GT,0.2
Ankit Chopra,30,India,Batter,29.0,1,7750.0,101.7,6.0,7.96,35.65,DC,10.0
Manoj Kulkarni,23,Australia,Batter,124.0,5,4749.0,146.9,11.0,7.61,39.13,KKR,10.0
Aditya Yadav,33,India,Wicketkeeper,36.0,2,2915.0,117.8,0.0,0.0,54.19,RCB,3.0
Karthik Reddy,41,West Indies,Bowler,442.0,19,2046.0,120.4,626.0,4.42,21.47,MI,5.0
Ankit Sharma,32,India,Batter,27.0,1,4936.0,150.1,6.0,8.59,29.8,DC,10.0
Pranav Malik,38,India,Wicketkeeper,374.0,17,3680.0,146.5,0.0,0.0,30.23,GT,5.0
Pranav Sharma,19,India,Wicketkeeper,22.0,1,4638.0,149.6,0.0,0.0,46.39,LSG,0.5
Sameer Verma,18,Sri Lanka,Batter,20.0,1,12683.0,96.1,2.0,8.82,53.7,MI,3.0
Nikhil Shetty,21,India,Wicketkeeper,17.0,1,5820.0,138.6,0.0,0.0,30.67,PBKS,3.0
Ankit Patel,31,West Indies,Wicketkeeper,107.0,6,7768.0,144.8,0.0,0.0,29.85,PBKS,2.0
Ankit Patel,24,Australia,Bowler,19.0,1,3102.0,101.8,505.0,7.32,44.63,MI,5.0
Karthik Yadav,23,India,Bowler,53.0,3,409.0,100.8,877.5,6.05,28.47,PBKS,10.0
Harshit Iyer,38,Sri Lanka,Wicketkeeper,341.0,20,2604.0,95.7,0.0,0.0,36.41,CSK,10.0
Aditya Kulkarni,18,Australia,Batter,28.0,1,14362.0,130.9,15.0,7.05,30.4,PBKS,2.0
Sandeep Kulkarni,40,West Indies,Bowler,132.0,5,1687.0,139.6,324.0,5.14,21.68,SRH,0.2
Nikhil Iyer,23,India,Batter,113.0,5,8699.0,146.1,13.0,9.16,43.37,LSG,11.0
Rahul Chopra,18,England,Bowler,22.0,1,1901.0,148.5,868.0,6.25,26.49,MI,7.0
Amit Yadav,38,India,Allrounder,192.0,7,8412.0,109.4,282.0,5.28,47.81,MI,0.5
Pranav Khan,33,India,Bowler,86.0,3,1491.0,130.0,371.0,4.13,54.84,CSK,10.0
Ankit Mehta,24,India,Allrounder,66.0,4,7565.0,126.3,66.0,7.99,22.23,LSG,10.0
Harshit Sharma,35,West Indies,Bowler,104.0,6,290.0,130.9,320.0,7.16,24.02,LSG,2.0
Manoj Yadav,41,India,Allrounder,424.0,15,2402.0,149.6,206.0,5.33,43.42,DC,3.0
Aditya Reddy,25,South Africa,Bowler,22.0,1,301.0,147.7,562.0,7.15,40.01,KKR,1.5
Sameer Reddy,36,India,Batter,473.5,16,12984.0,120.8,14.0,7.81,31.09,RCB,0.2
Sandeep Naidu,23,England,Allrounder,77.0,4,3156.0,141.4,211.0,6.52,41.07,KKR,1.5
Rohan Iyer,22,Sri Lanka,Batter,29.0,1,9852.0,121.6,5.0,9.12,41.25,MI,7.0
Sameer Verma,42,India,Bowler,328.0,11,3902.0,130.5,706.0,6.4,44.59,PBKS,0.2
Rahul Reddy,23,Sri Lanka,Bowler,102.0,5,2423.0,125.7,564.0,4.9,23.65,GT,1.5
Aditya Reddy,32,India,Batter,116.0,5,10114.0,124.3,7.0,7.35,42.83,KKR,1.5
Manoj Sharma,36,Sri Lanka,Batter,139.0,5,3550.0,131.0,13.0,9.33,46.03,CSK,3.0
Harshit Shetty,34,Sri Lanka,Wicketkeeper,321.0,13,6440.0,125.4,0.0,0.0,42.19,MI,10.0
Vikas Iyer,20,Australia,Wicketkeeper,22.0,1,3986.0,99.3,0.0,0.0,28.9,DC,1.5
Sandeep Deshmukh,18,India,Allrounder,29.0,1,5299.0,123.3,435.0,6.27,21.6,LSG,1.5
Harshit Malik,22,Sri Lanka,Bowler,105.0,4,2594.0,111.6,81.0,4.53,54.0,DC,5.0
Sameer Deshmukh,38,West Indies,Wicketkeeper,47.0,3,7359.0,114.9,0.0,0.0,36.87,DC,2.0
Aditya Mehta,31,India,Allrounder,370.0,13,2163.0,131.6,357.0,5.69,29.82,GT,1.0
Sameer Sharma,28,South Africa,Allrounder,26.0,1,5312.0,126.0,356.0,5.72,20.19,MI,2.0
Sandeep Kulkarni,19,India,Allrounder,21.0,1,2633.0,108.1,211.0,5.03,21.29,GT,0.5
Pranav Naidu,25,India,Batter,103.0,5,8250.0,115.3,11.0,6.38,48.09,PBKS,0.5
Amit Patel,26,England,Allrounder,162.0,7,5483.0,125.8,296.0,7.0,30.27,DC,2.0
Aditya Chopra,34,Australia,Wicketkeeper,88.0,4,8531.0,150.9,0.0,0.0,33.9,GT,2.0
Sameer Khan,39,India,Bowler,50.0,3,1600.0,132.0,263.0,4.33,23.98,LSG,10.0
Sandeep Verma,27,India,Batter,45.0,2,5465.0,125.4,6.0,7.21,50.6,MI,1.5
Manoj Kulkarni,34,India,Allrounder,30.0,1,4340.0,137.1,255.0,6.73,54.75,GT,3.0
Rohan Yadav,32,India,Batter,239.0,12,11513.0,111.5,10.0,6.46,33.81,MI,3.0
Pranav Kulkarni,31,Sri Lanka,Allrounder,285.0,10,8396.0,119.7,320.0,6.48,51.77,DC,0.2
Nikhil Iyer,32,India,Allrounder,221.0,8,3629.0,131.5,156.0,7.5,30.83,SRH,5.0
Harshit Malik,33,India,Allrounder,135.0,6,3829.0,152.3,273.0,7.88,48.74,CSK,0.5
Aditya Chopra,23,India,Bowler,97.0,5,3437.0,133.2,805.0,4.01,21.79,SRH,11.0
Sandeep Yadav,40,India,Bowler,473.5,22,2353.0,98.6,209.0,4.98,41.13,MI,0.5
Sandeep Yadav,32,India,Allrounder,115.0,5,4316.0,101.9,115.0,7.4,33.43,GT,2.0
Arjun Verma,29,India,Bowler,171.0,8,3813.0,117.1,591.0,5.73,24.24,MI,0.2
Sameer Singh,42,India,Wicketkeeper,144.0,5,10813.0,120.1,0.0,0.0,46.29,RCB,11.0
Sameer Verma,28,India,Wicketkeeper,147.0,5,9743.0,99.3,0.0,0.0,22.81,PBKS,2.0
Sameer Sharma,28,West Indies,Wicketkeeper,33.0,2,7547.0,116.3,0.0,0.0,52.96,RCB,3.0
Karthik Singh,18,England,Bowler,16.0,1,2490.0,135.7,736.0,6.54,32.67,MI,0.2
Harshit Khan,24,India,Bowler,77.0,5,342.0,95.6,631.0,6.26,42.26,SRH,5.0
Arjun Reddy,32,Sri Lanka,Batter,246.0,11,12882.0,131.8,1.0,9.2,50.58,KKR,0.5
Sandeep Deshmukh,39,England,Wicketkeeper,278.0,12,8608.0,138.4,0.0,0.0,24.22,RR,10.0
Ankit Verma,18,West Indies,Allrounder,17.0,1,3266.0,99.0,412.0,8.16,38.69,LSG,0.5
Harshit Naidu,32,India,Wicketkeeper,288.0,12,9286.0,103.5,0.0,0.0,20.41,SRH,0.5
Vikas Verma,22,West Indies,Bowler,25.0,1,270.0,112.7,684.0,5.6,37.01,LSG,0.2
Amit Reddy,42,South Africa,Batter,239.0,13,12106.0,97.6,14.0,8.02,24.31,SRH,2.0
Vikas Iyer,40,Australia,Bowler,473.5,19,2009.0,115.6,123.0,6.12,45.52,RR,3.0
Arjun Deshmukh,27,India,Wicketkeeper,78.0,5,2540.0,134.1,0.0,0.0,49.6,LSG,0.2
Pranav Malik,22,India,Allrounder,86.0,3,6955.0,120.8,497.0,7.42,43.55,LSG,7.0
Karthik Khan,27,India,Bowler,120.0,7,3132.0,113.4,363.0,5.05,47.61,KKR,2.0
Nikhil Naidu,33,South Africa,Allrounder,57.0,2,3612.0,142.9,361.0,6.56,48.78,PBKS,3.0
Ankit Chopra,39,India,Batter,456.0,16,7252.0,150.0,5.0,9.0,35.08,PBKS,2.0
Ankit Naidu,36,England,Bowler,35.0,2,216.0,129.9,359.0,5.21,32.99,RCB,2.0
Amit Verma,29,West Indies,Allrounder,186.0,7,2129.0,137.3,303.0,7.1,44.09,SRH,3.0
Harshit Patel,24,India,Bowler,159.0,6,1321.0,105.0,403.0,5.42,35.07,PBKS,0.5
Pranav Deshmukh,39,India,Allrounder,286.0,10,6251.0,148.4,220.0,5.5,32.11,DC,0.5
Arjun Verma,22,Sri Lanka,Bowler,28.0,1,1393.0,96.5,246.0,4.59,42.6,DC,10.0
Arjun Yadav,21,West Indies,Bowler,18.0,1,1709.0,115.4,551.0,6.42,22.51,KKR,11.0
Sameer Sharma,20,England,Bowler,24.0,1,2830.0,113.7,451.0,5.56,43.7,LSG,1.5
Sandeep Deshmukh,22,India,Allrounder,107.0,4,8172.0,116.9,100.0,7.12,27.63,SRH,1.0
Aditya Yadav,25,India,Bowler,36.0,2,533.0,122.2,160.0,7.75,44.09,SRH,5.0
Rahul Sharma,31,South Africa,Batter,190.0,12,6217.0,124.1,3.0,6.49,20.96,LSG,2.0
Rahul Khan,19,India,Wicketkeeper,17.0,1,7442.0,125.3,0.0,0.0,53.74,SRH,0.2
Harshit Patel,39,India,Batter,21.0,1,6027.0,97.3,11.0,7.34,21.08,PBKS,0.5
Irfan Deshmukh,18,England,Bowler,26.0,1,657.0,104.6,592.0,5.47,20.82,SRH,5.0
Arjun Mehta,42,India,Bowler,473.5,22,3126.0,122.5,94.0,6.87,30.12,MI,5.0
Rohan Iyer,34,India,Bowler,197.0,7,404.0,102.0,299.0,7.42,53.46,GT,0.2
Aditya Mehta,34,Sri Lanka,Allrounder,412.0,16,2379.0,148.3,132.0,6.1,41.1,RCB,1.0
Vikas Chopra,29,South Africa,Wicketkeeper,119.0,7,7649.0,144.6,0.0,0.0,54.44,KKR,1.0
Arjun Iyer,21,England,Batter,52.0,2,7723.0,152.7,1.0,7.01,33.63,LSG,5.0
Rahul Reddy,20,Sri Lanka,Wicketkeeper,49.0,2,7611.0,118.1,0.0,0.0,31.91,SRH,0.2
Arjun Reddy,39,South Africa,Bowler,273.0,15,3509.0,104.2,151.0,6.06,39.38,SRH,0.2
Sandeep Sharma,33,India,Allrounder,266.0,11,5088.0,140.7,307.0,6.9,49.18,LSG,7.0
Sandeep Reddy,39,India,Batter,55.0,3,4060.0,113.1,11.0,7.54,29.08,RR,0.5
Nikhil Malik,24,India,Bowler,59.0,3,3432.0,98.5,514.0,4.74,31.99,RR,5.0
Harshit Deshmukh,41,Australia,Allrounder,433.0,16,7967.0,153.0,450.0,5.95,39.52,PBKS,1.0
Karthik Kulkarni,38,South Africa,Allrounder,319.0,13,5689.0,129.8,182.0,6.22,24.87,PBKS,0.2
Rahul Verma,22,Sri Lanka,Batter,74.0,4,13295.0,132.6,4.0,7.55,37.11,LSG,1.0
Irfan Patel,18,India,Batter,20.0,1,9269.0,154.6,10.0,7.41,50.81,LSG,5.0
Harshit Patel,22,Sri Lanka,Batter,74.0,3,6308.0,129.2,9.0,8.18,41.72,GT,7.0
Arjun Verma,39,England,Wicketkeeper,447.0,16,11356.0,107.1,0.0,0.0,33.83,GT,7.0
Manoj Khan,35,South Africa,Batter,29.0,1,8153.0,123.5,12.0,6.14,39.01,MI,1.5
Amit Iyer,32,Australia,Batter,233.0,8,14568.0,152.8,5.0,6.8,51.83,GT,5.0
Rohan Deshmukh,33,Sri Lanka,Bowler,202.0,7,448.0,127.0,662.0,6.74,50.45,RR,0.5
Karthik Chopra,39,West Indies,Wicketkeeper,254.0,16,8912.0,102.8,0.0,0.0,47.67,RCB,1.0
Nikhil Kulkarni,26,Australia,Wicketkeeper,161.0,8,3506.0,102.5,0.0,0.0,47.8,DC,10.0
Irfan Singh,18,India,Bowler,25.0,1,1558.0,147.6,179.0,5.05,53.04,DC,0.2
Manoj Singh,31,India,Allrounder,121.0,6,3422.0,122.8,371.0,5.52,54.33,CSK,0.2
Irfan Verma,27,England,Batter,35.0,2,3322.0,146.8,10.0,7.69,40.61,MI,0.5
Nikhil Chopra,19,Australia,Wicketkeeper,15.0,1,10195.0,117.5,0.0,0.0,30.0,RR,0.2
Manoj Mehta,36,England,Allrounder,18.0,1,8121.0,140.7,290.0,5.71,33.53,RR,0.5
Ankit Naidu,21,England,Bowler,55.0,3,2518.0,124.5,386.0,5.94,40.2,GT,3.0
Karthik Kulkarni,29,West Indies,Bowler,132.0,7,1177.0,153.8,351.0,7.29,34.27,MI,2.0
Harshit Yadav,19,India,Wicketkeeper,18.0,1,8018.0,144.7,0.0,0.0,46.76,PBKS,10.0
Manoj Yadav,26,India,Wicketkeeper,50.0,2,7445.0,129.4,0.0,0.0,53.46,DC,7.0
Pranav Chopra,34,India,Wicketkeeper,256.0,10,9091.0,107.0,0.0,0.0,23.82,DC,1.5
Sameer Sharma,26,India,Bowler,193.0,8,2044.0,121.3,298.0,7.25,49.64,GT,1.0
Sameer Kulkarni,39,South Africa,Allrounder,369.0,15,7452.0,98.7,360.0,8.13,50.92,GT,1.5
Karthik Iyer,19,India,Allrounder,24.0,1,8415.0,125.6,262.0,6.57,41.93,KKR,3.0
Pranav Yadav,31,Australia,Batter,126.0,6,13584.0,96.1,5.0,9.24,36.69,RR,1.0
Vikas Patel,26,India,Wicketkeeper,61.0,4,6523.0,136.3,0.0,0.0,45.29,RCB,3.0
Arjun Reddy,27,India,Wicketkeeper,145.0,8,5110.0,136.6,0.0,0.0,24.71,RR,2.0
Rohan Shetty,26,West Indies,Batter,56.0,3,13556.0,116.5,1.0,7.05,48.16,SRH,3.0
Amit Malik,41,England,Batter,394.0,16,7882.0,107.6,2.0,6.98,53.51,MI,2.0
Manoj Malik,31,India,Batter,104.0,6,12354.0,154.9,3.0,6.03,43.69,RCB,1.0
Sameer Patel,34,India,Wicketkeeper,215.0,9,7895.0,144.7,0.0,0.0,30.31,KKR,11.0
Sameer Reddy,36,India,Bowler,222.0,13,717.0,139.3,299.0,4.05,49.2,KKR,7.0
Rohan Malik,26,India,Wicketkeeper,182.0,8,11240.0,139.4,0.0,0.0,25.0,PBKS,0.5
Arjun Reddy,29,India,Allrounder,60.0,2,3775.0,141.1,490.0,7.64,43.05,LSG,10.0
Aditya Singh,22,India,Wicketkeeper,86.0,3,3070.0,141.0,0.0,0.0,49.61,SRH,2.0
Aditya Khan,41,Australia,Batter,473.5,22,9302.0,100.3,9.0,8.15,37.07,KKR,10.0
Arjun Malik,38,Sri Lanka,Batter,279.0,12,3128.0,119.5,12.0,6.27,34.25,KKR,7.0
Sameer Malik,26,Australia,Batter,101.0,5,5625.0,115.9,14.0,6.23,23.88,KKR,2.0
Harshit Sharma,38,India,Wicketkeeper,290.0,11,10218.0,143.5,0.0,0.0,53.17,SRH,0.2
Aditya Reddy,41,India,Allrounder,388.0,14,3637.0,152.3,299.0,5.25,38.29,MI,1.0
Nikhil Deshmukh,20,England,Wicketkeeper,44.0,2,2948.0,113.0,0.0,0.0,22.69,GT,3.0
Pranav Naidu,42,India,Bowler,42.0,2,819.0,142.7,723.0,5.9,44.75,RCB,3.0
Rahul Iyer,27,West Indies,Batter,173.0,6,5131.0,99.4,13.0,6.18,34.1,KKR,1.0
Irfan Deshmukh,28,Australia,Wicketkeeper,142.0,8,7867.0,112.7,0.0,0.0,28.13,RCB,0.5
Manoj Singh,27,South Africa,Batter,116.0,4,9182.0,143.2,7.0,6.98,52.52,RCB,7.0
Sameer Patel,18,India,Bowler,23.0,1,2872.0,149.4,252.0,5.54,31.25,LSG,11.0
Nikhil Verma,19,India,Wicketkeeper,26.0,1,5287.0,123.6,0.0,0.0,27.91,RCB,3.0
Aditya Chopra,36,Sri Lanka,Batter,112.0,4,14036.0,153.7,15.0,8.24,41.12,RR,0.5
Vikas Malik,21,Australia,Bowler,30.0,1,1564.0,133.9,213.0,5.36,24.3,SRH,1.0
Irfan Verma,31,South Africa,Bowler,71.0,4,1673.0,125.2,877.5,7.38,35.73,KKR,0.2
Rohan Yadav,22,Sri Lanka,Allrounder,22.0,1,4528.0,132.5,338.0,7.05,22.51,PBKS,10.0
Rahul Sharma,39,India,Wicketkeeper,473.5,21,9013.0,136.0,0.0,0.0,28.47,LSG,0.2
Aditya Reddy,39,Australia,Wicketkeeper,114.0,7,4061.0,137.8,0.0,0.0,48.79,PBKS,3.0
Ankit Khan,35,Sri Lanka,Batter,59.0,2,8804.0,128.2,1.0,8.81,38.21,KKR,1.0
Rohan Reddy,18,India,Wicketkeeper,16.0,1,5438.0,103.6,0.0,0.0,47.14,DC,3.0
Sameer Singh,26,India,Wicketkeeper,50.0,3,7698.0,111.3,0.0,0.0,37.38,LSG,5.0
Sandeep Verma,40,England,Wicketkeeper,277.0,17,4595.0,112.1,0.0,0.0,24.68,MI,7.0
Aditya Singh,33,Australia,Allrounder,277.0,14,6521.0,98.3,464.0,7.2,46.2,RR,0.5
Manoj Khan,42,England,Allrounder,260.0,9,7756.0,95.0,117.0,6.11,37.89,RCB,0.2
Vikas Iyer,35,India,Batter,271.0,15,3587.0,111.6,15.0,6.16,44.74,CSK,0.5
Manoj Patel,26,India,Wicketkeeper,73.0,3,8341.0,98.8,0.0,0.0,49.38,LSG,10.0
Karthik Naidu,40,India,Wicketkeeper,333.0,18,8227.0,95.2,0.0,0.0,28.64,MI,10.0
Sandeep Malik,20,West Indies,Allrounder,23.0,1,6114.0,114.0,496.0,7.59,23.57,RCB,3.0
Nikhil Sharma,39,India,Bowler,473.5,19,3770.0,111.2,158.0,5.37,49.49,GT,3.0
Pranav Patel,25,India,Wicketkeeper,141.0,7,4498.0,113.8,0.0,0.0,47.61,DC,5.0
Irfan Singh,30,India,Batter,100.0,6,10540.0,121.0,15.0,9.12,51.85,RCB,0.5
Nikhil Kulkarni,32,England,Allrounder,176.0,11,6875.0,152.8,358.0,6.32,23.13,CSK,10.0
Vikas Malik,32,Australia,Bowler,131.0,6,3269.0,124.6,136.0,6.61,33.57,CSK,2.0
Rahul Reddy,41,India,Wicketkeeper,60.0,3,9035.0,133.0,0.0,0.0,44.63,SRH,1.5
Sandeep Reddy,20,Australia,Bowler,19.0,1,493.0,105.0,385.0,4.02,44.96,RR,2.0
Aditya Shetty,33,India,Wicketkeeper,286.0,13,4074.0,135.0,0.0,0.0,53.81,SRH,0.2
Karthik Naidu,29,Sri Lanka,Bowler,203.0,9,2306.0,152.0,694.0,6.89,44.59,RR,0.5
Harshit Singh,31,India,Wicketkeeper,43.0,2,9479.0,112.9,0.0,0.0,23.69,PBKS,5.0
Karthik Kulkarni,20,India,Allrounder,30.0,1,5819.0,133.6,362.0,7.74,21.69,KKR,0.2
Rohan Naidu,38,India,Batter,473.5,17,7921.0,152.4,4.0,7.26,37.51,RR,3.0
Arjun Reddy,22,India,Bowler,80.0,3,313.0,122.5,126.0,5.64,27.31,SRH,1.0
Manoj Patel,34,Australia,Wicketkeeper,82.0,4,6675.0,117.1,0.0,0.0,32.94,LSG,1.5
Rahul Deshmukh,36,India,Batter,56.0,3,9438.0,141.1,1.0,6.18,34.58,LSG,1.0
Ankit Mehta,20,Sri Lanka,Allrounder,49.0,2,8117.0,146.0,175.0,7.88,27.42,LSG,1.5
Sandeep Patel,28,Australia,Bowler,88.0,3,435.0,123.3,524.0,6.5,50.81,PBKS,5.0
Manoj Patel,35,India,Batter,30.0,1,10539.0,135.7,12.0,6.76,41.27,CSK,1.0
Rohan Mehta,39,England,Wicketkeeper,473.5,20,7458.0,112.7,0.0,0.0,24.78,PBKS,3.0
Amit Yadav,20,India,Bowler,21.0,1,3518.0,139.3,107.0,6.48,31.05,MI,2.0
Pranav Yadav,24,West Indies,Bowler,72.0,4,352.0,118.7,388.0,6.45,44.96,RR,5.0
Karthik Reddy,42,India,Bowler,267.0,15,3696.0,148.4,236.0,4.76,30.06,CSK,10.0
Karthik Naidu,41,Sri Lanka,Wicketkeeper,473.5,22,6475.0,117.1,0.0,0.0,22.03,CSK,5.0
Amit Singh,24,India,Wicketkeeper,85.0,3,9574.0,101.7,0.0,0.0,38.06,CSK,0.5
Amit Naidu,31,Sri Lanka,Allrounder,185.0,8,6341.0,145.1,411.0,5.94,20.51,RR,0.2
Aditya Sharma,37,India,Bowler,348.0,16,2360.0,115.2,403.0,5.44,20.68,GT,1.0
Sameer Kulkarni,35,Sri Lanka,Allrounder,52.0,3,5553.0,119.8,358.0,5.44,37.25,RR,3.0
Aditya Reddy,38,India,Wicketkeeper,253.0,12,5649.0,119.3,0.0,0.0,38.58,CSK,0.2
Vikas Chopra,33,England,Wicketkeeper,167.0,6,10175.0,130.7,0.0,0.0,20.35,KKR,2.0
Manoj Malik,22,Sri Lanka,Wicketkeeper,55.0,3,5894.0,122.8,0.0,0.0,53.72,DC,3.0
Sandeep Iyer,27,India,Wicketkeeper,49.0,2,10563.0,126.1,0.0,0.0,43.71,KKR,1.5
Rohan Yadav,21,West Indies,Wicketkeeper,31.0,2,2797.0,113.7,0.0,0.0,47.09,KKR,7.0
Pranav Iyer,29,West Indies,Allrounder,79.0,5,8109.0,126.3,72.0,7.71,54.16,RCB,0.2
Nikhil Yadav,28,West Indies,Batter,133.0,7,10968.0,96.0,8.0,6.44,46.96,MI,0.2
Harshit Khan,28,Australia,Batter,109.0,6,14307.0,102.2,3.0,8.83,29.3,GT,5.0
Harshit Naidu,40,India,Wicketkeeper,55.0,2,4169.0,96.1,0.0,0.0,30.27,MI,2.0
Sandeep Kulkarni,35,India,Batter,59.0,2,8925.0,126.1,5.0,8.71,32.18,MI,5.0
Harshit Chopra,41,India,Wicketkeeper,189.0,10,8459.0,117.3,0.0,0.0,20.05,LSG,2.0
Irfan Yadav,28,South Africa,Batter,45.0,3,7019.0,133.8,15.0,7.05,54.1,LSG,1.0
Rahul Verma,28,South Africa,Bowler,121.0,5,2578.0,96.4,760.0,7.22,51.45,DC,7.0
Harshit Yadav,25,South Africa,Wicketkeeper,43.0,2,9206.0,142.0,0.0,0.0,47.31,RCB,7.0
Amit Naidu,32,India,Allrounder,393.0,14,8104.0,118.9,304.0,6.6,30.6,RCB,5.0
Ankit Reddy,20,South Africa,Allrounder,16.0,1,4721.0,108.7,428.0,5.23,28.63,RCB,1.0
Pranav Deshmukh,19,Australia,Batter,28.0,1,9586.0,139.8,9.0,7.69,36.58,GT,3.0
Amit Malik,41,West Indies,Allrounder,321.0,11,2703.0,152.5,398.0,5.2,53.0,SRH,1.5
Sameer Chopra,30,Sri Lanka,Bowler,209.0,8,1414.0,154.5,877.5,6.98,39.06,PBKS,0.2
Sameer Verma,38,India,Bowler,332.0,13,1370.0,99.5,479.0,7.66,32.8,MI,10.0
Vikas Patel,41,West Indies,Allrounder,114.0,5,5770.0,106.7,214.0,5.79,24.93,GT,0.5
Amit Sharma,42,Australia,Bowler,438.0,21,3408.0,141.9,872.0,6.37,40.24,GT,11.0
Aditya Sharma,27,Australia,Batter,185.0,7,11314.0,143.7,11.0,6.51,42.26,DC,2.0
Karthik Verma,21,India,Batter,29.0,1,8553.0,135.4,7.0,7.36,29.1,PBKS,0.5
Ankit Verma,41,India,Bowler,473.5,19,2128.0,150.0,835.0,5.31,30.17,SRH,3.0
Arjun Mehta,25,England,Allrounder,29.0,1,2302.0,148.4,115.0,6.64,44.77,KKR,10.0
Rahul Patel,40,South Africa,Wicketkeeper,243.0,14,10302.0,98.7,0.0,0.0,25.16,CSK,5.0
Ankit Kulkarni,24,South Africa,Batter,97.0,4,12158.0,132.9,12.0,6.03,35.67,GT,7.0
Karthik Deshmukh,26,South Africa,Wicketkeeper,225.0,8,5168.0,103.1,0.0,0.0,53.53,LSG,5.0
Aditya Naidu,22,West Indies,Wicketkeeper,57.0,2,11169.0,126.8,0.0,0.0,28.47,RCB,5.0
Karthik Naidu,21,India,Bowler,80.0,3,1512.0,135.8,201.0,5.9,22.67,CSK,7.0
Rahul Singh,37,Australia,Batter,220.0,14,11565.0,143.4,4.0,6.96,36.09,PBKS,1.0
Ankit Verma,21,Sri Lanka,Allrounder,30.0,2,7981.0,121.0,113.0,6.91,21.54,SRH,2.0
Sameer Khan,22,Australia,Batter,73.0,4,5999.0,121.7,15.0,6.58,27.32,SRH,1.0
Rahul Malik,18,South Africa,Allrounder,30.0,1,6194.0,145.6,198.0,5.17,54.34,CSK,11.0
Harshit Reddy,36,India,Allrounder,420.0,15,2634.0,146.2,298.0,7.78,28.47,LSG,11.0
Pranav Naidu,38,England,Wicketkeeper,247.0,15,9211.0,152.6,0.0,0.0,26.89,RCB,0.2
Ankit Chopra,30,Sri Lanka,Wicketkeeper,107.0,4,7044.0,152.1,0.0,0.0,54.82,CSK,5.0
Aditya Sharma,38,Australia,Bowler,80.0,3,2642.0,153.9,206.0,6.7,39.93,PBKS,10.0
Vikas Mehta,38,India,Batter,473.5,18,6103.0,121.2,15.0,6.91,40.77,GT,0.5
Pranav Khan,34,India,Batter,15.0,1,7504.0,132.3,6.0,6.26,54.34,GT,3.0
Rahul Shetty,25,England,Wicketkeeper,156.0,7,3237.0,106.4,0.0,0.0,47.74,GT,10.0
Ankit Reddy,33,South Africa,Batter,216.0,14,11649.0,151.6,10.0,9.18,53.6,RCB,0.2
Rahul Patel,30,India,Batter,111.0,5,5359.0,153.6,5.0,7.83,46.51,GT,5.0
Rohan Reddy,26,India,Bowler,49.0,2,3936.0,123.6,413.0,4.61,45.14,RCB,1.0
Rohan Reddy,23,England,Batter,19.0,1,9763.0,133.4,10.0,6.87,43.33,MI,10.0
Amit Yadav,26,India,Batter,168.0,7,11333.0,128.9,12.0,6.57,47.01,KKR,11.0
Ankit Naidu,21,South Africa,Batter,32.0,2,10932.0,95.7,0.0,7.75,20.32,GT,11.0
Sameer Khan,31,Australia,Bowler,306.0,11,3946.0,150.6,680.0,5.36,28.0,CSK,2.0
Harshit Chopra,39,Australia,Bowler,96.0,4,1666.0,108.3,536.0,6.41,31.26,RCB,10.0
Ankit Chopra,20,India,Bowler,28.0,1,3937.0,138.7,648.0,7.22,23.34,RCB,7.0
Irfan Naidu,32,Australia,Batter,20.0,1,3008.0,96.8,1.0,7.5,36.83,PBKS,1.0
Irfan Kulkarni,33,England,Allrounder,102.0,5,6293.0,102.1,470.0,7.32,30.11,RR,7.0
Sandeep Deshmukh,34,India,Batter,226.0,10,4469.0,150.2,12.0,7.39,54.76,GT,0.2
Aditya Chopra,40,South Africa,Bowler,73.0,4,2500.0,140.7,596.0,4.17,33.01,SRH,3.0
Harshit Deshmukh,28,Australia,Allrounder,121.0,6,6925.0,140.3,204.0,6.37,52.14,LSG,1.0
Nikhil Singh,28,India,Wicketkeeper,101.0,4,2533.0,152.1,0.0,0.0,40.2,CSK,0.5
Sameer Sharma,37,South Africa,Batter,382.0,16,14411.0,142.3,15.0,7.25,28.79,RCB,0.2
Harshit Khan,42,West Indies,Batter,202.0,13,14003.0,116.5,14.0,7.97,42.98,MI,5.0
Irfan Reddy,39,England,Allrounder,84.0,4,2951.0,106.5,469.0,5.84,52.14,PBKS,1.5
Rahul Naidu,42,India,Batter,473.5,22,3153.0,125.4,7.0,6.36,27.73,DC,5.0
Pranav Khan,41,India,Allrounder,17.0,1,8186.0,97.2,354.0,5.14,26.13,DC,0.2
Vikas Naidu,38,India,Bowler,221.0,10,2018.0,111.9,800.0,7.29,53.27,DC,1.0
Amit Yadav,40,India,Bowler,442.0,20,2331.0,121.2,592.0,6.21,40.3,RR,3.0
Pranav Deshmukh,33,India,Bowler,49.0,3,2409.0,140.5,211.0,5.96,29.89,PBKS,7.0
Rohan Khan,41,India,Bowler,78.0,3,2985.0,148.6,877.5,5.34,53.13,PBKS,1.0
Aditya Kulkarni,26,Australia,Batter,103.0,4,12176.0,120.2,14.0,9.12,47.31,GT,3.0
Irfan Singh,18,South Africa,Batter,23.0,1,4994.0,124.9,14.0,7.67,27.16,RR,10.0
Sameer Deshmukh,33,India,Batter,125.0,6,9882.0,106.2,14.0,8.07,31.6,KKR,3.0
Vikas Singh,28,India,Wicketkeeper,22.0,1,9443.0,146.3,0.0,0.0,27.25,MI,1.0
Sandeep Singh,20,India,Bowler,18.0,1,114.0,99.1,571.0,4.27,52.93,SRH,0.2
Nikhil Shetty,31,Australia,Batter,258.0,13,4766.0,119.6,15.0,7.77,48.38,DC,10.0
Irfan Singh,25,India,Batter,49.0,3,12829.0,114.9,14.0,8.93,44.28,GT,0.2
Nikhil Patel,42,India,Wicketkeeper,118.0,4,3046.0,141.3,0.0,0.0,42.91,MI,10.0
Harshit Iyer,30,Sri Lanka,Batter,97.0,6,7939.0,147.6,13.0,6.53,38.87,CSK,3.0
Arjun Sharma,20,South Africa,Batter,27.0,1,4570.0,120.5,13.0,6.99,21.31,SRH,10.0
Karthik Reddy,25,South Africa,Batter,184.0,7,13145.0,140.9,3.0,6.45,20.0,LSG,7.0
Arjun Singh,28,India,Wicketkeeper,18.0,1,4182.0,120.0,0.0,0.0,38.29,PBKS,11.0
Sameer Mehta,18,West Indies,Bowler,23.0,1,1455.0,153.4,511.0,4.21,27.91,RCB,1.5
Sandeep Yadav,33,India,Wicketkeeper,195.0,12,4591.0,113.3,0.0,0.0,30.64,RCB,7.0
Rohan Mehta,27,India,Allrounder,123.0,7,5346.0,95.1,198.0,5.81,45.53,GT,2.0
Ankit Sharma,37,India,Allrounder,179.0,11,3444.0,108.5,299.0,8.38,43.21,GT,2.0
Ankit Yadav,35,India,Wicketkeeper,55.0,2,3620.0,139.5,0.0,0.0,49.69,KKR,3.0
Aditya Deshmukh,28,England,Wicketkeeper,114.0,4,11976.0,120.4,0.0,0.0,30.6,LSG,10.0
Manoj Singh,36,India,Allrounder,281.0,11,8677.0,137.8,444.0,6.14,48.59,RCB,11.0
Sameer Sharma,19,India,Bowler,29.0,1,2555.0,117.3,298.0,4.69,51.57,KKR,7.0
Harshit Deshmukh,25,India,Allrounder,85.0,4,3009.0,154.1,462.0,7.82,46.4,RR,2.0
Rahul Singh,18,West Indies,Batter,18.0,1,5333.0,130.4,9.0,7.38,43.14,CSK,2.0
Amit Sharma,32,India,Allrounder,78.0,4,2926.0,127.7,152.0,5.27,44.83,KKR,5.0
Irfan Chopra,26,India,Allrounder,57.0,3,1676.0,141.8,130.0,5.59,40.43,KKR,1.0
Irfan Kulkarni,26,South Africa,Batter,50.0,2,4818.0,97.5,10.0,9.33,29.29,RCB,0.2
Vikas Singh,24,India,Wicketkeeper,78.0,3,9606.0,131.1,0.0,0.0,30.38,DC,1.5
Sandeep Khan,40,India,Batter,57.0,3,11725.0,140.5,12.0,8.5,23.59,RCB,1.0
Nikhil Reddy,40,India,Allrounder,337.0,12,6311.0,125.5,136.0,6.8,32.92,KKR,1.0
Ankit Yadav,35,Australia,Bowler,182.0,10,3487.0,144.7,600.0,7.55,44.4,CSK,1.0
Aditya Patel,36,India,Bowler,282.0,16,2083.0,122.7,477.0,6.71,52.23,LSG,0.2
Karthik Chopra,42,India,Allrounder,473.5,21,7336.0,138.7,231.0,7.43,50.16,LSG,0.2
Karthik Verma,34,South Africa,Wicketkeeper,403.0,16,3099.0,111.4,0.0,0.0,48.25,PBKS,11.0
Karthik Malik,24,South Africa,Bowler,36.0,2,1253.0,115.7,515.0,4.74,31.75,KKR,2.0
Sameer Malik,30,Australia,Bowler,290.0,10,347.0,146.4,217.0,7.72,44.54,DC,1.5
Karthik Chopra,42,India,Allrounder,82.0,3,1837.0,128.7,278.0,7.54,53.15,DC,5.0
Karthik Naidu,34,South Africa,Wicketkeeper,259.0,11,10651.0,124.8,0.0,0.0,33.32,RR,0.5
Amit Iyer,28,India,Wicketkeeper,108.0,5,3743.0,104.8,0.0,0.0,47.52,LSG,11.0
Irfan Chopra,29,West Indies,Allrounder,50.0,2,2140.0,118.1,442.0,7.57,20.88,GT,7.0
Rahul Patel,26,India,Batter,94.0,4,6281.0,95.7,10.0,8.94,44.63,DC,0.2
Rohan Verma,24,India,Allrounder,180.0,6,6448.0,121.3,110.0,8.4,28.22,SRH,2.0
Amit Shetty,42,Australia,Allrounder,473.5,22,7915.0,144.0,246.0,7.47,39.13,SRH,10.0
Karthik Kulkarni,30,India,Batter,251.0,10,6728.0,98.1,7.0,9.38,37.67,GT,11.0
Vikas Chopra,41,West Indies,Wicketkeeper,201.0,7,10179.0,138.1,0.0,0.0,50.19,PBKS,2.0
Harshit Patel,41,India,Allrounder,334.0,15,7808.0,143.0,397.0,5.63,39.34,DC,3.0
Karthik Malik,31,India,Wicketkeeper,83.0,4,4776.0,118.8,0.0,0.0,24.61,GT,0.5
Aditya Sharma,36,England,Allrounder,118.0,5,3347.0,104.4,254.0,8.03,30.84,LSG,11.0
Harshit Shetty,31,Australia,Wicketkeeper,248.0,11,2880.0,112.4,0.0,0.0,50.5,GT,1.0
Sandeep Singh,36,South Africa,Bowler,42.0,2,836.0,142.8,480.0,6.56,28.77,PBKS,11.0
Karthik Patel,20,Sri Lanka,Bowler,50.0,2,3664.0,129.3,391.0,6.37,49.15,DC,5.0
Pranav Chopra,20,India,Batter,30.0,1,3439.0,95.7,5.0,9.17,43.59,RCB,3.0
Rohan Yadav,24,Australia,Wicketkeeper,17.0,1,9949.0,98.1,0.0,0.0,39.21,KKR,2.0
Sandeep Singh,19,South Africa,Batter,20.0,1,4814.0,113.4,4.0,7.01,32.35,RR,1.0
Aditya Patel,35,India,Wicketkeeper,243.0,14,5869.0,132.3,0.0,0.0,31.69,RR,0.5
Sandeep Mehta,27,Australia,Wicketkeeper,180.0,7,5825.0,139.0,0.0,0.0,34.16,PBKS,1.0
Vikas Sharma,34,Sri Lanka,Allrounder,241.0,15,8254.0,142.0,244.0,5.24,30.0,RCB,0.5
Sameer Mehta,37,Sri Lanka,Allrounder,179.0,8,6219.0,136.1,60.0,6.51,31.64,LSG,7.0
Pranav Khan,41,England,Allrounder,89.0,3,8402.0,117.4,404.0,5.2,53.06,LSG,1.5
Manoj Yadav,27,South Africa,Bowler,163.0,7,1575.0,135.3,754.0,6.44,42.13,RCB,0.2
Manoj Deshmukh,23,India,Batter,95.0,5,7485.0,120.1,9.0,6.7,46.28,CSK,11.0
Sameer Naidu,39,West Indies,Bowler,52.0,3,1510.0,111.7,158.0,4.39,29.67,RR,10.0
Manoj Naidu,42,Australia,Allrounder,73.0,4,5645.0,153.8,62.0,6.51,22.36,RCB,10.0
Pranav Deshmukh,32,South Africa,Batter,25.0,1,9542.0,105.8,6.0,7.82,53.97,LSG,11.0
Rohan Patel,30,England,Batter,29.0,1,10942.0,119.2,14.0,6.4,45.83,RCB,0.5
Aditya Naidu,20,Sri Lanka,Bowler,23.0,1,3447.0,120.4,245.0,6.68,32.13,RCB,1.5
Sandeep Verma,23,West Indies,Batter,27.0,1,5759.0,110.9,2.0,7.39,27.19,MI,5.0
Sandeep Naidu,39,India,Allrounder,21.0,1,7352.0,111.1,57.0,6.69,30.06,DC,5.0
Karthik Deshmukh,39,West Indies,Bowler,322.0,18,1599.0,153.1,786.0,6.5,41.13,CSK,0.5
Nikhil Sharma,27,South Africa,Batter,218.0,8,6305.0,99.5,7.0,6.27,53.3,CSK,7.0
Rahul Sharma,29,India,Bowler,60.0,4,1380.0,100.5,276.0,5.13,40.97,RR,1.0
Sameer Patel,39,India,Bowler,47.0,3,1702.0,133.9,604.0,6.37,29.36,RCB,1.0
Arjun Kulkarni,21,India,Allrounder,59.0,2,5937.0,152.9,242.0,5.05,28.78,KKR,3.0
Vikas Patel,31,England,Bowler,35.0,2,61.0,137.4,491.0,6.57,41.35,DC,3.0
Manoj Yadav,38,India,Batter,181.0,11,13780.0,111.3,8.0,7.1,40.92,LSG,3.0
Amit Patel,38,South Africa,Allrounder,454.0,20,7787.0,151.8,346.0,8.03,23.71,KKR,0.2
Rohan Patel,33,England,Bowler,50.0,2,2852.0,151.7,477.0,4.59,45.78,PBKS,10.0
Sandeep Kulkarni,39,Sri Lanka,Allrounder,83.0,5,4245.0,107.2,49.0,8.09,40.57,DC,1.0
Manoj Chopra,37,West Indies,Wicketkeeper,291.0,19,6311.0,137.1,0.0,0.0,43.8,KKR,0.5
Vikas Deshmukh,18,India,Allrounder,17.0,1,1990.0,95.9,110.0,6.43,40.4,RR,10.0
Vikas Iyer,29,India,Allrounder,202.0,8,1810.0,122.0,161.0,5.89,53.52,RR,11.0
Aditya Khan,41,India,Wicketkeeper,442.0,20,7702.0,118.9,0.0,0.0,49.39,DC,10.0
Pranav Malik,38,India,Wicketkeeper,37.0,2,7927.0,106.3,0.0,0.0,43.54,SRH,7.0
Arjun Sharma,28,India,Bowler,98.0,4,3574.0,101.1,470.0,7.71,20.29,KKR,5.0
Karthik Kulkarni,34,India,Bowler,290.0,11,286.0,100.6,277.0,5.65,46.19,CSK,3.0
Sandeep Patel,19,West Indies,Bowler,21.0,1,967.0,121.0,599.0,7.48,29.05,RCB,0.2
Rohan Iyer,20,India,Wicketkeeper,43.0,2,5390.0,121.1,0.0,0.0,45.32,KKR,2.0
Rohan Mehta,37,India,Allrounder,154.0,8,8564.0,130.4,440.0,5.03,41.47,LSG,1.5
Manoj Reddy,33,Sri Lanka,Allrounder,44.0,2,4962.0,109.5,298.0,7.23,44.99,RCB,1.0
Irfan Shetty,37,India,Bowler,405.0,14,1562.0,107.0,517.0,4.35,50.71,LSG,5.0
Arjun Deshmukh,20,Australia,Bowler,42.0,2,1899.0,95.8,393.0,6.81,28.69,RCB,2.0
Arjun Mehta,32,India,Wicketkeeper,117.0,5,4738.0,107.9,0.0,0.0,29.48,LSG,0.2
Sandeep Khan,40,India,Bowler,243.0,16,3529.0,98.8,592.0,4.94,36.06,KKR,1.0
Manoj Khan,41,South Africa,Wicketkeeper,275.0,12,8792.0,139.0,0.0,0.0,41.24,RR,5.0
Manoj Khan,33,India,Batter,124.0,5,12266.0,99.9,5.0,8.36,53.3,CSK,0.2
Harshit Khan,24,West Indies,Allrounder,105.0,4,5502.0,143.3,365.0,7.93,48.8,DC,7.0
Pranav Reddy,40,India,Batter,242.0,12,10827.0,127.7,1.0,9.26,27.01,RR,2.0
Aditya Kulkarni,29,Australia,Batter,319.0,11,10462.0,139.6,4.0,8.16,45.83,RCB,2.0
Amit Patel,26,South Africa,Bowler,85.0,4,2892.0,99.1,680.0,5.98,32.99,MI,3.0
Sandeep Malik,20,Australia,Wicketkeeper,24.0,1,10702.0,150.2,0.0,0.0,40.46,RR,7.0
Aditya Reddy,35,India,Allrounder,357.0,13,6190.0,111.1,437.0,6.88,32.9,MI,1.5
Aditya Yadav,29,Australia,Allrounder,45.0,3,2879.0,135.0,457.0,8.13,47.56,RR,5.0
Rahul Shetty,33,West Indies,Batter,28.0,1,13723.0,132.8,9.0,7.59,28.69,RR,3.0
Sandeep Singh,41,India,Bowler,260.0,14,1992.0,120.7,266.0,6.68,35.49,RCB,1.0
Nikhil Malik,34,India,Wicketkeeper,72.0,4,3466.0,134.0,0.0,0.0,52.77,KKR,10.0
Rohan Khan,41,Sri Lanka,Bowler,170.0,6,3739.0,144.5,719.0,4.24,30.23,RR,7.0
Rahul Verma,21,South Africa,Bowler,52.0,3,1133.0,96.3,145.0,5.69,30.54,MI,5.0
Karthik Naidu,28,India,Bowler,16.0,1,1089.0,98.4,849.0,5.91,37.19,MI,7.0
Vikas Chopra,18,South Africa,Batter,23.0,1,10961.0,101.3,15.0,9.24,46.76,CSK,10.0
Ankit Singh,42,England,Wicketkeeper,226.0,11,8418.0,119.6,0.0,0.0,42.93,DC,5.0
Nikhil Sharma,39,England,Wicketkeeper,220.0,13,2550.0,110.6,0.0,0.0,25.58,DC,7.0
Aditya Malik,32,India,Wicketkeeper,364.0,14,4513.0,104.6,0.0,0.0,22.47,RCB,5.0
Ankit Naidu,34,Sri Lanka,Bowler,266.0,9,1692.0,134.9,756.0,4.71,50.86,PBKS,5.0
Amit Kulkarni,24,India,Allrounder,25.0,1,7053.0,136.1,267.0,7.85,23.87,DC,3.0
Manoj Deshmukh,25,India,Wicketkeeper,119.0,5,9510.0,112.4,0.0,0.0,30.84,PBKS,5.0
Aditya Reddy,33,India,Batter,201.0,11,11520.0,125.9,1.0,6.87,38.74,SRH,0.5
Rohan Malik,22,Sri Lanka,Batter,70.0,4,10311.0,116.2,3.0,7.25,49.0,GT,10.0
Vikas Yadav,33,India,Bowler,192.0,11,1781.0,113.5,812.0,7.0,51.98,RCB,10.0
Sameer Reddy,18,India,Allrounder,23.0,1,6955.0,114.6,283.0,8.33,32.4,SRH,0.2
Sameer Chopra,39,India,Bowler,110.0,4,2833.0,151.5,420.0,5.92,50.67,LSG,7.0
Pranav Singh,25,South Africa,Batter,146.0,5,10159.0,118.6,7.0,6.36,39.37,RR,0.5
Rohan Patel,25,India,Batter,66.0,3,12702.0,106.6,6.0,7.76,50.06,MI,1.5
Sandeep Malik,41,South Africa,Allrounder,96.0,4,7536.0,145.3,40.0,7.37,50.06,DC,5.0
Irfan Reddy,27,England,Bowler,26.0,1,3266.0,121.4,775.0,6.84,41.37,RR,0.5
Manoj Sharma,22,Sri Lanka,Batter,40.0,2,5370.0,135.4,9.0,6.56,26.27,GT,7.0
Sandeep Mehta,25,India,Wicketkeeper,107.0,4,3062.0,136.6,0.0,0.0,28.04,SRH,7.0
Arjun Deshmukh,37,Australia,Allrounder,311.0,11,5418.0,104.9,363.0,5.41,20.07,MI,2.0
Aditya Reddy,24,England,Allrounder,69.0,4,8282.0,138.9,406.0,7.52,38.02,CSK,0.2
Aditya Deshmukh,24,India,Bowler,152.0,6,2979.0,100.0,481.0,4.61,20.67,CSK,1.0
Arjun Reddy,27,South Africa,Batter,88.0,3,10756.0,148.5,11.0,6.58,28.45,DC,3.0
Rahul Chopra,42,Australia,Wicketkeeper,373.0,13,5696.0,116.3,0.0,0.0,23.69,SRH,11.0
Rahul Iyer,40,India,Wicketkeeper,425.0,18,9996.0,108.3,0.0,0.0,38.17,DC,3.0
Karthik Deshmukh,38,Australia,Bowler,108.0,6,859.0,109.7,303.0,6.31,22.02,LSG,1.0
Ankit Deshmukh,41,India,Batter,191.0,7,5418.0,109.1,12.0,7.37,27.68,PBKS,3.0
Sameer Sharma,31,England,Bowler,286.0,11,735.0,132.0,133.0,7.65,39.49,MI,3.0
Nikhil Reddy,21,South Africa,Allrounder,60.0,3,1778.0,120.7,100.0,6.46,38.93,RCB,7.0
Rohan Deshmukh,25,India,Wicketkeeper,101.0,4,8650.0,136.8,0.0,0.0,44.58,PBKS,0.2
Harshit Naidu,42,Australia,Batter,473.5,22,13701.0,125.0,14.0,6.6,34.42,RR,7.0
Rahul Patel,29,Sri Lanka,Batter,22.0,1,3377.0,132.9,15.0,9.05,38.64,MI,3.0
Manoj Naidu,26,Australia,Bowler,48.0,2,512.0,131.3,181.0,4.44,24.1,RR,11.0
Manoj Malik,28,South Africa,Bowler,47.0,2,3348.0,103.6,629.0,5.28,44.22,CSK,1.5
Arjun Malik,34,West Indies,Batter,422.0,16,13677.0,118.5,3.0,6.72,51.35,PBKS,3.0
Sandeep Malik,42,India,Batter,105.0,7,12088.0,125.5,14.0,6.72,34.67,PBKS,10.0
Sandeep Mehta,28,India,Batter,32.0,2,12215.0,142.6,8.0,6.06,22.42,KKR,0.2
Rahul Chopra,42,England,Batter,60.0,2,11919.0,128.6,5.0,7.66,41.99,SRH,10.0
Vikas Verma,31,West Indies,Batter,240.0,11,13799.0,110.2,14.0,8.41,20.35,CSK,5.0
Arjun Khan,22,West Indies,Allrounder,92.0,4,3219.0,127.1,392.0,7.53,49.26,DC,0.2
Vikas Sharma,21,India,Batter,64.0,3,6526.0,145.6,4.0,8.87,36.98,KKR,1.0
Nikhil Singh,37,India,Bowler,473.5,18,304.0,142.5,643.0,5.27,35.8,SRH,5.0
Pranav Khan,26,South Africa,Wicketkeeper,133.0,5,3864.0,106.0,0.0,0.0,49.92,RCB,0.2
Arjun Yadav,26,Australia,Bowler,186.0,7,2854.0,123.0,741.0,7.35,22.65,MI,3.0
Nikhil Kulkarni,24,India,Allrounder,143.0,6,8230.0,143.2,118.0,6.36,51.56,GT,1.5
Amit Mehta,28,India,Wicketkeeper,139.0,7,4541.0,107.2,0.0,0.0,22.34,KKR,3.0
Rahul Singh,35,England,Wicketkeeper,118.0,4,7964.0,147.6,0.0,0.0,33.63,MI,0.2
Irfan Shetty,42,Australia,Bowler,137.0,9,401.0,153.1,466.0,6.06,22.33,KKR,10.0
Harshit Khan,25,India,Batter,93.0,4,14932.0,99.4,9.0,8.27,33.14,MI,11.0
Arjun Singh,36,Australia,Batter,381.0,16,7440.0,121.0,3.0,8.81,54.9,PBKS,11.0
Harshit Reddy,19,England,Allrounder,27.0,1,5406.0,114.3,343.0,6.96,27.7,RCB,5.0
Pranav Chopra,22,India,Batter,54.0,3,9206.0,117.4,8.0,7.23,22.4,RCB,0.5
Pranav Mehta,19,Sri Lanka,Bowler,20.0,1,1797.0,122.9,442.0,5.4,45.3,RR,5.0
Rohan Reddy,32,India,Allrounder,213.0,9,6707.0,137.5,479.0,7.3,20.29,GT,0.2
Harshit Singh,20,India,Wicketkeeper,32.0,2,6432.0,108.1,0.0,0.0,43.16,MI,0.2
Rahul Deshmukh,20,West Indies,Batter,30.0,1,3175.0,95.3,13.0,7.69,48.16,SRH,1.5
Karthik Naidu,39,West Indies,Bowler,318.0,17,1660.0,127.9,94.0,6.94,22.33,GT,2.0
Aditya Reddy,37,England,Batter,136.0,7,13832.0,130.0,1.0,8.68,47.37,GT,7.0
Pranav Khan,37,India,Bowler,269.0,15,307.0,143.2,455.0,6.86,38.13,GT,5.0
Manoj Naidu,22,India,Batter,68.0,3,4855.0,135.3,10.0,6.49,41.72,RR,2.0
Rohan Verma,39,Australia,Batter,153.0,8,6490.0,105.2,0.0,8.6,26.82,LSG,1.0
Vikas Khan,41,West Indies,Wicketkeeper,333.0,21,10086.0,148.4,0.0,0.0,46.25,SRH,11.0
Ankit Sharma,37,Sri Lanka,Batter,324.0,16,7888.0,140.5,11.0,9.18,40.9,PBKS,2.0
Sameer Deshmukh,21,South Africa,Allrounder,26.0,1,1572.0,148.3,91.0,7.29,40.26,RCB,2.0
Rahul Chopra,31,India,Bowler,172.0,8,507.0,104.4,579.0,6.4,36.59,GT,0.5
Vikas Naidu,18,England,Allrounder,24.0,1,4485.0,111.3,259.0,7.51,27.08,RR,7.0
Rahul Naidu,23,India,Allrounder,92.0,5,4397.0,109.5,422.0,6.1,27.52,LSG,5.0
Sameer Malik,31,India,Allrounder,21.0,1,3833.0,149.5,60.0,6.49,37.75,KKR,1.0
Aditya Singh,22,India,Wicketkeeper,102.0,4,5760.0,106.3,0.0,0.0,22.69,CSK,0.2
Rahul Reddy,33,West Indies,Allrounder,291.0,11,8052.0,118.0,389.0,7.44,48.76,LSG,5.0
Harshit Shetty,40,West Indies,Allrounder,124.0,5,2576.0,142.8,96.0,7.31,29.52,RR,5.0
Sandeep Singh,21,India,Bowler,22.0,1,213.0,110.8,774.0,6.63,52.87,GT,1.0
Manoj Naidu,28,Australia,Batter,167.0,7,4353.0,114.5,13.0,8.23,29.43,SRH,11.0
Aditya Chopra,25,India,Bowler,110.0,5,3140.0,136.7,197.0,4.73,27.66,RCB,0.5
Vikas Naidu,26,West Indies,Wicketkeeper,99.0,4,5468.0,130.7,0.0,0.0,29.26,MI,2.0
Vikas Patel,24,South Africa,Bowler,79.0,5,1121.0,143.9,276.0,6.52,47.23,RCB,11.0
Nikhil Yadav,22,India,Batter,84.0,4,9673.0,106.3,9.0,8.66,23.09,MI,2.0
Vikas Singh,40,Sri Lanka,Bowler,346.0,21,2088.0,117.1,517.0,6.66,35.13,RR,3.0
Rahul Verma,38,Australia,Allrounder,60.0,2,4375.0,110.6,404.0,5.11,21.18,DC,1.5
Sameer Sharma,31,India,Allrounder,60.0,4,1927.0,109.6,378.0,8.08,39.51,RCB,1.0
Rohan Naidu,41,India,Bowler,275.0,11,757.0,135.0,338.0,4.15,31.31,SRH,11.0
Rohan Patel,33,India,Allrounder,177.0,6,6020.0,148.3,434.0,8.14,31.39,MI,2.0
Aditya Shetty,22,West Indies,Allrounder,83.0,3,4544.0,154.8,161.0,8.15,48.89,DC,10.0
Nikhil Reddy,38,India,Bowler,168.0,9,2578.0,109.9,840.0,7.21,40.18,MI,1.0
Nikhil Khan,37,India,Batter,105.0,4,10303.0,100.7,3.0,6.24,54.96,KKR,0.5
Aditya Naidu,20,West Indies,Allrounder,53.0,2,2758.0,139.9,62.0,6.14,48.23,KKR,0.2
Arjun Deshmukh,22,West Indies,Wicketkeeper,41.0,2,8496.0,146.5,0.0,0.0,54.92,SRH,5.0
Sameer Reddy,32,Sri Lanka,Batter,272.0,11,11581.0,97.4,0.0,6.85,34.39,MI,1.5
Aditya Iyer,23,India,Allrounder,147.0,5,1998.0,96.3,446.0,5.46,32.61,SRH,10.0
Karthik Kulkarni,40,West Indies,Wicketkeeper,114.0,7,5211.0,142.0,0.0,0.0,39.82,GT,2.0
Arjun Shetty,32,South Africa,Wicketkeeper,350.0,13,6948.0,113.8,0.0,0.0,42.9,RR,11.0
Sandeep Mehta,24,India,Batter,58.0,2,11401.0,95.9,14.0,6.81,46.75,KKR,0.5
Irfan Yadav,34,Australia,Allrounder,165.0,9,2901.0,140.7,154.0,7.18,21.36,SRH,10.0
Amit Kulkarni,19,Australia,Allrounder,19.0,1,3715.0,132.2,487.0,7.93,39.72,RCB,7.0
Arjun Patel,19,England,Bowler,26.0,1,1329.0,146.9,165.0,6.37,40.54,CSK,7.0
Aditya Iyer,40,Australia,Allrounder,436.0,18,1969.0,154.4,360.0,7.03,46.49,RR,7.0
Aditya Verma,18,Australia,Bowler,15.0,1,2201.0,137.4,753.0,5.68,33.62,RCB,7.0
Aditya Deshmukh,42,Australia,Batter,473.5,19,6377.0,130.8,14.0,6.8,52.49,RR,3.0
Vikas Mehta,25,India,Allrounder,73.0,3,3398.0,115.5,413.0,8.25,38.47,RR,0.5
Sandeep Khan,41,India,Allrounder,336.0,14,2986.0,154.7,275.0,5.74,54.34,LSG,0.2
Nikhil Naidu,23,Australia,Bowler,30.0,2,1270.0,143.3,246.0,6.47,45.03,RCB,10.0
Rahul Iyer,23,South Africa,Bowler,75.0,4,1863.0,98.2,740.0,6.25,35.92,MI,3.0
Aditya Shetty,30,India,Bowler,42.0,2,1572.0,135.7,101.0,6.56,33.06,CSK,7.0
Sandeep Yadav,21,Australia,Batter,19.0,1,13279.0,105.0,0.0,9.3,37.51,MI,2.0
Irfan Deshmukh,18,India,Allrounder,19.0,1,5435.0,136.8,428.0,7.42,42.7,MI,0.2
Rohan Singh,36,India,Bowler,287.0,15,228.0,104.4,636.0,5.05,42.26,LSG,0.5
Amit Malik,40,India,Batter,210.0,9,4680.0,105.8,13.0,8.1,44.68,CSK,5.0
Amit Yadav,22,South Africa,Bowler,19.0,1,1447.0,135.1,751.0,5.73,49.31,RR,2.0
Pranav Khan,27,Sri Lanka,Wicketkeeper,70.0,4,4304.0,105.2,0.0,0.0,20.67,MI,0.5
Ankit Patel,25,England,Allrounder,18.0,1,4453.0,131.6,83.0,7.73,44.49,PBKS,2.0
Manoj Chopra,19,India,Bowler,28.0,1,615.0,143.2,763.0,7.18,53.63,DC,0.2
Ankit Khan,39,Australia,Allrounder,277.0,10,6920.0,124.3,228.0,6.88,34.07,MI,3.0
Irfan Khan,26,India,Batter,40.0,2,5421.0,129.4,12.0,6.54,29.7,RCB,1.0
Irfan Patel,32,South Africa,Wicketkeeper,251.0,12,4870.0,150.3,0.0,0.0,40.41,MI,7.0
Sandeep Shetty,20,England,Bowler,40.0,2,2024.0,116.3,514.0,6.25,21.82,RR,1.0
Nikhil Shetty,33,India,Wicketkeeper,347.0,12,6528.0,96.9,0.0,0.0,34.82,DC,2.0
Arjun Chopra,30,West Indies,Wicketkeeper,173.0,7,6270.0,100.1,0.0,0.0,41.24,LSG,0.2
Arjun Mehta,30,India,Wicketkeeper,37.0,2,8426.0,147.9,0.0,0.0,50.9,KKR,0.2
Ankit Chopra,18,India,Batter,18.0,1,3976.0,107.7,11.0,8.31,50.2,LSG,1.5
Karthik Iyer,29,South Africa,Allrounder,60.0,3,3226.0,106.8,463.0,8.1,45.81,GT,2.0
Rahul Deshmukh,25,South Africa,Bowler,15.0,1,2851.0,143.2,514.0,5.09,54.9,RCB,3.0
Pranav Mehta,29,Sri Lanka,Batter,20.0,1,3494.0,148.8,4.0,6.11,41.79,MI,1.0
Vikas Patel,29,South Africa,Batter,54.0,3,5988.0,122.9,15.0,9.41,49.66,CSK,5.0
Karthik Reddy,41,Sri Lanka,Allrounder,76.0,5,3849.0,115.1,96.0,5.22,22.35,DC,10.0
Nikhil Shetty,22,West Indies,Batter,20.0,1,3178.0,144.0,12.0,9.41,49.84,RCB,7.0
Arjun Deshmukh,31,West Indies,Wicketkeeper,243.0,11,6224.0,151.3,0.0,0.0,22.98,SRH,0.2
Rahul Chopra,31,India,Allrounder,58.0,3,4780.0,99.3,356.0,6.35,27.38,RR,2.0
Sandeep Malik,19,India,Wicketkeeper,29.0,1,10321.0,108.8,0.0,0.0,36.42,GT,0.2
Sandeep Sharma,28,South Africa,Wicketkeeper,129.0,7,6922.0,111.1,0.0,0.0,23.53,DC,1.0
Ankit Mehta,21,India,Batter,22.0,1,7623.0,103.8,5.0,6.59,54.06,DC,11.0
Vikas Mehta,35,Australia,Batter,72.0,4,12038.0,153.1,6.0,8.66,35.39,CSK,0.5
Rohan Patel,38,India,Bowler,48.0,2,3236.0,142.9,575.0,5.06,31.42,PBKS,2.0
Rahul Verma,19,England,Allrounder,24.0,1,4761.0,109.0,296.0,6.05,24.54,CSK,3.0
Aditya Singh,24,India,Wicketkeeper,66.0,3,9172.0,110.4,0.0,0.0,32.44,RCB,5.0
Arjun Shetty,41,India,Batter,450.0,17,10814.0,98.8,1.0,8.36,27.37,RCB,3.0
Pranav Naidu,27,India,Bowler,90.0,3,948.0,103.8,300.0,7.07,31.99,MI,0.2
Harshit Deshmukh,39,West Indies,Bowler,473.5,21,2984.0,104.3,703.0,7.29,22.9,RCB,1.5
Karthik Shetty,38,England,Allrounder,403.0,17,4451.0,113.1,359.0,6.7,39.72,RCB,2.0
Vikas Yadav,31,India,Wicketkeeper,19.0,1,11788.0,143.2,0.0,0.0,24.8,PBKS,0.2
Harshit Sharma,38,Australia,Batter,380.0,16,4428.0,125.3,15.0,8.03,25.04,RCB,1.5
Sandeep Khan,21,India,Allrounder,32.0,2,3794.0,111.4,335.0,7.18,37.07,SRH,0.2
Rahul Iyer,29,Australia,Batter,150.0,6,7194.0,122.6,14.0,6.29,30.73,LSG,0.2
Nikhil Naidu,38,England,Batter,111.0,5,9568.0,98.4,13.0,8.88,34.65,CSK,1.5
Ankit Chopra,37,England,Wicketkeeper,122.0,5,3867.0,122.5,0.0,0.0,45.38,PBKS,0.5
Rohan Khan,39,India,Wicketkeeper,399.0,14,6511.0,129.5,0.0,0.0,43.35,CSK,3.0
Sandeep Malik,40,Australia,Batter,462.0,18,5592.0,146.7,12.0,8.72,30.99,MI,5.0
Irfan Naidu,20,England,Wicketkeeper,29.0,1,10175.0,127.3,0.0,0.0,49.4,MI,7.0
Rahul Patel,38,India,Wicketkeeper,473.0,18,9596.0,154.4,0.0,0.0,51.13,RCB,0.5
Rahul Singh,24,Sri Lanka,Allrounder,73.0,4,7253.0,106.7,419.0,6.3,37.13,DC,0.5
Karthik Sharma,33,India,Allrounder,60.0,2,5349.0,124.6,114.0,7.6,36.91,GT,0.2
Nikhil Sharma,38,South Africa,Allrounder,112.0,7,8123.0,116.7,225.0,7.93,50.09,PBKS,3.0
Amit Yadav,31,South Africa,Bowler,154.0,8,1032.0,114.7,730.0,5.55,35.89,CSK,5.0
Rahul Verma,23,India,Bowler,24.0,1,3578.0,102.6,809.0,6.9,26.87,RR,0.2
Arjun Yadav,32,India,Wicketkeeper,223.0,14,4014.0,152.1,0.0,0.0,26.14,SRH,10.0
Sandeep Yadav,31,South Africa,Allrounder,151.0,6,5395.0,129.8,314.0,6.99,37.14,DC,0.2
Ankit Khan,40,South Africa,Wicketkeeper,91.0,6,11689.0,133.7,0.0,0.0,28.04,PBKS,3.0
Aditya Kulkarni,37,India,Batter,146.0,7,13880.0,117.3,10.0,7.93,43.16,PBKS,5.0
Sameer Iyer,18,England,Wicketkeeper,18.0,1,9158.0,103.5,0.0,0.0,39.98,LSG,10.0
Irfan Malik,26,Sri Lanka,Wicketkeeper,18.0,1,3097.0,106.1,0.0,0.0,29.75,RCB,5.0
Manoj Deshmukh,24,India,Bowler,166.0,6,1546.0,106.0,301.0,4.83,48.9,GT,7.0
Pranav Mehta,29,England,Bowler,112.0,4,1490.0,150.6,96.0,5.09,53.95,CSK,1.5
Aditya Naidu,27,South Africa,Batter,127.0,5,8762.0,103.6,11.0,8.0,33.11,LSG,7.0
Rahul Khan,35,Sri Lanka,Allrounder,319.0,14,4556.0,117.0,130.0,7.79,23.05,RCB,0.2
Manoj Verma,35,Australia,Wicketkeeper,179.0,6,4125.0,128.4,0.0,0.0,49.58,RR,10.0
Pranav Sharma,20,South Africa,Batter,18.0,1,11133.0,105.5,3.0,8.79,43.55,PBKS,3.0
Pranav Verma,38,India,Batter,282.0,15,10448.0,108.1,12.0,6.77,50.59,RR,7.0
Rahul Singh,21,South Africa,Wicketkeeper,27.0,1,2624.0,110.0,0.0,0.0,29.21,LSG,2.0
Rohan Khan,29,Australia,Allrounder,113.0,4,8894.0,147.2,447.0,5.0,47.74,SRH,5.0
Amit Khan,31,India,Bowler,168.0,11,107.0,140.0,237.0,6.38,25.32,RR,3.0
Ankit Iyer,29,South Africa,Allrounder,196.0,9,6052.0,116.1,240.0,6.6,23.28,PBKS,5.0
Irfan Sharma,24,South Africa,Wicketkeeper,91.0,5,8896.0,124.2,0.0,0.0,52.23,PBKS,0.2
Sameer Singh,41,India,Wicketkeeper,145.0,6,6284.0,97.4,0.0,0.0,30.2,GT,0.2
Arjun Patel,21,South Africa,Bowler,85.0,3,3754.0,109.3,346.0,4.79,51.8,PBKS,1.0
Vikas Patel,35,India,Allrounder,145.0,6,1594.0,123.0,361.0,6.64,46.62,MI,0.5
Amit Mehta,42,India,Bowler,473.5,19,103.0,124.2,840.0,4.59,35.05,GT,10.0
Pranav Kulkarni,41,India,Wicketkeeper,105.0,5,6133.0,130.8,0.0,0.0,54.98,DC,0.5
Aditya Shetty,27,Australia,Bowler,102.0,4,211.0,118.9,361.0,6.92,48.96,RR,11.0
Pranav Mehta,20,India,Batter,29.0,1,12763.0,96.8,3.0,6.6,27.16,MI,1.5
Rohan Khan,21,India,Allrounder,17.0,1,5548.0,125.6,472.0,6.19,41.53,RCB,0.5
Rahul Naidu,29,South Africa,Wicketkeeper,64.0,4,10471.0,149.6,0.0,0.0,37.84,CSK,7.0
Pranav Reddy,38,England,Bowler,85.0,3,3720.0,98.0,541.0,5.9,21.22,RR,5.0
Amit Khan,23,India,Allrounder,33.0,2,4308.0,121.3,217.0,6.93,49.37,RCB,2.0
Sandeep Chopra,33,India,Batter,199.0,10,12930.0,96.5,0.0,6.56,35.72,SRH,3.0
Vikas Malik,35,India,Bowler,21.0,1,120.0,98.0,415.0,4.9,45.36,DC,5.0
Aditya Deshmukh,22,Australia,Batter,38.0,2,10890.0,131.5,6.0,6.39,29.84,RCB,1.0
Karthik Deshmukh,20,South Africa,Allrounder,46.0,2,4776.0,117.8,138.0,5.61,48.05,LSG,11.0
Pranav Malik,26,South Africa,Bowler,51.0,3,2390.0,140.0,877.5,5.49,24.39,SRH,11.0
Sandeep Shetty,42,Sri Lanka,Allrounder,473.5,19,8732.0,109.2,268.0,7.7,43.71,KKR,5.0
Irfan Singh,31,India,Allrounder,248.0,10,5016.0,150.7,142.0,6.98,33.56,PBKS,0.5
Sameer Kulkarni,36,Sri Lanka,Allrounder,222.0,12,8786.0,96.1,57.0,5.23,48.94,MI,5.0
Rohan Mehta,34,England,Wicketkeeper,236.0,9,2990.0,126.5,0.0,0.0,47.13,GT,0.2
Manoj Shetty,21,England,Allrounder,22.0,1,2095.0,115.7,150.0,5.82,21.05,RCB,0.2
Sandeep Shetty,39,India,Allrounder,182.0,12,4109.0,135.1,392.0,8.37,52.66,DC,1.0
Karthik Mehta,18,India,Bowler,17.0,1,1579.0,131.7,370.0,5.01,43.75,DC,2.0
Rahul Chopra,37,India,Bowler,178.0,7,3656.0,145.9,741.0,5.21,53.15,SRH,10.0
Ankit Malik,31,India,Wicketkeeper,215.0,11,3313.0,148.1,0.0,0.0,45.87,DC,5.0
Rohan Reddy,33,India,Batter,177.0,8,5803.0,111.9,10.0,6.97,53.72,MI,5.0
Nikhil Sharma,36,India,Bowler,359.0,13,3208.0,138.0,669.0,4.04,44.72,SRH,2.0
Sandeep Malik,18,India,Allrounder,16.0,1,4263.0,154.4,370.0,7.18,30.92,RR,1.5
Rahul Malik,18,Australia,Wicketkeeper,23.0,1,7696.0,115.4,0.0,0.0,22.76,RR,1.5
Rahul Chopra,42,Sri Lanka,Wicketkeeper,336.0,12,3271.0,121.6,0.0,0.0,29.14,DC,11.0
Karthik Malik,30,England,Wicketkeeper,88.0,5,2979.0,115.6,0.0,0.0,49.21,MI,0.2
Sandeep Patel,25,South Africa,Batter,22.0,1,5788.0,106.1,2.0,9.27,33.04,DC,10.0
Irfan Khan,24,India,Allrounder,178.0,6,8610.0,98.7,66.0,8.25,23.23,GT,3.0
Amit Verma,26,Australia,Batter,25.0,1,14270.0,130.7,12.0,6.57,25.27,MI,2.0
Nikhil Naidu,26,India,Bowler,65.0,3,3530.0,121.8,231.0,7.68,37.55,MI,5.0
Pranav Naidu,42,West Indies,Wicketkeeper,473.5,19,6440.0,109.8,0.0,0.0,36.48,MI,2.0
Rohan Singh,36,India,Wicketkeeper,263.0,16,6822.0,134.7,0.0,0.0,46.29,LSG,10.0
Ankit Chopra,42,India,Batter,169.0,10,4231.0,129.7,15.0,8.64,51.65,KKR,10.0
Pranav Yadav,19,South Africa,Batter,21.0,1,10989.0,140.4,3.0,8.86,21.95,LSG,2.0
Harshit Verma,28,India,Allrounder,114.0,4,5632.0,107.7,94.0,5.02,43.22,LSG,1.0
Manoj Naidu,22,West Indies,Allrounder,36.0,2,7889.0,119.1,244.0,6.44,50.96,PBKS,3.0
Manoj Iyer,24,India,Allrounder,19.0,1,5276.0,149.6,488.0,8.13,30.99,SRH,10.0
Vikas Sharma,21,India,Batter,62.0,3,3468.0,111.3,15.0,8.42,26.67,LSG,0.5
Ankit Verma,39,West Indies,Wicketkeeper,298.0,17,8306.0,106.1,0.0,0.0,31.97,MI,3.0
Manoj Chopra,31,West Indies,Bowler,81.0,4,217.0,144.9,531.0,5.63,24.2,RR,3.0
Amit Kulkarni,26,South Africa,Batter,114.0,6,7816.0,126.9,6.0,8.57,30.08,RR,5.0
Arjun Mehta,30,West Indies,Allrounder,72.0,3,2394.0,113.0,388.0,6.72,40.86,LSG,0.5
Vikas Patel,19,India,Batter,23.0,1,6911.0,104.9,2.0,7.52,24.08,CSK,5.0
Vikas Khan,35,South Africa,Allrounder,85.0,4,4718.0,149.1,91.0,6.91,32.04,PBKS,10.0
Karthik Yadav,25,India,Allrounder,134.0,6,6717.0,134.5,187.0,7.57,52.6,RCB,0.5
Aditya Sharma,40,India,Allrounder,473.5,20,8936.0,129.0,398.0,7.87,43.0,MI,1.0
Irfan Khan,37,India,Allrounder,320.0,16,7082.0,119.0,75.0,8.14,31.44,KKR,11.0
Sameer Naidu,23,India,Allrounder,51.0,2,5387.0,144.6,259.0,5.04,48.03,RCB,0.5
Rohan Khan,28,India,Bowler,15.0,1,2433.0,129.6,440.0,4.4,36.24,MI,7.0
Karthik Malik,33,Sri Lanka,Batter,178.0,10,3740.0,153.8,0.0,6.42,27.51,KKR,2.0
Arjun Chopra,36,India,Bowler,174.0,10,409.0,130.7,391.0,4.26,45.86,RCB,1.0
Karthik Deshmukh,41,West Indies,Wicketkeeper,230.0,11,10470.0,96.9,0.0,0.0,43.06,DC,10.0
Amit Malik,26,Australia,Wicketkeeper,180.0,6,7967.0,126.9,0.0,0.0,23.61,DC,2.0
Rohan Kulkarni,34,India,Batter,277.0,16,9722.0,129.1,7.0,6.6,30.37,GT,2.0
Karthik Sharma,39,South Africa,Allrounder,121.0,5,3190.0,144.1,421.0,8.28,54.42,KKR,1.5
Pranav Patel,20,West Indies,Wicketkeeper,29.0,1,11132.0,110.6,0.0,0.0,53.94,SRH,3.0
Sameer Singh,23,South Africa,Allrounder,62.0,3,4033.0,115.9,137.0,6.51,21.76,RR,0.5
Manoj Shetty,19,England,Batter,24.0,1,4805.0,136.5,0.0,6.18,36.03,LSG,1.5
Karthik Kulkarni,33,West Indies,Bowler,299.0,15,2555.0,131.8,651.0,4.86,28.85,RCB,11.0
Karthik Verma,39,Australia,Allrounder,91.0,6,5218.0,116.6,60.0,7.02,48.82,MI,1.0
Amit Naidu,24,India,Batter,72.0,3,8771.0,123.6,0.0,8.87,32.28,SRH,5.0
Ankit Khan,19,West Indies,Bowler,19.0,1,3906.0,143.3,168.0,5.38,31.49,SRH,1.5
Aditya Yadav,40,India,Bowler,209.0,9,896.0,100.1,112.0,4.79,36.33,RR,7.0
Vikas Shetty,33,South Africa,Allrounder,327.0,15,8906.0,145.5,90.0,6.69,27.74,RR,0.5
Sandeep Mehta,26,England,Allrounder,149.0,5,2640.0,143.5,389.0,6.33,48.83,RR,11.0
Sandeep Reddy,42,India,Allrounder,143.0,7,3998.0,122.5,83.0,6.35,30.62,GT,2.0
Manoj Shetty,27,India,Bowler,137.0,8,2156.0,102.1,532.0,7.54,52.68,RR,1.0
Karthik Singh,40,Sri Lanka,Allrounder,272.0,11,4860.0,126.9,276.0,7.39,21.14,RR,0.2
Rahul Shetty,18,Australia,Wicketkeeper,22.0,1,10891.0,123.5,0.0,0.0,34.27,RCB,0.5
Amit Shetty,29,India,Allrounder,70.0,3,6989.0,134.4,43.0,5.56,53.99,RR,2.0
Irfan Sharma,32,India,Wicketkeeper,264.0,13,4253.0,128.7,0.0,0.0,45.02,MI,1.5
Irfan Verma,28,Sri Lanka,Batter,234.0,10,3997.0,120.1,3.0,6.24,24.07,PBKS,7.0
Aditya Yadav,41,India,Batter,473.5,19,5234.0,151.3,7.0,8.14,43.16,GT,2.0
Rohan Kulkarni,39,India,Bowler,473.5,21,2554.0,116.3,784.0,4.29,39.27,SRH,1.0
Amit Iyer,24,India,Batter,18.0,1,7050.0,145.0,6.0,7.41,48.51,PBKS,3.0
Irfan Chopra,21,South Africa,Batter,31.0,2,4995.0,117.4,9.0,8.14,28.94,LSG,5.0
Irfan Yadav,30,Australia,Bowler,225.0,8,2509.0,116.3,777.0,4.4,34.46,GT,0.5
Manoj Iyer,32,India,Batter,246.0,14,13771.0,134.5,7.0,8.37,22.45,CSK,0.5
Karthik Naidu,23,Australia,Bowler,87.0,5,3928.0,105.9,682.0,5.5,25.49,SRH,0.2
Manoj Reddy,33,Sri Lanka,Allrounder,143.0,6,8164.0,97.5,257.0,7.9,34.67,MI,5.0
Karthik Patel,22,South Africa,Allrounder,15.0,1,6255.0,147.8,195.0,5.59,39.5,PBKS,5.0
Sameer Khan,19,India,Batter,29.0,1,14846.0,125.1,14.0,6.81,45.6,DC,2.0
Ankit Chopra,26,India,Bowler,26.0,1,3696.0,108.2,803.0,7.64,51.02,GT,7.0
Sandeep Kulkarni,34,England,Batter,362.0,13,14783.0,150.0,10.0,9.27,42.24,RCB,7.0
Rohan Shetty,32,South Africa,Bowler,197.0,12,3752.0,119.2,740.0,6.39,46.33,SRH,3.0
Nikhil Kulkarni,33,West Indies,Wicketkeeper,204.0,7,11108.0,126.9,0.0,0.0,43.71,RCB,10.0
Nikhil Mehta,26,South Africa,Allrounder,49.0,3,1868.0,138.9,55.0,6.5,48.86,DC,0.5
Rahul Kulkarni,41,Sri Lanka,Bowler,176.0,6,1951.0,145.0,411.0,4.56,38.91,MI,0.2
Rahul Khan,42,South Africa,Bowler,216.0,8,3986.0,120.9,510.0,7.21,33.27,RCB,1.0
Rahul Sharma,20,Sri Lanka,Allrounder,26.0,1,6468.0,110.1,363.0,8.2,49.55,MI,0.2
Rahul Deshmukh,18,South Africa,Allrounder,19.0,1,6721.0,125.8,333.0,6.69,30.8,LSG,3.0
Rohan Naidu,35,Australia,Bowler,133.0,7,824.0,114.5,839.0,6.18,21.37,LSG,10.0
Rahul Mehta,23,India,Bowler,73.0,4,136.0,95.4,223.0,5.03,54.24,CSK,0.2
Nikhil Chopra,18,England,Wicketkeeper,20.0,1,11153.0,152.9,0.0,0.0,33.83,MI,0.5
Nikhil Malik,33,West Indies,Bowler,82.0,4,1460.0,115.7,713.0,6.77,43.49,LSG,2.0
Karthik Reddy,35,India,Batter,147.0,5,4280.0,151.8,4.0,8.82,34.01,RR,10.0
Rahul Naidu,34,India,Batter,288.0,10,8421.0,111.0,0.0,8.74,54.66,KKR,1.0
Sameer Malik,25,South Africa,Allrounder,195.0,7,4431.0,131.2,74.0,5.09,43.08,SRH,2.0
Arjun Mehta,23,West Indies,Batter,84.0,3,11192.0,102.2,9.0,8.41,52.85,KKR,0.2
Arjun Deshmukh,30,Sri Lanka,Batter,217.0,10,13702.0,132.4,0.0,6.63,27.79,MI,0.5
Rohan Yadav,19,India,Wicketkeeper,19.0,1,5846.0,113.4,0.0,0.0,39.13,DC,11.0
Vikas Naidu,35,India,Batter,253.0,11,4159.0,104.6,13.0,7.46,25.98,MI,11.0
Sandeep Verma,37,India,Wicketkeeper,47.0,3,10636.0,120.1,0.0,0.0,46.5,CSK,0.2
Manoj Naidu,34,India,Allrounder,122.0,8,1953.0,100.0,53.0,8.14,33.76,SRH,11.0
Pranav Kulkarni,42,West Indies,Wicketkeeper,166.0,7,3354.0,101.0,0.0,0.0,20.58,CSK,3.0
Manoj Deshmukh,30,West Indies,Bowler,122.0,7,473.0,131.1,528.0,6.51,25.71,RR,10.0
Ankit Yadav,21,South Africa,Allrounder,48.0,3,3451.0,96.4,158.0,5.82,49.22,DC,2.0
Manoj Deshmukh,20,India,Bowler,15.0,1,3576.0,103.1,817.0,7.7,28.1,GT,2.0
Rahul Sharma,25,Sri Lanka,Batter,128.0,7,7630.0,150.6,1.0,9.04,34.69,RCB,2.0
Rohan Iyer,28,South Africa,Bowler,151.0,6,2693.0,97.4,205.0,4.19,40.09,PBKS,5.0
Rohan Chopra,39,Sri Lanka,Batter,90.0,3,8848.0,96.7,7.0,7.38,40.41,KKR,0.5
Ankit Shetty,32,Australia,Allrounder,347.0,12,3500.0,142.2,309.0,5.04,30.73,GT,0.2
Amit Singh,26,Sri Lanka,Batter,125.0,6,4285.0,130.3,6.0,6.14,33.92,RR,1.0
Aditya Chopra,22,India,Allrounder,41.0,2,7438.0,127.7,457.0,8.41,29.63,KKR,5.0
Aditya Naidu,22,India,Bowler,15.0,1,2043.0,111.3,114.0,6.7,51.65,LSG,0.5
Rohan Malik,26,India,Wicketkeeper,110.0,5,8790.0,117.5,0.0,0.0,39.25,MI,5.0
Manoj Naidu,33,India,Wicketkeeper,21.0,1,8714.0,98.0,0.0,0.0,34.91,CSK,11.0
Pranav Verma,23,West Indies,Batter,108.0,4,8698.0,143.3,0.0,8.91,27.85,CSK,0.2
Harshit Shetty,37,India,Allrounder,172.0,11,4293.0,144.0,411.0,5.79,52.56,PBKS,5.0
Harshit Deshmukh,37,India,Wicketkeeper,351.0,14,8858.0,100.7,0.0,0.0,35.75,CSK,2.0
Irfan Chopra,41,South Africa,Allrounder,473.5,22,7391.0,147.2,330.0,6.18,22.92,LSG,10.0
Sandeep Reddy,42,India,Allrounder,322.0,17,8935.0,140.1,47.0,5.74,21.8,LSG,0.5
Vikas Shetty,26,Australia,Batter,118.0,5,12356.0,121.5,12.0,7.72,31.7,GT,5.0
Rohan Kulkarni,19,India,Allrounder,18.0,1,4014.0,126.8,331.0,6.38,25.65,SRH,7.0
Irfan Iyer,39,Sri Lanka,Allrounder,169.0,11,5103.0,143.3,44.0,7.0,46.61,LSG,11.0
Karthik Kulkarni,32,India,Allrounder,28.0,1,1979.0,104.0,336.0,5.54,29.39,GT,5.0
Rahul Naidu,20,Australia,Allrounder,54.0,2,7944.0,119.5,181.0,6.26,43.79,RCB,2.0
Vikas Kulkarni,26,India,Bowler,231.0,8,2531.0,97.1,751.0,4.22,33.72,RCB,3.0
Pranav Sharma,19,West Indies,Batter,29.0,1,12500.0,106.6,10.0,8.44,42.45,RCB,10.0
Aditya Verma,19,India,Batter,26.0,1,11854.0,148.2,1.0,6.91,51.35,SRH,3.0
Rahul Patel,37,Sri Lanka,Allrounder,134.0,8,5686.0,108.8,79.0,6.04,34.4,GT,0.2
Nikhil Singh,25,India,Allrounder,50.0,2,4993.0,135.3,488.0,5.84,48.91,RR,10.0
Ankit Mehta,27,England,Batter,71.0,3,13682.0,144.5,11.0,8.36,33.89,DC,5.0
Sandeep Singh,33,Australia,Batter,94.0,5,12686.0,139.3,0.0,6.55,32.62,CSK,5.0
Harshit Singh,21,West Indies,Bowler,82.0,3,2919.0,111.2,432.0,6.55,22.84,GT,0.5
Pranav Deshmukh,24,South Africa,Batter,108.0,4,13636.0,104.4,2.0,9.47,54.59,RCB,5.0
Arjun Deshmukh,20,West Indies,Wicketkeeper,16.0,1,10238.0,153.6,0.0,0.0,47.78,MI,1.5
Ankit Verma,39,Australia,Wicketkeeper,379.0,17,7885.0,134.6,0.0,0.0,40.22,KKR,5.0
Vikas Naidu,25,India,Allrounder,193.0,7,3474.0,112.4,267.0,8.03,36.37,DC,0.2
Rahul Singh,41,West Indies,Allrounder,229.0,14,8992.0,119.7,225.0,7.17,34.96,GT,5.0
Karthik Shetty,38,India,Bowler,385.0,16,3390.0,128.9,208.0,5.26,49.77,RR,11.0
Pranav Mehta,35,Australia,Wicketkeeper,221.0,8,7200.0,107.1,0.0,0.0,52.71,RCB,0.2
Rahul Reddy,28,West Indies,Batter,108.0,6,12437.0,144.4,15.0,8.41,39.47,RR,11.0
Sameer Naidu,38,India,Bowler,120.0,7,1714.0,96.0,349.0,6.96,48.64,CSK,2.0
Aditya Patel,42,India,Wicketkeeper,473.5,18,2892.0,97.4,0.0,0.0,51.15,RCB,10.0
Sandeep Chopra,40,South Africa,Batter,144.0,6,8805.0,112.6,4.0,9.47,27.36,GT,7.0
Aditya Verma,30,England,Bowler,266.0,12,2422.0,110.2,703.0,6.91,50.29,MI,3.0
Rahul Deshmukh,37,Sri Lanka,Batter,118.0,4,9699.0,102.6,14.0,6.36,54.27,DC,5.0
Harshit Naidu,41,India,Allrounder,395.0,14,7774.0,145.8,341.0,7.36,31.35,RCB,10.0
Sameer Sharma,34,England,Bowler,88.0,3,2659.0,130.7,544.0,6.57,41.11,PBKS,2.0
Sandeep Chopra,30,Australia,Wicketkeeper,102.0,6,6305.0,136.0,0.0,0.0,40.14,PBKS,1.5
Amit Mehta,27,West Indies,Allrounder,194.0,8,5663.0,111.6,472.0,6.5,46.9,GT,5.0
Manoj Singh,31,India,Allrounder,80.0,5,8168.0,136.5,416.0,5.79,28.17,RCB,7.0
Arjun Verma,41,England,Wicketkeeper,117.0,7,8190.0,132.5,0.0,0.0,46.15,PBKS,7.0
Rohan Verma,27,Sri Lanka,Batter,59.0,3,5774.0,98.6,9.0,6.77,24.58,LSG,7.0
Pranav Verma,26,India,Bowler,36.0,2,2261.0,146.0,600.0,6.3,21.57,RCB,2.0
Nikhil Khan,42,West Indies,Batter,158.0,6,6197.0,115.5,0.0,8.57,36.75,CSK,7.0
Ankit Yadav,33,South Africa,Batter,397.0,14,10288.0,114.9,4.0,9.25,36.29,SRH,0.5
Aditya Deshmukh,32,Sri Lanka,Batter,130.0,5,11081.0,99.9,8.0,6.05,29.05,MI,3.0
Aditya Kulkarni,20,England,Allrounder,17.0,1,7597.0,132.9,446.0,5.1,34.92,MI,0.2
Ankit Iyer,25,England,Batter,125.0,6,10429.0,105.5,2.0,7.92,30.36,GT,1.5
Manoj Patel,40,England,Batter,213.0,11,12145.0,152.9,1.0,8.32,21.76,GT,1.5
Sandeep Mehta,38,India,Bowler,21.0,1,1086.0,129.6,561.0,7.38,39.74,RR,1.5
Aditya Naidu,22,India,Bowler,72.0,4,2600.0,99.2,170.0,5.9,23.15,SRH,5.0
Manoj Patel,34,West Indies,Batter,183.0,7,6416.0,115.5,5.0,8.1,52.1,LSG,1.5
Nikhil Reddy,19,India,Allrounder,26.0,1,5466.0,103.6,311.0,6.42,45.02,PBKS,2.0
Irfan Yadav,39,Sri Lanka,Allrounder,152.0,6,8026.0,126.5,362.0,6.03,44.42,SRH,1.0
Arjun Naidu,30,India,Allrounder,206.0,10,2420.0,142.5,491.0,8.15,43.67,SRH,1.5
Karthik Singh,42,South Africa,Wicketkeeper,179.0,10,5386.0,135.8,0.0,0.0,53.11,KKR,1.0
Ankit Deshmukh,32,India,Batter,151.0,6,11014.0,95.1,13.0,7.04,29.52,RR,0.2
Rohan Verma,39,India,Batter,233.0,8,9701.0,134.7,1.0,6.76,42.18,GT,3.0
Pranav Singh,35,South Africa,Allrounder,278.0,11,4983.0,96.0,244.0,7.08,45.51,RR,5.0
Karthik Deshmukh,26,England,Allrounder,16.0,1,4027.0,134.9,269.0,6.13,39.48,KKR,3.0
Arjun Yadav,31,England,Bowler,68.0,4,2477.0,103.1,632.0,5.3,23.3,MI,2.0
Rahul Shetty,18,England,Wicketkeeper,17.0,1,3306.0,144.9,0.0,0.0,52.14,DC,1.5
Arjun Yadav,34,West Indies,Allrounder,155.0,7,8542.0,101.2,407.0,7.27,34.07,RCB,10.0
Sameer Singh,25,South Africa,Bowler,58.0,3,2264.0,141.8,830.0,6.77,24.14,DC,2.0
Irfan Sharma,25,India,Batter,27.0,1,10944.0,137.7,1.0,6.0,32.48,GT,2.0
Amit Yadav,23,India,Allrounder,62.0,3,7643.0,95.8,103.0,5.89,38.91,KKR,0.2
Sandeep Malik,30,India,Wicketkeeper,184.0,11,3710.0,146.1,0.0,0.0,53.52,SRH,1.5
Amit Deshmukh,34,India,Batter,234.0,14,12636.0,125.9,12.0,7.98,22.98,GT,1.5
Harshit Singh,24,West Indies,Allrounder,77.0,5,3975.0,117.8,180.0,6.92,41.25,RR,1.5
Rohan Kulkarni,32,Sri Lanka,Batter,84.0,4,7771.0,109.4,13.0,7.36,23.32,PBKS,3.0
Arjun Verma,20,Australia,Wicketkeeper,22.0,1,8765.0,113.9,0.0,0.0,23.38,LSG,3.0
Ankit Shetty,18,India,Wicketkeeper,29.0,1,6171.0,105.6,0.0,0.0,54.56,GT,3.0
Harshit Yadav,36,England,Wicketkeeper,30.0,1,11726.0,121.6,0.0,0.0,38.62,LSG,7.0
Ankit Iyer,21,India,Allrounder,80.0,3,2886.0,154.7,146.0,8.06,40.4,MI,7.0
Rahul Iyer,33,Sri Lanka,Bowler,283.0,10,2961.0,114.6,660.0,7.09,30.7,RR,5.0
Harshit Naidu,42,South Africa,Batter,159.0,8,8535.0,135.4,4.0,7.41,43.88,SRH,11.0
Irfan Sharma,19,India,Wicketkeeper,30.0,1,11438.0,113.9,0.0,0.0,24.66,SRH,0.2
Ankit Naidu,33,West Indies,Bowler,161.0,6,3517.0,102.7,837.0,6.4,40.25,LSG,0.5
Manoj Deshmukh,41,South Africa,Batter,53.0,3,3223.0,137.0,5.0,8.43,46.37,MI,0.2
Vikas Naidu,34,India,Bowler,116.0,4,1737.0,125.0,587.0,7.32,45.56,MI,5.0
Sandeep Deshmukh,23,South Africa,Wicketkeeper,126.0,5,2651.0,132.2,0.0,0.0,26.53,GT,10.0
Rohan Deshmukh,27,West Indies,Wicketkeeper,40.0,2,8588.0,96.5,0.0,0.0,29.96,SRH,1.0
Rohan Chopra,36,England,Bowler,156.0,6,2476.0,132.0,337.0,5.68,49.75,KKR,10.0
Sameer Singh,33,India,Bowler,187.0,8,2928.0,102.5,565.0,4.75,53.72,RCB,0.2
Sandeep Iyer,18,India,Wicketkeeper,15.0,1,7609.0,101.5,0.0,0.0,36.75,LSG,10.0
Aditya Patel,40,Sri Lanka,Bowler,147.0,7,387.0,127.5,142.0,6.23,23.01,GT,1.5
Rahul Singh,37,India,Bowler,313.0,15,2575.0,101.3,94.0,4.22,40.5,GT,0.2
Irfan Khan,24,Australia,Allrounder,68.0,3,6615.0,109.0,432.0,6.91,42.32,RR,2.0
Rahul Mehta,30,India,Bowler,102.0,5,1146.0,97.5,262.0,7.12,37.43,RCB,1.0
Harshit Chopra,26,South Africa,Bowler,40.0,2,2357.0,110.1,870.0,6.62,30.77,PBKS,1.0
Vikas Iyer,36,India,Wicketkeeper,190.0,9,3996.0,131.8,0.0,0.0,51.43,CSK,1.0
Sandeep Naidu,37,England,Bowler,84.0,5,3669.0,130.0,133.0,7.08,45.56,CSK,7.0
Pranav Naidu,22,Australia,Wicketkeeper,92.0,4,4421.0,116.9,0.0,0.0,42.43,DC,3.0
Manoj Shetty,25,Sri Lanka,Wicketkeeper,120.0,5,7607.0,123.0,0.0,0.0,26.65,RR,1.0
Sameer Mehta,34,India,Batter,327.0,11,7550.0,128.4,4.0,8.46,32.55,KKR,3.0
Karthik Deshmukh,31,India,Wicketkeeper,246.0,9,8204.0,149.7,0.0,0.0,20.73,SRH,5.0
Irfan Naidu,23,South Africa,Allrounder,21.0,1,6554.0,98.4,326.0,6.11,46.83,DC,1.0
Sandeep Khan,24,India,Allrounder,88.0,4,4457.0,114.9,309.0,7.46,43.65,CSK,2.0
Ankit Patel,24,Australia,Allrounder,15.0,1,6470.0,140.4,179.0,6.39,35.9,DC,0.5
Manoj Sharma,19,Australia,Wicketkeeper,16.0,1,11874.0,119.7,0.0,0.0,52.72,SRH,0.5
Karthik Iyer,18,West Indies,Wicketkeeper,18.0,1,3125.0,110.1,0.0,0.0,24.22,LSG,5.0
Aditya Deshmukh,29,India,Bowler,17.0,1,1718.0,153.2,202.0,6.22,33.22,RCB,0.5
Ankit Patel,19,Australia,Batter,21.0,1,13733.0,115.4,0.0,6.22,37.71,GT,3.0
Sameer Mehta,28,West Indies,Bowler,91.0,6,3852.0,134.5,760.0,4.62,54.92,DC,5.0
Rahul Yadav,30,India,Batter,198.0,7,7368.0,116.3,2.0,7.58,34.02,GT,0.2
Rohan Mehta,23,West Indies,Batter,86.0,4,5833.0,148.0,0.0,6.4,34.52,KKR,3.0
Rahul Singh,27,India,Allrounder,147.0,5,5292.0,134.6,85.0,6.36,35.47,LSG,1.0
Aditya Patel,21,England,Bowler,15.0,1,3140.0,98.7,253.0,6.46,48.48,RCB,11.0
Karthik Patel,18,Australia,Allrounder,21.0,1,7622.0,133.9,426.0,8.29,53.41,KKR,2.0
Amit Reddy,41,India,Allrounder,110.0,5,2650.0,123.6,329.0,5.53,41.06,SRH,7.0
Irfan Yadav,28,India,Bowler,127.0,7,1208.0,119.1,345.0,6.21,31.83,SRH,3.0
Rahul Naidu,40,England,Allrounder,314.0,15,7827.0,118.5,368.0,5.44,25.69,DC,0.2
Amit Malik,34,South Africa,Bowler,264.0,15,2203.0,107.5,662.0,6.79,22.05,PBKS,3.0
Ankit Kulkarni,24,India,Wicketkeeper,133.0,6,10753.0,128.1,0.0,0.0,40.83,SRH,11.0
Arjun Shetty,35,Australia,Batter,190.0,9,10662.0,129.6,8.0,9.05,32.09,KKR,3.0
Karthik Iyer,19,England,Bowler,26.0,1,2309.0,127.4,466.0,7.05,22.77,LSG,7.0
Ankit Deshmukh,39,England,Batter,289.0,19,5600.0,149.5,13.0,7.98,33.87,MI,10.0
Pranav Khan,33,India,Allrounder,135.0,6,4009.0,103.6,123.0,6.04,25.3,MI,1.0
Harshit Sharma,32,Sri Lanka,Bowler,246.0,9,2993.0,130.7,488.0,5.64,22.82,LSG,0.5
Rohan Deshmukh,33,England,Bowler,333.0,14,2779.0,140.3,490.0,7.57,40.53,DC,3.0
Harshit Khan,27,India,Bowler,28.0,1,1744.0,99.8,872.0,7.15,36.69,GT,2.0
Sandeep Chopra,26,Australia,Batter,181.0,7,14429.0,144.7,6.0,8.21,47.42,RCB,7.0
Pranav Singh,36,India,Bowler,114.0,5,3247.0,151.5,864.0,5.05,24.35,CSK,10.0
Manoj Iyer,22,India,Wicketkeeper,87.0,3,4916.0,147.5,0.0,0.0,53.98,LSG,1.5
Rohan Patel,24,India,Allrounder,57.0,2,3165.0,138.3,263.0,5.62,21.41,RCB,1.0
Pranav Chopra,20,India,Bowler,30.0,1,652.0,126.0,432.0,5.54,40.32,DC,7.0
Aditya Yadav,21,South Africa,Wicketkeeper,56.0,2,10093.0,151.2,0.0,0.0,43.53,LSG,1.0
Manoj Iyer,40,India,Batter,171.0,8,8359.0,143.6,9.0,7.68,53.27,DC,7.0
Arjun Patel,39,Sri Lanka,Wicketkeeper,381.0,14,2940.0,96.3,0.0,0.0,54.39,DC,2.0
Harshit Yadav,25,England,Bowler,118.0,5,2053.0,143.9,81.0,4.33,29.81,DC,5.0
Pranav Yadav,37,Sri Lanka,Batter,243.0,13,3724.0,121.4,6.0,6.46,42.54,RCB,0.2
Ankit Reddy,27,South Africa,Batter,124.0,7,7668.0,98.3,9.0,7.33,40.98,RCB,3.0
Amit Verma,30,India,Wicketkeeper,206.0,11,9024.0,149.1,0.0,0.0,33.41,RR,2.0
Karthik Shetty,39,England,Batter,306.0,17,13745.0,121.6,12.0,6.76,21.69,MI,3.0
Sandeep Mehta,18,South Africa,Allrounder,29.0,1,1594.0,144.6,288.0,7.87,40.58,GT,0.5
Harshit Sharma,38,South Africa,Wicketkeeper,261.0,13,4399.0,116.2,0.0,0.0,47.99,SRH,5.0
Harshit Naidu,37,West Indies,Allrounder,318.0,15,2414.0,144.6,442.0,6.94,42.1,DC,10.0
Irfan Kulkarni,23,India,Wicketkeeper,60.0,4,8023.0,142.1,0.0,0.0,40.95,MI,0.5
Vikas Chopra,40,Sri Lanka,Allrounder,473.5,19,1897.0,152.5,277.0,6.45,38.94,PBKS,0.2
Irfan Naidu,27,England,Batter,16.0,1,12819.0,108.2,11.0,8.12,41.9,LSG,0.2
Pranav Verma,26,West Indies,Allrounder,139.0,7,2964.0,106.1,190.0,7.0,22.09,CSK,5.0
Karthik Singh,29,India,Batter,181.0,7,4829.0,140.8,11.0,8.12,38.32,SRH,3.0
Vikas Iyer,41,West Indies,Wicketkeeper,33.0,2,4565.0,108.6,0.0,0.0,43.33,MI,3.0
Manoj Khan,41,England,Wicketkeeper,133.0,5,6499.0,99.8,0.0,0.0,35.46,SRH,1.0
Amit Patel,41,England,Wicketkeeper,274.0,17,4904.0,104.8,0.0,0.0,26.46,DC,1.5
Arjun Deshmukh,37,England,Wicketkeeper,119.0,4,7447.0,107.1,0.0,0.0,33.53,MI,3.0
Sandeep Deshmukh,31,India,Batter,160.0,7,4907.0,118.9,6.0,6.18,37.91,SRH,2.0
Nikhil Chopra,36,India,Allrounder,147.0,9,4565.0,118.0,333.0,6.69,49.37,GT,11.0
Rohan Deshmukh,33,Australia,Wicketkeeper,92.0,4,3249.0,103.7,0.0,0.0,37.7,RCB,0.5
Pranav Verma,37,India,Bowler,299.0,13,848.0,99.3,99.0,4.24,40.09,SRH,5.0
Rohan Verma,31,England,Bowler,189.0,11,906.0,147.7,310.0,6.15,39.53,LSG,2.0
Rahul Mehta,18,Sri Lanka,Bowler,28.0,1,2600.0,97.9,689.0,7.65,23.43,SRH,2.0
Karthik Khan,28,India,Wicketkeeper,222.0,9,8080.0,97.6,0.0,0.0,26.48,GT,5.0
Sandeep Naidu,28,India,Wicketkeeper,158.0,6,5285.0,127.5,0.0,0.0,42.6,LSG,5.0
Manoj Sharma,39,India,Allrounder,356.0,13,5485.0,151.8,327.0,5.16,49.48,PBKS,11.0
Aditya Chopra,29,Australia,Bowler,39.0,2,3075.0,99.6,402.0,5.13,25.95,DC,0.5
Amit Iyer,32,India,Wicketkeeper,324.0,11,8261.0,102.6,0.0,0.0,24.31,PBKS,0.2
Harshit Sharma,36,West Indies,Wicketkeeper,400.0,14,10540.0,126.1,0.0,0.0,28.6,SRH,5.0
Manoj Mehta,25,India,Bowler,85.0,4,894.0,154.4,296.0,5.36,43.95,MI,3.0
Sandeep Malik,21,South Africa,Allrounder,80.0,3,4846.0,103.6,220.0,8.32,33.37,RCB,1.0
Sameer Mehta,42,England,Wicketkeeper,203.0,7,8450.0,128.3,0.0,0.0,22.69,SRH,0.2
Arjun Chopra,38,South Africa,Allrounder,74.0,4,8537.0,135.2,246.0,5.01,42.46,GT,0.2
Rohan Malik,33,India,Wicketkeeper,240.0,13,9054.0,119.6,0.0,0.0,37.14,LSG,10.0
Harshit Naidu,27,India,Allrounder,27.0,1,6252.0,96.4,374.0,6.45,31.74,RCB,0.5
Vikas Kulkarni,31,India,Wicketkeeper,122.0,7,10747.0,105.6,0.0,0.0,23.44,CSK,1.5
Ankit Mehta,20,India,Batter,48.0,2,13248.0,131.0,15.0,9.35,45.5,KKR,1.0
Amit Deshmukh,39,South Africa,Allrounder,80.0,3,5688.0,118.6,482.0,6.1,28.29,PBKS,1.5
Ankit Deshmukh,24,India,Wicketkeeper,45.0,2,5773.0,100.8,0.0,0.0,26.27,KKR,0.2
Rahul Khan,28,India,Allrounder,81.0,3,5277.0,135.7,275.0,7.79,39.14,CSK,2.0
Vikas Shetty,25,Sri Lanka,Wicketkeeper,154.0,6,4321.0,123.5,0.0,0.0,52.29,RCB,0.2
Vikas Naidu,37,India,Bowler,173.0,11,2793.0,111.8,773.0,4.28,32.25,MI,7.0
Irfan Reddy,31,South Africa,Wicketkeeper,201.0,9,11303.0,141.9,0.0,0.0,54.74,MI,1.0
Karthik Naidu,21,Australia,Batter,70.0,3,14880.0,147.5,1.0,6.84,49.07,CSK,3.0
Manoj Shetty,29,India,Wicketkeeper,123.0,7,6800.0,108.5,0.0,0.0,33.98,MI,10.0
Aditya Iyer,42,South Africa,Batter,458.0,19,5325.0,153.7,7.0,7.43,26.33,DC,5.0
Rahul Singh,33,Sri Lanka,Allrounder,117.0,4,7308.0,115.1,291.0,7.8,45.58,MI,3.0
Ankit Verma,42,England,Allrounder,220.0,8,5189.0,129.7,398.0,6.47,49.14,LSG,1.5
Harshit Iyer,26,West Indies,Batter,111.0,5,3425.0,147.0,7.0,8.81,22.09,RCB,1.5
Aditya Verma,29,India,Allrounder,295.0,10,6692.0,103.4,196.0,7.42,34.55,SRH,5.0
Pranav Verma,33,India,Wicketkeeper,217.0,12,7289.0,127.9,0.0,0.0,34.1,RCB,11.0
Amit Malik,30,Australia,Bowler,93.0,5,2393.0,154.8,92.0,5.97,24.73,KKR,5.0
Karthik Mehta,26,England,Wicketkeeper,172.0,6,5053.0,135.5,0.0,0.0,33.86,RCB,3.0
Arjun Singh,36,Sri Lanka,Allrounder,341.0,17,8633.0,104.5,308.0,5.47,53.22,RR,5.0
Sameer Reddy,33,India,Wicketkeeper,66.0,3,6183.0,147.8,0.0,0.0,51.75,CSK,2.0
Sandeep Verma,27,India,Bowler,101.0,4,806.0,107.5,445.0,7.77,32.44,PBKS,0.2
Irfan Deshmukh,33,India,Batter,214.0,8,6318.0,124.0,11.0,8.34,34.64,GT,3.0
Pranav Patel,39,West Indies,Wicketkeeper,32.0,2,6947.0,116.5,0.0,0.0,40.78,DC,11.0
Karthik Mehta,35,India,Batter,60.0,3,7195.0,104.7,5.0,8.01,36.51,GT,0.5
Vikas Deshmukh,40,India,Bowler,335.0,21,2495.0,129.2,352.0,6.1,27.35,LSG,5.0
Aditya Yadav,35,India,Batter,268.0,9,7960.0,96.5,1.0,8.6,32.42,MI,0.5
Nikhil Shetty,24,Sri Lanka,Bowler,44.0,2,402.0,128.8,629.0,6.96,29.14,PBKS,3.0
Vikas Naidu,19,Sri Lanka,Batter,17.0,1,10799.0,129.0,6.0,8.43,47.87,MI,0.2
Nikhil Naidu,21,India,Bowler,82.0,3,1760.0,131.6,194.0,6.79,37.09,SRH,2.0
Nikhil Shetty,41,Sri Lanka,Bowler,225.0,15,1031.0,110.7,852.0,4.51,34.67,PBKS,5.0
Karthik Kulkarni,31,England,Allrounder,279.0,10,5459.0,125.8,303.0,7.1,30.09,RCB,1.5
Irfan Chopra,27,England,Allrounder,110.0,5,7052.0,124.8,327.0,5.02,30.0,KKR,5.0
Rahul Shetty,34,Sri Lanka,Wicketkeeper,151.0,10,7729.0,139.1,0.0,0.0,20.84,RCB,7.0
Sandeep Iyer,34,South Africa,Wicketkeeper,412.0,16,7491.0,130.1,0.0,0.0,52.95,MI,10.0
Pranav Kulkarni,21,India,Allrounder,36.0,2,7879.0,123.3,95.0,5.61,23.2,GT,1.0
Rohan Chopra,42,England,Bowler,218.0,8,2172.0,128.0,563.0,6.38,34.26,SRH,1.5
Sameer Mehta,21,India,Allrounder,65.0,3,2781.0,148.8,138.0,6.82,26.87,KKR,0.5
Irfan Iyer,42,India,Bowler,278.0,13,3918.0,146.7,608.0,4.09,40.2,PBKS,11.0
Harshit Deshmukh,33,India,Wicketkeeper,232.0,11,10232.0,148.4,0.0,0.0,40.89,SRH,10.0
Rohan Singh,27,England,Bowler,147.0,6,1261.0,120.8,515.0,7.08,46.25,DC,3.0
Amit Shetty,36,India,Wicketkeeper,299.0,13,8293.0,149.8,0.0,0.0,40.02,RR,7.0
Harshit Verma,38,India,Wicketkeeper,101.0,5,6693.0,105.8,0.0,0.0,29.41,CSK,3.0
Ankit Reddy,27,England,Batter,161.0,6,12174.0,109.8,6.0,6.7,30.72,RR,3.0
Irfan Verma,24,India,Wicketkeeper,106.0,5,5128.0,128.3,0.0,0.0,40.58,MI,0.2
Amit Shetty,28,Sri Lanka,Wicketkeeper,151.0,8,7089.0,120.6,0.0,0.0,41.54,RR,5.0
Amit Patel,37,England,Wicketkeeper,426.0,19,11312.0,99.9,0.0,0.0,23.07,CSK,0.5
Rahul Naidu,29,India,Allrounder,161.0,8,7850.0,126.1,415.0,5.6,27.49,RCB,7.0
Nikhil Verma,31,India,Bowler,80.0,3,360.0,119.0,528.0,5.08,48.42,PBKS,7.0
Arjun Chopra,25,India,Allrounder,53.0,3,7825.0,134.0,434.0,5.05,43.41,SRH,5.0
Sameer Shetty,20,India,Allrounder,35.0,2,4131.0,151.0,279.0,7.8,20.7,LSG,0.2
Ankit Yadav,25,Australia,Allrounder,98.0,4,7624.0,148.2,51.0,5.54,36.05,SRH,1.0
Manoj Reddy,22,India,Wicketkeeper,16.0,1,10892.0,128.9,0.0,0.0,43.21,LSG,1.0
Amit Chopra,29,West Indies,Wicketkeeper,30.0,1,7130.0,135.7,0.0,0.0,52.61,DC,1.5
Aditya Patel,36,India,Batter,307.0,11,4840.0,138.2,5.0,9.49,30.05,PBKS,0.2
Nikhil Kulkarni,34,India,Wicketkeeper,88.0,3,9560.0,147.8,0.0,0.0,21.72,KKR,10.0
Sameer Khan,26,England,Wicketkeeper,129.0,8,5476.0,108.9,0.0,0.0,51.41,RCB,3.0
Karthik Chopra,38,India,Allrounder,473.5,19,6208.0,108.2,190.0,5.9,24.83,RR,1.0
Amit Yadav,18,South Africa,Batter,19.0,1,7241.0,125.0,7.0,9.01,43.62,DC,1.5
Pranav Kulkarni,36,England,Wicketkeeper,312.0,11,5000.0,109.3,0.0,0.0,46.53,KKR,2.0
Rohan Iyer,24,India,Bowler,47.0,2,2465.0,113.8,120.0,6.89,34.37,MI,3.0
Rahul Singh,42,India,Allrounder,101.0,5,3152.0,153.6,195.0,5.73,42.6,DC,2.0
Vikas Khan,23,England,Allrounder,61.0,4,2624.0,113.2,489.0,8.27,47.37,KKR,10.0
Amit Naidu,32,South Africa,Wicketkeeper,31.0,2,9820.0,141.0,0.0,0.0,44.21,KKR,2.0
Vikas Shetty,32,India,Bowler,116.0,7,3970.0,118.6,259.0,7.67,24.58,RR,11.0
Harshit Yadav,34,Sri Lanka,Bowler,107.0,4,2477.0,138.8,446.0,6.55,40.13,MI,7.0
Vikas Yadav,41,West Indies,Wicketkeeper,257.0,11,10331.0,107.4,0.0,0.0,37.66,MI,0.5
Amit Sharma,26,South Africa,Wicketkeeper,42.0,2,4139.0,113.7,0.0,0.0,34.96,RR,10.0
Irfan Patel,29,Australia,Allrounder,119.0,6,7244.0,139.7,83.0,7.26,28.13,RR,0.2
Amit Verma,38,India,Wicketkeeper,231.0,13,6579.0,119.3,0.0,0.0,29.42,DC,7.0
Sandeep Chopra,23,India,Batter,135.0,5,3638.0,142.0,1.0,6.7,51.82,RCB,1.5
Ankit Mehta,37,India,Allrounder,158.0,7,2912.0,140.1,129.0,6.3,51.39,RR,10.0
Ankit Khan,34,India,Bowler,78.0,5,2037.0,106.0,288.0,7.22,53.47,MI,10.0
Sameer Malik,27,England,Allrounder,108.0,7,7916.0,115.4,53.0,6.32,22.19,SRH,7.0
Amit Deshmukh,28,South Africa,Wicketkeeper,16.0,1,11338.0,124.2,0.0,0.0,23.82,RCB,7.0
Sandeep Patel,30,England,Bowler,207.0,10,377.0,114.0,509.0,4.94,48.31,CSK,1.0
Karthik Reddy,20,Sri Lanka,Wicketkeeper,19.0,1,2511.0,147.5,0.0,0.0,30.59,GT,0.2
Sameer Khan,27,India,Wicketkeeper,161.0,8,11347.0,146.5,0.0,0.0,50.0,SRH,2.0
Karthik Naidu,29,India,Batter,182.0,10,6593.0,103.8,4.0,8.68,44.16,PBKS,0.5
Aditya Patel,22,Australia,Batter,58.0,2,13076.0,136.0,3.0,9.31,31.61,RR,5.0
Sandeep Deshmukh,25,England,Allrounder,52.0,2,5285.0,133.7,382.0,6.75,37.87,SRH,1.5
Harshit Khan,36,England,Allrounder,471.0,17,4570.0,113.7,378.0,5.42,48.08,RCB,11.0
Pranav Sharma,22,India,Wicketkeeper,15.0,1,4842.0,146.7,0.0,0.0,24.81,KKR,5.0
Sandeep Reddy,38,India,Bowler,48.0,2,1969.0,114.7,575.0,7.62,43.18,DC,7.0
Karthik Yadav,29,Australia,Wicketkeeper,94.0,4,9706.0,140.1,0.0,0.0,48.42,LSG,0.5
Pranav Shetty,21,England,Allrounder,66.0,3,8811.0,113.8,135.0,8.31,50.05,GT,10.0
Harshit Chopra,26,India,Wicketkeeper,175.0,6,8109.0,102.9,0.0,0.0,44.68,LSG,10.0
Rahul Shetty,42,South Africa,Allrounder,268.0,17,5950.0,135.7,104.0,7.6,28.83,DC,2.0
Irfan Patel,21,West Indies,Wicketkeeper,24.0,1,4569.0,147.4,0.0,0.0,25.91,MI,3.0
Manoj Chopra,29,West Indies,Wicketkeeper,98.0,5,9013.0,98.2,0.0,0.0,45.11,MI,7.0
Irfan Kulkarni,34,India,Bowler,130.0,7,3004.0,145.9,842.0,5.81,33.42,KKR,0.5
Nikhil Malik,29,West Indies,Bowler,147.0,9,3277.0,145.2,625.0,4.64,39.21,GT,2.0
Aditya Chopra,29,England,Bowler,175.0,9,410.0,138.2,776.0,4.72,37.89,RCB,1.5
Irfan Khan,23,West Indies,Bowler,129.0,5,3515.0,122.7,287.0,6.3,49.0,RCB,0.5
Rohan Reddy,26,South Africa,Wicketkeeper,30.0,1,10167.0,144.8,0.0,0.0,44.83,GT,1.5
Amit Patel,28,West Indies,Allrounder,87.0,3,4052.0,145.3,146.0,5.37,43.49,SRH,0.2
Amit Shetty,41,India,Batter,373.0,20,10879.0,116.8,5.0,8.44,50.77,RR,0.2
Harshit Iyer,42,South Africa,Wicketkeeper,195.0,8,5668.0,138.5,0.0,0.0,23.94,RR,0.5
Rahul Yadav,25,India,Allrounder,156.0,7,2511.0,148.2,411.0,6.43,21.65,SRH,11.0
Vikas Naidu,41,Australia,Bowler,452.0,19,44.0,135.7,732.0,7.65,42.1,RCB,3.0
Arjun Patel,21,Sri Lanka,Allrounder,59.0,3,6910.0,109.9,264.0,5.95,52.97,PBKS,11.0
Sandeep Patel,27,Australia,Wicketkeeper,60.0,2,3171.0,112.9,0.0,0.0,47.14,DC,2.0
Pranav Naidu,30,India,Batter,137.0,5,7769.0,103.4,7.0,7.38,20.38,RR,1.0
Aditya Mehta,34,England,Batter,75.0,4,13893.0,153.5,15.0,7.9,32.92,PBKS,2.0
Amit Kulkarni,40,Australia,Wicketkeeper,395.0,14,7019.0,116.4,0.0,0.0,32.04,MI,2.0
Pranav Malik,26,England,Wicketkeeper,100.0,6,2711.0,126.2,0.0,0.0,35.42,SRH,0.2
Vikas Mehta,21,India,Wicketkeeper,82.0,3,9606.0,147.8,0.0,0.0,37.69,LSG,5.0
Harshit Malik,39,West Indies,Batter,231.0,9,12938.0,103.3,12.0,7.78,54.4,LSG,0.5
Nikhil Patel,19,India,Batter,26.0,1,12504.0,99.4,13.0,6.87,43.21,MI,3.0
Ankit Kulkarni,30,Sri Lanka,Batter,326.0,12,11564.0,119.9,1.0,8.08,34.78,LSG,5.0
Pranav Khan,30,India,Wicketkeeper,310.0,11,5461.0,142.1,0.0,0.0,26.85,CSK,0.5
Rohan Khan,18,India,Batter,29.0,1,7153.0,133.9,11.0,8.87,34.66,RR,0.2
Vikas Verma,39,India,Allrounder,263.0,12,5253.0,110.4,397.0,6.6,46.32,LSG,7.0
Vikas Chopra,38,England,Bowler,237.0,9,3085.0,114.3,436.0,5.95,40.86,GT,2.0
Irfan Patel,42,England,Wicketkeeper,168.0,6,11318.0,154.7,0.0,0.0,35.23,DC,0.2
Irfan Verma,41,India,Allrounder,201.0,8,4826.0,115.7,200.0,8.22,21.92,MI,11.0
Harshit Reddy,37,Australia,Bowler,459.0,16,2897.0,120.1,577.0,4.78,27.69,KKR,0.2
Sameer Singh,29,India,Wicketkeeper,131.0,6,2760.0,95.0,0.0,0.0,52.03,RCB,5.0
Sameer Chopra,21,Australia,Allrounder,20.0,1,4760.0,139.5,356.0,7.95,25.87,GT,11.0
Rahul Patel,40,South Africa,Bowler,61.0,3,597.0,99.1,813.0,4.46,45.34,PBKS,1.0
Manoj Iyer,28,India,Allrounder,210.0,9,6525.0,120.8,331.0,8.25,24.17,RR,0.5
Karthik Malik,20,India,Bowler,47.0,2,634.0,115.9,763.0,5.95,33.12,CSK,0.5
Vikas Malik,26,India,Wicketkeeper,22.0,1,9714.0,132.3,0.0,0.0,45.16,KKR,1.0
Amit Verma,38,India,Bowler,183.0,7,1979.0,97.1,529.0,4.42,54.8,KKR,0.2
Manoj Iyer,31,South Africa,Bowler,234.0,9,3058.0,98.2,347.0,4.88,26.65,GT,5.0
Manoj Singh,40,India,Allrounder,261.0,12,5926.0,118.5,222.0,5.14,48.08,DC,0.2
Irfan Malik,20,West Indies,Allrounder,19.0,1,2291.0,121.7,441.0,6.19,43.65,KKR,2.0
Rahul Shetty,34,India,Allrounder,424.0,16,4353.0,146.7,407.0,6.78,50.31,PBKS,11.0
Karthik Verma,40,India,Bowler,473.5,21,2534.0,141.7,528.0,4.04,36.13,PBKS,7.0
Rahul Iyer,33,West Indies,Wicketkeeper,264.0,10,11658.0,154.3,0.0,0.0,36.91,CSK,3.0
Karthik Malik,38,India,Allrounder,51.0,2,4403.0,140.3,73.0,8.45,28.7,RCB,1.0
Sameer Deshmukh,41,Sri Lanka,Allrounder,245.0,9,7268.0,154.5,431.0,6.88,50.01,CSK,3.0
Pranav Naidu,22,West Indies,Bowler,104.0,4,2763.0,137.4,391.0,4.37,32.1,SRH,3.0
Sandeep Shetty,28,England,Wicketkeeper,115.0,4,2611.0,95.4,0.0,0.0,34.12,GT,2.0
Nikhil Patel,37,India,Allrounder,46.0,2,4889.0,144.1,413.0,5.82,31.81,MI,0.5
Nikhil Shetty,23,India,Bowler,30.0,2,2659.0,95.0,586.0,7.14,30.77,RCB,10.0
Rahul Patel,41,South Africa,Allrounder,111.0,4,4838.0,109.0,235.0,5.84,22.39,RR,2.0
Irfan Singh,40,India,Bowler,319.0,16,1454.0,128.3,261.0,4.71,30.2,RCB,0.5
Karthik Patel,40,Australia,Allrounder,312.0,14,3143.0,117.6,156.0,6.46,50.66,RCB,1.5
Ankit Naidu,29,West Indies,Batter,230.0,11,3334.0,124.6,1.0,9.17,31.56,MI,2.0
Rahul Iyer,35,West Indies,Allrounder,30.0,2,1538.0,152.2,207.0,5.37,22.11,CSK,7.0
Harshit Khan,30,England,Batter,83.0,5,5824.0,112.9,6.0,7.04,31.21,PBKS,5.0
Sandeep Chopra,38,England,Wicketkeeper,349.0,20,5034.0,104.9,0.0,0.0,47.41,KKR,7.0
Sameer Naidu,37,West Indies,Bowler,218.0,12,3335.0,133.1,535.0,4.47,24.33,RCB,0.2
Harshit Khan,18,Australia,Batter,18.0,1,8718.0,149.6,5.0,6.25,26.65,SRH,2.0
Sameer Patel,36,India,Bowler,334.0,17,2511.0,127.7,425.0,7.12,22.72,LSG,2.0
Harshit Naidu,32,West Indies,Wicketkeeper,181.0,11,8043.0,152.3,0.0,0.0,28.64,MI,0.2
Vikas Malik,25,India,Bowler,70.0,3,170.0,105.1,446.0,7.27,49.89,LSG,1.0
Irfan Chopra,19,England,Batter,27.0,1,11951.0,125.7,6.0,6.05,46.93,MI,7.0
Karthik Shetty,27,Australia,Bowler,170.0,6,1746.0,149.6,493.0,7.55,48.69,KKR,0.5
Karthik Sharma,31,India,Batter,146.0,7,12195.0,107.0,15.0,9.11,29.95,LSG,3.0
Karthik Shetty,37,India,Allrounder,330.0,13,8309.0,117.6,61.0,6.01,33.77,SRH,0.5
Sameer Mehta,24,West Indies,Allrounder,20.0,1,6750.0,104.6,200.0,6.91,44.19,PBKS,0.2
Amit Verma,41,India,Batter,41.0,2,11810.0,113.6,1.0,6.59,37.62,RR,1.0
Arjun Singh,39,India,Bowler,235.0,14,1872.0,139.4,270.0,7.03,42.59,CSK,11.0
Rahul Deshmukh,25,Sri Lanka,Allrounder,116.0,6,6178.0,127.8,367.0,5.55,23.06,KKR,7.0
Sameer Reddy,37,India,Batter,24.0,1,3077.0,119.8,7.0,7.32,21.39,KKR,11.0
Manoj Malik,39,England,Bowler,267.0,11,183.0,152.3,239.0,5.04,53.38,KKR,2.0
Sameer Khan,22,Australia,Allrounder,36.0,2,8698.0,97.6,374.0,6.23,26.27,RR,0.2
Aditya Sharma,41,South Africa,Wicketkeeper,231.0,9,7056.0,118.5,0.0,0.0,53.17,RR,3.0
Nikhil Sharma,24,India,Allrounder,104.0,4,7784.0,140.8,269.0,5.49,23.8,RR,2.0
Pranav Patel,22,India,Batter,58.0,2,11004.0,117.9,2.0,9.43,47.13,MI,7.0
Sandeep Deshmukh,23,South Africa,Allrounder,111.0,5,5893.0,132.7,186.0,6.2,26.72,SRH,0.2
Harshit Patel,27,India,Batter,86.0,5,12089.0,151.3,15.0,6.51,52.12,RR,2.0
Karthik Naidu,24,India,Batter,37.0,2,3623.0,132.5,12.0,9.11,48.29,MI,0.5
Vikas Reddy,23,England,Batter,29.0,1,5338.0,115.1,14.0,6.24,30.98,PBKS,1.5
Harshit Yadav,37,India,Bowler,48.0,2,58.0,116.4,236.0,6.42,25.2,DC,5.0
Ankit Naidu,28,India,Bowler,125.0,5,1556.0,143.9,236.0,6.27,33.37,KKR,2.0
Vikas Iyer,27,England,Batter,247.0,9,3414.0,106.8,14.0,6.46,28.31,KKR,1.5
Arjun Iyer,20,West Indies,Allrounder,25.0,1,1964.0,133.6,97.0,6.05,41.03,RCB,1.5
Arjun Chopra,39,India,Wicketkeeper,65.0,3,8568.0,136.8,0.0,0.0,32.69,CSK,2.0
Pranav Yadav,19,South Africa,Batter,15.0,1,12219.0,107.2,1.0,8.88,36.42,CSK,7.0
Irfan Yadav,30,West Indies,Batter,168.0,10,3324.0,105.8,15.0,8.8,23.85,CSK,10.0
Pranav Mehta,36,Sri Lanka,Allrounder,386.0,13,3446.0,115.6,389.0,8.09,43.94,RR,11.0
Ankit Kulkarni,33,Sri Lanka,Allrounder,189.0,10,5220.0,136.4,314.0,5.09,31.06,LSG,7.0
Rohan Kulkarni,29,South Africa,Bowler,76.0,4,3612.0,131.6,244.0,4.21,28.43,RCB,1.0
Harshit Verma,29,India,Wicketkeeper,29.0,1,9223.0,118.2,0.0,0.0,22.82,RCB,5.0
Manoj Iyer,40,India,Bowler,473.5,18,1724.0,112.9,507.0,4.56,23.14,DC,2.0
Karthik Reddy,32,England,Wicketkeeper,266.0,12,7841.0,149.6,0.0,0.0,20.21,LSG,1.0
Aditya Chopra,39,India,Bowler,250.0,13,2918.0,102.4,275.0,5.84,30.77,KKR,7.0
Sameer Naidu,36,South Africa,Allrounder,152.0,7,6775.0,104.7,197.0,8.24,53.8,GT,0.2
Karthik Patel,24,Sri Lanka,Bowler,79.0,4,3705.0,139.5,873.0,4.78,39.13,GT,10.0
Vikas Yadav,37,West Indies,Batter,250.0,14,13807.0,128.2,12.0,9.1,38.71,DC,2.0
Karthik Sharma,34,South Africa,Bowler,355.0,14,2732.0,105.0,256.0,4.74,52.08,KKR,3.0
Nikhil Shetty,26,India,Wicketkeeper,71.0,3,7685.0,114.7,0.0,0.0,33.02,KKR,5.0
Harshit Khan,32,England,Bowler,99.0,4,3821.0,115.3,861.0,6.89,53.32,LSG,10.0
Pranav Patel,37,India,Batter,265.0,17,3142.0,130.8,1.0,8.58,50.83,MI,3.0
Sameer Khan,28,India,Allrounder,53.0,2,2733.0,110.4,149.0,5.17,36.28,DC,3.0
Nikhil Khan,27,Sri Lanka,Allrounder,45.0,2,4273.0,139.6,400.0,5.79,52.17,DC,0.2
Rahul Shetty,23,India,Allrounder,54.0,3,2837.0,115.5,252.0,6.48,53.65,GT,2.0
Sandeep Chopra,21,Sri Lanka,Wicketkeeper,89.0,3,7107.0,121.7,0.0,0.0,37.12,GT,0.5
Pranav Iyer,40,India,Batter,216.0,8,3645.0,149.6,4.0,7.23,39.91,LSG,5.0
Karthik Iyer,30,England,Wicketkeeper,239.0,8,9724.0,140.7,0.0,0.0,48.41,CSK,2.0
Sameer Sharma,36,England,Wicketkeeper,133.0,6,3892.0,115.5,0.0,0.0,35.18,LSG,5.0
Sandeep Mehta,29,South Africa,Bowler,59.0,2,612.0,116.8,193.0,7.22,47.79,SRH,0.2
Rohan Deshmukh,39,England,Allrounder,182.0,7,8048.0,132.4,293.0,8.29,45.96,MI,0.2
Ankit Malik,18,India,Bowler,23.0,1,2131.0,145.7,104.0,7.06,33.83,SRH,5.0
Amit Kulkarni,33,Australia,Bowler,123.0,6,1838.0,119.1,523.0,4.19,43.58,KKR,0.2
Aditya Shetty,28,India,Allrounder,25.0,1,6016.0,139.9,56.0,6.58,32.49,LSG,0.2
Rohan Reddy,22,Sri Lanka,Batter,27.0,1,9363.0,106.2,1.0,8.22,46.23,KKR,0.2
Aditya Reddy,40,England,Allrounder,473.5,22,8492.0,107.2,441.0,6.91,30.22,DC,11.0
Sandeep Singh,31,West Indies,Allrounder,129.0,7,5504.0,124.0,184.0,7.62,27.56,SRH,5.0
Sameer Kulkarni,26,England,Wicketkeeper,57.0,2,10836.0,153.0,0.0,0.0,45.03,MI,1.5
Harshit Shetty,21,India,Bowler,17.0,1,725.0,120.6,462.0,7.64,36.63,MI,1.0
Harshit Patel,20,India,Bowler,15.0,1,3016.0,126.5,429.0,7.41,44.75,MI,1.5
Nikhil Kulkarni,37,England,Bowler,87.0,3,433.0,121.8,707.0,4.96,24.32,LSG,7.0
Vikas Khan,21,India,Bowler,17.0,1,2941.0,95.1,173.0,4.78,21.37,MI,5.0
Vikas Sharma,18,South Africa,Bowler,25.0,1,2561.0,109.5,622.0,7.71,43.22,MI,0.5
Aditya Naidu,24,India,Bowler,90.0,4,1179.0,128.0,829.0,7.19,25.36,PBKS,0.5
Karthik Iyer,39,India,Batter,325.0,19,5881.0,131.0,6.0,8.55,45.59,GT,0.2
Aditya Patel,26,India,Bowler,56.0,3,3475.0,153.5,409.0,6.93,40.07,MI,5.0
Manoj Kulkarni,42,Australia,Bowler,196.0,8,1688.0,133.9,598.0,5.3,22.4,PBKS,7.0
Manoj Verma,38,India,Bowler,285.0,10,28.0,102.2,750.0,7.41,31.47,DC,1.0
Harshit Iyer,39,India,Allrounder,151.0,9,5546.0,130.8,216.0,7.86,33.78,MI,0.2
Rahul Kulkarni,41,India,Wicketkeeper,53.0,2,3945.0,123.4,0.0,0.0,49.91,LSG,0.2
Aditya Kulkarni,28,India,Allrounder,295.0,10,3649.0,147.2,412.0,6.19,23.08,PBKS,11.0
Aditya Shetty,28,England,Allrounder,183.0,8,3959.0,145.9,430.0,7.72,26.36,LSG,1.0
Vikas Mehta,33,India,Bowler,178.0,6,1445.0,104.9,499.0,5.64,44.73,RCB,7.0
Sameer Shetty,32,Sri Lanka,Allrounder,231.0,8,8865.0,133.1,277.0,6.87,26.88,RR,3.0
Aditya Shetty,32,South Africa,Bowler,46.0,3,3577.0,97.5,222.0,4.8,31.27,RR,1.5
Manoj Singh,28,South Africa,Bowler,206.0,7,3348.0,146.5,757.0,6.13,43.34,CSK,0.5
Vikas Patel,23,South Africa,Bowler,45.0,2,613.0,152.2,357.0,5.65,45.17,CSK,0.5
Karthik Reddy,28,Australia,Batter,113.0,4,12000.0,126.7,8.0,9.26,29.06,RCB,3.0
Nikhil Deshmukh,25,South Africa,Wicketkeeper,43.0,2,5118.0,98.2,0.0,0.0,45.41,LSG,7.0
Ankit Patel,33,England,Batter,287.0,11,12958.0,113.2,9.0,6.42,38.64,MI,5.0
Harshit Yadav,22,Sri Lanka,Wicketkeeper,30.0,2,7546.0,128.9,0.0,0.0,41.02,RR,3.0
Pranav Verma,38,South Africa,Allrounder,168.0,6,2498.0,117.8,346.0,5.58,41.6,PBKS,0.2
Aditya Singh,22,England,Allrounder,81.0,3,5379.0,138.7,72.0,8.39,52.29,RCB,11.0
Manoj Yadav,18,England,Allrounder,22.0,1,8955.0,130.5,486.0,7.67,26.72,KKR,7.0
Arjun Singh,28,England,Allrounder,209.0,8,3092.0,132.4,105.0,7.33,41.09,PBKS,1.0
Aditya Mehta,28,India,Bowler,213.0,10,2001.0,126.7,656.0,5.86,31.71,PBKS,11.0
Ankit Chopra,33,South Africa,Batter,417.0,15,5430.0,106.9,10.0,7.82,48.18,MI,3.0
Nikhil Khan,20,India,Wicketkeeper,44.0,2,8882.0,106.1,0.0,0.0,22.97,SRH,3.0
Aditya Iyer,42,India,Allrounder,165.0,7,3520.0,134.5,154.0,6.53,35.32,DC,5.0
Ankit Malik,38,Sri Lanka,Allrounder,19.0,1,7919.0,128.5,179.0,5.97,32.15,PBKS,7.0
Nikhil Khan,28,India,Allrounder,225.0,8,8141.0,150.4,370.0,8.27,37.58,GT,5.0
Rohan Deshmukh,24,India,Batter,142.0,5,11259.0,139.2,9.0,7.15,21.28,CSK,0.5
Manoj Deshmukh,25,Australia,Wicketkeeper,138.0,7,5846.0,123.5,0.0,0.0,31.77,CSK,1.5
Amit Kulkarni,22,India,Batter,68.0,3,10617.0,95.7,4.0,9.22,39.35,RR,10.0
Arjun Iyer,32,Sri Lanka,Wicketkeeper,245.0,11,4265.0,139.4,0.0,0.0,36.98,PBKS,1.0
Vikas Deshmukh,26,Sri Lanka,Allrounder,156.0,8,2834.0,153.3,340.0,5.3,38.13,PBKS,1.5
Rahul Sharma,22,West Indies,Batter,75.0,3,9042.0,109.2,4.0,8.15,36.92,DC,2.0
Pranav Reddy,28,South Africa,Batter,127.0,7,8351.0,99.5,1.0,7.5,23.72,DC,2.0
Nikhil Shetty,38,India,Allrounder,280.0,10,1957.0,109.4,410.0,7.93,26.82,PBKS,3.0
Rahul Khan,40,India,Wicketkeeper,94.0,5,4175.0,125.3,0.0,0.0,46.91,MI,11.0
Rahul Shetty,34,England,Bowler,133.0,6,332.0,129.6,502.0,4.24,24.17,DC,1.0
Manoj Chopra,28,West Indies,Wicketkeeper,43.0,2,8987.0,97.2,0.0,0.0,21.85,CSK,0.5
Irfan Yadav,40,India,Batter,89.0,5,7272.0,102.1,7.0,8.92,21.58,LSG,0.5
Amit Kulkarni,25,Sri Lanka,Batter,16.0,1,3691.0,145.6,7.0,7.53,29.18,KKR,10.0
Irfan Iyer,42,England,Bowler,161.0,8,1587.0,97.4,854.0,5.6,35.72,GT,5.0
Arjun Shetty,38,Sri Lanka,Batter,201.0,13,13971.0,129.3,13.0,8.02,31.63,SRH,1.0
Vikas Mehta,35,India,Batter,59.0,3,12547.0,101.4,15.0,7.1,32.84,CSK,7.0
Nikhil Khan,18,West Indies,Batter,20.0,1,9507.0,141.0,6.0,6.35,53.82,DC,10.0
Rohan Chopra,22,West Indies,Allrounder,27.0,1,2809.0,146.9,467.0,8.4,41.03,DC,7.0
Ankit Yadav,24,Australia,Allrounder,125.0,5,2476.0,112.1,373.0,7.45,42.08,DC,10.0
Karthik Mehta,27,South Africa,Batter,146.0,8,6028.0,123.9,3.0,7.59,46.52,GT,1.0
Aditya Khan,19,India,Batter,24.0,1,14300.0,114.1,6.0,6.99,52.36,KKR,5.0
Karthik Sharma,36,Australia,Allrounder,205.0,10,5686.0,124.1,52.0,5.2,51.95,KKR,2.0
Irfan Iyer,27,India,Bowler,30.0,1,3878.0,127.8,817.0,6.32,28.74,DC,7.0
Karthik Reddy,30,India,Allrounder,305.0,12,5433.0,146.1,327.0,6.2,39.57,PBKS,5.0
Rahul Mehta,37,India,Bowler,157.0,10,2536.0,101.0,131.0,5.96,20.56,MI,7.0
Rohan Naidu,18,India,Batter,18.0,1,3877.0,117.6,11.0,9.37,41.11,RR,5.0
Manoj Deshmukh,24,India,Bowler,125.0,6,1710.0,136.0,749.0,4.3,52.64,DC,0.5
Sameer Patel,18,India,Batter,23.0,1,10486.0,102.6,6.0,8.01,40.36,SRH,3.0
Sameer Khan,21,India,Batter,45.0,3,4844.0,119.4,2.0,8.68,50.79,LSG,11.0
Irfan Khan,41,West Indies,Wicketkeeper,154.0,8,6924.0,133.9,0.0,0.0,51.47,PBKS,10.0
Aditya Deshmukh,18,India,Batter,17.0,1,9513.0,102.9,12.0,8.18,30.84,RCB,0.2
Manoj Malik,18,South Africa,Wicketkeeper,20.0,1,2717.0,107.1,0.0,0.0,51.81,LSG,0.5
Harshit Khan,36,Australia,Batter,53.0,2,10850.0,135.6,6.0,8.66,30.53,SRH,0.5
Irfan Yadav,26,Sri Lanka,Allrounder,15.0,1,6826.0,140.4,62.0,5.64,36.6,KKR,5.0
Harshit Yadav,36,Australia,Wicketkeeper,303.0,14,3948.0,108.5,0.0,0.0,41.58,CSK,7.0
Irfan Naidu,37,India,Wicketkeeper,275.0,12,8582.0,97.4,0.0,0.0,31.42,GT,0.5
Ankit Deshmukh,41,South Africa,Bowler,359.0,18,2376.0,103.9,491.0,5.78,54.46,DC,2.0
Harshit Verma,29,Sri Lanka,Allrounder,206.0,8,5942.0,102.8,248.0,5.73,27.12,RCB,7.0
Nikhil Verma,29,England,Batter,150.0,7,13575.0,120.5,14.0,8.69,39.79,RCB,5.0
Sameer Sharma,32,West Indies,Bowler,355.0,13,594.0,97.1,693.0,4.08,35.6,DC,3.0
Irfan Shetty,28,India,Bowler,187.0,9,3377.0,148.1,789.0,7.1,23.03,PBKS,3.0
Sameer Patel,30,West Indies,Wicketkeeper,31.0,2,11012.0,127.3,0.0,0.0,51.96,GT,2.0
Rohan Khan,21,India,Batter,59.0,3,14206.0,144.8,10.0,7.36,24.68,GT,1.0
Aditya Malik,33,West Indies,Allrounder,59.0,2,4735.0,140.1,307.0,8.27,52.95,DC,3.0
Nikhil Singh,39,India,Bowler,252.0,13,2623.0,116.8,739.0,6.57,52.84,RR,5.0
Aditya Sharma,32,India,Bowler,76.0,3,591.0,114.9,153.0,5.05,44.53,GT,10.0
Harshit Reddy,40,India,Bowler,288.0,10,2614.0,150.8,178.0,6.91,27.17,SRH,3.0
Amit Verma,24,India,Batter,20.0,1,14149.0,139.3,2.0,8.79,22.23,MI,7.0
Rahul Reddy,20,South Africa,Wicketkeeper,30.0,2,7418.0,118.2,0.0,0.0,29.9,DC,0.5
Vikas Verma,28,Sri Lanka,Allrounder,186.0,7,6536.0,154.0,343.0,6.07,42.5,RR,2.0
Karthik Singh,19,India,Batter,23.0,1,14479.0,153.6,15.0,8.51,33.2,DC,0.2
Manoj Deshmukh,30,England,Batter,260.0,9,3447.0,121.1,12.0,8.81,50.43,PBKS,1.0
Karthik Verma,19,India,Batter,17.0,1,7020.0,151.9,3.0,6.63,27.66,GT,5.0
Vikas Mehta,32,India,Allrounder,146.0,7,4037.0,140.4,322.0,6.14,33.78,LSG,11.0
Vikas Mehta,42,India,Wicketkeeper,350.0,22,4603.0,131.5,0.0,0.0,35.56,RR,0.2
Rahul Chopra,36,Sri Lanka,Wicketkeeper,23.0,1,11757.0,139.5,0.0,0.0,27.99,RCB,2.0
Rohan Mehta,30,West Indies,Batter,260.0,9,5849.0,113.0,14.0,6.2,36.6,MI,7.0
Rohan Mehta,27,South Africa,Batter,52.0,3,14252.0,116.3,4.0,6.59,34.0,DC,0.5
Karthik Yadav,20,South Africa,Wicketkeeper,20.0,1,8672.0,98.4,0.0,0.0,40.42,CSK,3.0
Vikas Singh,19,Sri Lanka,Bowler,22.0,1,2923.0,104.1,535.0,7.36,40.92,PBKS,5.0
Sandeep Iyer,40,India,Batter,88.0,4,11128.0,120.2,11.0,8.33,44.54,RCB,3.0
Aditya Chopra,40,West Indies,Batter,237.0,14,9858.0,125.3,15.0,7.44,20.26,DC,0.5
Arjun Deshmukh,19,India,Wicketkeeper,17.0,1,3929.0,136.5,0.0,0.0,43.15,RR,1.5
Manoj Chopra,26,India,Wicketkeeper,105.0,6,2895.0,97.3,0.0,0.0,32.89,KKR,7.0
Pranav Yadav,23,West Indies,Bowler,26.0,1,2282.0,120.2,349.0,7.72,37.57,LSG,3.0
Nikhil Reddy,33,West Indies,Bowler,31.0,2,951.0,138.0,287.0,7.46,40.37,MI,0.2
Aditya Deshmukh,22,India,Bowler,68.0,3,245.0,146.9,602.0,7.03,35.99,RR,7.0
Nikhil Chopra,18,Australia,Allrounder,19.0,1,4117.0,118.2,164.0,6.66,53.83,CSK,0.2
Vikas Kulkarni,33,Sri Lanka,Bowler,317.0,13,877.0,100.0,181.0,6.65,50.2,LSG,5.0
Sandeep Kulkarni,23,West Indies,Batter,69.0,4,4114.0,99.1,15.0,7.68,39.24,RCB,0.5
Vikas Kulkarni,34,England,Bowler,59.0,3,3391.0,147.7,348.0,5.59,27.14,RR,11.0
Amit Malik,31,South Africa,Wicketkeeper,15.0,1,5655.0,144.6,0.0,0.0,39.52,DC,1.5
Karthik Mehta,39,India,Wicketkeeper,302.0,12,10848.0,98.3,0.0,0.0,54.01,KKR,1.5
Vikas Mehta,31,Australia,Bowler,292.0,11,3166.0,112.5,156.0,5.95,36.43,GT,0.5
Manoj Patel,31,India,Batter,187.0,10,13508.0,113.3,1.0,9.0,26.74,GT,1.0
Rohan Naidu,29,Australia,Wicketkeeper,143.0,5,7859.0,102.7,0.0,0.0,30.43,DC,10.0
Manoj Shetty,27,West Indies,Wicketkeeper,238.0,8,11904.0,141.8,0.0,0.0,36.51,PBKS,11.0
Rahul Deshmukh,22,England,Allrounder,94.0,4,5735.0,105.0,355.0,5.8,31.65,LSG,1.5
Pranav Verma,38,Australia,Allrounder,83.0,3,5706.0,115.6,156.0,8.29,54.58,SRH,2.0
Nikhil Yadav,28,Australia,Bowler,114.0,6,3382.0,105.7,423.0,5.84,51.19,DC,5.0
Rohan Mehta,34,India,Allrounder,406.0,14,6522.0,137.6,495.0,6.61,54.43,RR,10.0
Pranav Kulkarni,22,West Indies,Bowler,80.0,3,1315.0,100.8,289.0,4.19,45.22,DC,3.0
Rahul Deshmukh,32,India,Bowler,202.0,10,2449.0,106.1,877.5,5.07,21.38,SRH,1.5
Sameer Kulkarni,38,England,Bowler,227.0,11,1604.0,141.5,575.0,4.08,24.71,LSG,2.0
Arjun Singh,40,Australia,Wicketkeeper,153.0,9,6637.0,123.1,0.0,0.0,41.21,RCB,5.0
Amit Patel,21,Australia,Wicketkeeper,59.0,2,10610.0,120.7,0.0,0.0,20.95,KKR,0.2
Arjun Mehta,32,India,Allrounder,203.0,9,1917.0,95.6,258.0,7.74,46.67,RR,3.0
Karthik Reddy,38,England,Batter,270.0,16,5289.0,121.0,5.0,9.13,38.74,RR,1.5
Amit Malik,21,Australia,Batter,33.0,2,11986.0,118.4,8.0,7.67,51.06,MI,7.0
Vikas Sharma,22,India,Wicketkeeper,15.0,1,4325.0,148.6,0.0,0.0,31.75,PBKS,0.2
Rohan Reddy,28,India,Allrounder,206.0,10,6565.0,150.6,349.0,7.15,53.67,KKR,3.0
Irfan Yadav,36,India,Allrounder,216.0,9,7745.0,122.2,152.0,6.78,29.75,RCB,2.0
Arjun Mehta,23,India,Bowler,65.0,4,2339.0,103.6,838.0,7.64,40.29,CSK,5.0
Rahul Patel,37,South Africa,Wicketkeeper,191.0,9,6465.0,112.0,0.0,0.0,29.77,KKR,0.2
Sameer Iyer,32,Australia,Bowler,177.0,10,12.0,154.9,324.0,5.54,21.92,KKR,3.0
Nikhil Malik,39,South Africa,Wicketkeeper,264.0,10,5996.0,129.7,0.0,0.0,22.89,PBKS,3.0
Manoj Deshmukh,25,Sri Lanka,Batter,19.0,1,9299.0,121.4,12.0,6.54,37.87,LSG,3.0
Sameer Kulkarni,18,South Africa,Bowler,25.0,1,1319.0,114.0,101.0,4.98,23.04,LSG,3.0
Irfan Naidu,33,India,Wicketkeeper,230.0,9,4867.0,113.2,0.0,0.0,53.83,PBKS,5.0
Sandeep Shetty,40,India,Wicketkeeper,58.0,3,7648.0,151.7,0.0,0.0,31.72,RR,7.0
Vikas Deshmukh,29,India,Allrounder,153.0,7,6418.0,149.6,489.0,7.0,20.22,SRH,1.0
Pranav Deshmukh,33,Sri Lanka,Bowler,15.0,1,1592.0,151.9,665.0,7.08,23.2,MI,7.0
Amit Naidu,29,Sri Lanka,Wicketkeeper,144.0,6,3965.0,104.7,0.0,0.0,53.63,RR,2.0
Vikas Verma,31,Australia,Allrounder,136.0,5,2795.0,95.9,126.0,6.88,29.02,DC,0.2
Irfan Sharma,25,England,Bowler,111.0,7,3115.0,136.6,314.0,5.71,45.66,RR,0.2
Nikhil Deshmukh,20,India,Batter,23.0,1,4298.0,112.3,8.0,9.48,38.84,GT,1.5
Sandeep Malik,32,Australia,Allrounder,56.0,3,3376.0,119.3,249.0,6.87,25.92,RR,7.0
Vikas Malik,27,India,Batter,81.0,3,13725.0,146.2,5.0,9.42,37.44,MI,5.0
Manoj Khan,27,India,Wicketkeeper,139.0,9,5701.0,131.2,0.0,0.0,27.95,RCB,7.0
Harshit Patel,37,India,Batter,79.0,3,5033.0,136.7,14.0,7.9,38.03,SRH,2.0
Sandeep Chopra,35,India,Bowler,182.0,12,1333.0,131.7,255.0,7.76,32.98,RCB,2.0
Arjun Chopra,42,South Africa,Batter,169.0,9,5736.0,105.2,1.0,8.7,33.46,CSK,0.5
Vikas Malik,33,England,Bowler,81.0,3,3207.0,120.9,365.0,5.32,47.36,PBKS,1.5
Sandeep Deshmukh,32,India,Wicketkeeper,70.0,4,3192.0,124.1,0.0,0.0,47.79,MI,2.0
Amit Verma,20,West Indies,Bowler,55.0,2,2006.0,115.5,773.0,6.19,48.35,LSG,0.2
Sameer Chopra,42,West Indies,Wicketkeeper,285.0,13,11961.0,109.3,0.0,0.0,27.85,LSG,1.0
Arjun Khan,40,India,Allrounder,323.0,13,8528.0,110.7,295.0,6.77,20.32,RR,3.0
Rahul Mehta,22,Australia,Bowler,18.0,1,2475.0,125.7,502.0,6.46,35.59,DC,5.0
Ankit Sharma,30,Sri Lanka,Allrounder,130.0,7,7646.0,129.3,48.0,8.38,50.22,DC,11.0
Karthik Malik,24,India,Bowler,101.0,4,3251.0,129.2,389.0,4.53,50.38,PBKS,10.0
Amit Khan,30,Sri Lanka,Bowler,76.0,4,1993.0,138.1,488.0,6.22,33.02,KKR,5.0
Ankit Khan,32,Sri Lanka,Wicketkeeper,213.0,12,9312.0,100.5,0.0,0.0,36.03,KKR,2.0
Sameer Kulkarni,19,Australia,Bowler,26.0,1,217.0,147.0,438.0,5.5,28.54,MI,3.0
Rahul Mehta,32,England,Wicketkeeper,210.0,7,10897.0,153.0,0.0,0.0,53.53,SRH,7.0
Sameer Malik,35,India,Batter,330.0,16,8430.0,115.9,6.0,6.87,51.34,LSG,0.2
Amit Patel,27,West Indies,Bowler,204.0,9,245.0,121.6,105.0,7.67,31.23,RCB,2.0
Amit Naidu,34,England,Allrounder,207.0,7,6521.0,136.3,275.0,6.84,29.57,RR,7.0
Rohan Singh,29,West Indies,Allrounder,299.0,10,2510.0,98.1,492.0,7.58,21.73,CSK,1.5
Manoj Shetty,32,India,Wicketkeeper,365.0,13,11478.0,118.2,0.0,0.0,32.37,GT,3.0
Sandeep Khan,41,England,Batter,473.5,19,14984.0,124.5,8.0,7.1,31.23,RR,3.0
Rahul Mehta,22,Australia,Bowler,42.0,2,902.0,113.6,122.0,4.73,54.12,RR,0.5
Sandeep Yadav,19,India,Batter,28.0,1,5484.0,121.7,13.0,7.44,40.18,RR,1.5
Amit Patel,35,India,Bowler,202.0,9,2978.0,109.5,574.0,7.74,43.84,RCB,1.5
Sameer Iyer,20,India,Wicketkeeper,17.0,1,10030.0,138.0,0.0,0.0,41.26,LSG,0.2
Irfan Naidu,28,West Indies,Allrounder,290.0,10,8784.0,135.6,456.0,5.31,22.24,SRH,0.2
Arjun Iyer,41,West Indies,Allrounder,236.0,11,8104.0,139.4,344.0,7.09,27.38,PBKS,7.0
Irfan Sharma,42,Sri Lanka,Bowler,154.0,8,1344.0,96.8,601.0,7.2,49.53,RR,1.0
Amit Mehta,27,Australia,Wicketkeeper,133.0,8,4924.0,122.6,0.0,0.0,27.62,SRH,2.0
Sameer Yadav,35,India,Bowler,238.0,8,403.0,152.2,794.0,4.51,22.54,LSG,1.0
Manoj Deshmukh,35,South Africa,Allrounder,424.0,17,3950.0,115.9,81.0,5.7,41.71,RR,11.0
Sameer Kulkarni,25,England,Wicketkeeper,59.0,2,3432.0,127.7,0.0,0.0,24.4,MI,1.0
Sandeep Reddy,31,India,Wicketkeeper,147.0,7,8568.0,112.4,0.0,0.0,28.36,LSG,2.0
Karthik Khan,21,South Africa,Bowler,48.0,2,876.0,119.7,495.0,4.81,44.64,LSG,10.0
Vikas Mehta,31,England,Allrounder,70.0,4,6398.0,117.0,207.0,5.76,33.68,RCB,7.0
Rahul Patel,36,India,Batter,233.0,13,11853.0,152.3,13.0,9.42,48.0,MI,0.5
Sameer Shetty,33,India,Batter,225.0,15,10720.0,99.1,5.0,6.85,31.09,RCB,7.0
Irfan Singh,19,India,Allrounder,16.0,1,2853.0,125.4,497.0,5.93,47.22,DC,2.0
Amit Mehta,27,India,Batter,168.0,6,3003.0,145.7,6.0,9.0,32.59,MI,2.0
Rahul Verma,23,Australia,Wicketkeeper,99.0,4,11119.0,136.2,0.0,0.0,30.95,PBKS,0.5
Rahul Naidu,20,Australia,Bowler,35.0,2,2635.0,137.1,874.0,4.23,20.34,PBKS,0.2
Karthik Mehta,40,Australia,Batter,271.0,17,9445.0,114.8,10.0,7.43,44.27,KKR,5.0
Harshit Naidu,39,West Indies,Wicketkeeper,129.0,6,7311.0,141.0,0.0,0.0,30.64,DC,2.0
Harshit Khan,38,Australia,Wicketkeeper,365.0,13,7851.0,143.7,0.0,0.0,30.29,KKR,2.0
Sandeep Deshmukh,24,India,Wicketkeeper,32.0,2,3462.0,121.8,0.0,0.0,45.45,RCB,5.0
Rahul Naidu,36,India,Bowler,106.0,4,300.0,154.2,369.0,6.63,27.88,RCB,7.0
Nikhil Yadav,42,South Africa,Allrounder,269.0,11,2504.0,131.6,369.0,7.32,52.03,LSG,0.5
Sameer Deshmukh,39,Sri Lanka,Allrounder,287.0,18,4483.0,140.1,120.0,5.55,39.89,KKR,3.0
Rahul Sharma,30,Australia,Allrounder,84.0,4,3028.0,123.5,456.0,5.96,31.68,CSK,0.5
Harshit Deshmukh,33,Sri Lanka,Wicketkeeper,137.0,8,7856.0,129.8,0.0,0.0,51.12,DC,5.0
Pranav Singh,41,India,Wicketkeeper,348.0,22,5189.0,129.2,0.0,0.0,42.11,PBKS,5.0
Karthik Khan,26,India,Batter,110.0,7,5299.0,98.1,7.0,7.82,28.15,DC,11.0
Sameer Yadav,34,South Africa,Allrounder,249.0,16,7814.0,113.6,44.0,6.72,26.36,RCB,0.2
Harshit Mehta,38,England,Allrounder,180.0,12,2356.0,114.4,287.0,6.76,29.03,DC,0.2
Vikas Iyer,42,West Indies,Bowler,395.0,17,2174.0,103.0,480.0,5.76,52.47,DC,1.0
Harshit Deshmukh,34,Sri Lanka,Wicketkeeper,197.0,7,11464.0,147.1,0.0,0.0,44.77,CSK,1.0
Amit Verma,27,India,Wicketkeeper,239.0,9,3528.0,101.4,0.0,0.0,47.16,DC,1.0
Sameer Naidu,33,India,Wicketkeeper,290.0,14,6151.0,143.5,0.0,0.0,46.87,PBKS,10.0
Sameer Kulkarni,32,India,Allrounder,149.0,5,3581.0,133.6,242.0,5.4,49.2,CSK,1.0
Amit Yadav,26,India,Bowler,27.0,1,9.0,133.8,520.0,6.19,36.04,LSG,1.0
Arjun Malik,19,South Africa,Allrounder,15.0,1,5610.0,97.1,484.0,6.85,42.36,GT,5.0
Harshit Mehta,41,Sri Lanka,Allrounder,473.5,21,3248.0,121.1,313.0,5.29,30.24,CSK,2.0
Harshit Patel,39,South Africa,Allrounder,438.0,18,2951.0,103.0,319.0,6.91,44.21,KKR,7.0
Pranav Reddy,38,England,Batter,187.0,7,7023.0,104.8,15.0,8.78,23.65,MI,0.2
Sameer Deshmukh,18,India,Bowler,24.0,1,2751.0,147.6,343.0,4.55,38.49,SRH,2.0
Vikas Deshmukh,31,England,Wicketkeeper,51.0,3,7231.0,123.0,0.0,0.0,23.73,RCB,0.2
Rahul Iyer,27,India,Batter,196.0,9,4081.0,147.1,8.0,8.27,48.99,MI,0.2
Ankit Patel,23,West Indies,Wicketkeeper,29.0,1,10868.0,132.6,0.0,0.0,22.63,GT,10.0
Harshit Patel,21,India,Allrounder,41.0,2,2945.0,98.0,238.0,5.39,29.01,DC,0.5
Aditya Sharma,24,India,Allrounder,83.0,5,2829.0,110.6,114.0,5.47,33.48,PBKS,3.0
Karthik Khan,28,India,Bowler,66.0,3,3495.0,131.6,478.0,7.58,49.22,DC,2.0
Harshit Chopra,42,India,Batter,252.0,14,6115.0,101.8,15.0,8.49,45.76,RR,1.5
Aditya Yadav,42,West Indies,Batter,473.5,19,9345.0,133.3,10.0,6.96,31.93,LSG,10.0
Sameer Sharma,38,Sri Lanka,Bowler,228.0,12,15.0,110.8,664.0,7.79,29.77,CSK,0.2
Pranav Singh,29,India,Allrounder,25.0,1,8561.0,96.5,277.0,8.26,44.38,RR,5.0
Nikhil Chopra,20,India,Batter,19.0,1,10756.0,145.2,15.0,8.54,54.11,GT,11.0
Nikhil Shetty,35,England,Batter,227.0,11,8112.0,98.9,13.0,9.41,48.76,CSK,3.0
Amit Verma,27,Australia,Batter,27.0,1,5507.0,133.8,8.0,8.26,24.49,RCB,10.0
Arjun Singh,28,Sri Lanka,Batter,144.0,7,7912.0,153.9,13.0,8.28,51.91,MI,0.2
Ankit Iyer,18,India,Allrounder,18.0,1,4469.0,97.4,98.0,6.54,32.68,MI,2.0
Ankit Khan,21,India,Allrounder,48.0,2,3239.0,137.1,338.0,7.89,36.08,MI,1.0
Rohan Verma,20,West Indies,Batter,17.0,1,14678.0,120.6,9.0,6.19,36.42,GT,5.0
Sameer Reddy,35,Australia,Batter,257.0,10,4523.0,133.5,10.0,9.25,30.91,CSK,11.0
Rahul Patel,26,India,Bowler,18.0,1,3651.0,99.0,568.0,6.0,54.04,PBKS,1.0
Manoj Chopra,19,Australia,Allrounder,20.0,1,6340.0,123.7,327.0,6.26,32.43,MI,5.0
Sandeep Iyer,25,India,Allrounder,15.0,1,5352.0,134.7,151.0,7.39,45.04,PBKS,0.5
Sandeep Deshmukh,41,India,Bowler,473.5,22,21.0,113.9,777.0,5.02,24.38,GT,3.0
Karthik Chopra,34,India,Bowler,245.0,9,864.0,97.4,707.0,6.49,40.92,KKR,2.0
Irfan Chopra,39,England,Bowler,229.0,13,1656.0,148.4,684.0,7.3,35.72,SRH,11.0
Rohan Yadav,31,India,Allrounder,257.0,10,3588.0,99.6,371.0,6.61,43.48,PBKS,3.0
Rahul Reddy,37,India,Batter,431.0,16,7144.0,109.7,4.0,8.87,34.75,PBKS,1.5
Pranav Yadav,36,India,Batter,119.0,6,7095.0,147.6,1.0,8.94,28.51,RCB,0.2
Sandeep Yadav,41,India,Wicketkeeper,81.0,3,2546.0,128.0,0.0,0.0,26.74,SRH,0.5
Irfan Deshmukh,38,South Africa,Batter,118.0,7,8592.0,149.7,6.0,6.36,48.72,CSK,1.0
Aditya Kulkarni,32,England,Bowler,65.0,3,1683.0,97.9,467.0,6.89,49.53,MI,1.0
Karthik Kulkarni,39,India,Allrounder,360.0,17,4688.0,115.5,220.0,6.53,39.13,KKR,7.0
Karthik Naidu,24,South Africa,Bowler,96.0,6,1032.0,140.4,83.0,4.35,40.39,SRH,3.0
Amit Shetty,31,Sri Lanka,Bowler,187.0,8,1184.0,106.3,288.0,4.71,26.45,CSK,3.0
Sandeep Verma,31,India,Allrounder,43.0,2,7800.0,130.3,47.0,5.2,49.41,SRH,0.2
Nikhil Naidu,33,Australia,Batter,359.0,13,6675.0,97.9,14.0,6.06,40.05,DC,10.0
Irfan Naidu,24,Australia,Allrounder,110.0,6,5435.0,114.6,152.0,7.87,32.24,RR,5.0
Harshit Yadav,32,South Africa,Batter,59.0,3,12039.0,111.5,4.0,8.09,20.93,LSG,0.2
Arjun Verma,21,Australia,Allrounder,57.0,2,6892.0,132.5,304.0,7.57,40.33,MI,5.0
Rahul Mehta,27,India,Batter,141.0,7,7130.0,135.5,7.0,8.6,27.21,MI,3.0
Pranav Naidu,42,India,Bowler,406.0,22,3926.0,102.6,100.0,5.34,24.54,GT,0.2
Nikhil Singh,28,Sri Lanka,Wicketkeeper,184.0,9,5569.0,135.6,0.0,0.0,50.05,CSK,2.0
Aditya Shetty,21,Australia,Allrounder,89.0,3,8091.0,132.7,179.0,8.37,26.44,RR,2.0
Pranav Malik,36,England,Wicketkeeper,117.0,7,8724.0,101.3,0.0,0.0,48.45,PBKS,0.5
Sameer Yadav,33,India,Bowler,236.0,10,1461.0,132.1,562.0,6.2,47.35,DC,11.0
Karthik Yadav,42,West Indies,Allrounder,122.0,8,7150.0,145.1,79.0,7.46,21.97,RR,7.0
Vikas Reddy,21,India,Bowler,74.0,3,1689.0,146.1,627.0,6.84,30.01,CSK,5.0
Pranav Chopra,41,India,Batter,59.0,3,6514.0,113.8,6.0,8.24,53.53,LSG,2.0
Rohan Sharma,29,South Africa,Batter,33.0,2,7594.0,129.8,14.0,6.12,25.83,PBKS,2.0
Sameer Yadav,24,India,Allrounder,17.0,1,8097.0,105.6,168.0,7.49,28.24,PBKS,5.0
Amit Naidu,37,West Indies,Bowler,355.0,18,2692.0,149.9,855.0,5.88,27.41,SRH,3.0
Irfan Yadav,40,England,Wicketkeeper,18.0,1,3953.0,103.7,0.0,0.0,46.56,RR,0.2
Amit Reddy,34,England,Allrounder,216.0,8,5205.0,149.7,324.0,6.75,25.13,DC,2.0
Aditya Patel,40,India,Batter,175.0,6,7509.0,109.0,6.0,8.26,25.49,PBKS,7.0
Aditya Sharma,23,India,Bowler,56.0,2,856.0,130.6,282.0,6.6,46.42,RCB,2.0
Amit Kulkarni,22,India,Wicketkeeper,84.0,3,4703.0,113.6,0.0,0.0,35.68,LSG,0.2
Ankit Kulkarni,19,South Africa,Bowler,19.0,1,2817.0,154.0,144.0,5.54,30.23,SRH,7.0
Amit Iyer,23,India,Wicketkeeper,94.0,4,5368.0,112.7,0.0,0.0,32.41,DC,0.5
Rahul Shetty,39,India,Batter,228.0,14,5518.0,110.1,13.0,7.98,52.04,RCB,1.0
Aditya Malik,21,Australia,Bowler,52.0,2,2130.0,148.7,810.0,5.01,23.62,RCB,0.5
Sameer Naidu,35,West Indies,Allrounder,365.0,17,5178.0,149.4,257.0,7.3,25.91,RCB,1.5
Rohan Singh,23,India,Wicketkeeper,77.0,5,5715.0,153.1,0.0,0.0,35.85,SRH,5.0
Harshit Chopra,30,India,Wicketkeeper,149.0,5,4389.0,151.7,0.0,0.0,43.69,LSG,2.0
Vikas Deshmukh,40,India,Batter,146.0,5,10853.0,106.3,12.0,7.06,30.63,GT,0.5
Amit Chopra,38,West Indies,Bowler,403.0,19,3272.0,103.6,209.0,4.35,23.66,RCB,10.0
Vikas Chopra,25,India,Batter,25.0,1,11602.0,142.7,2.0,7.48,24.95,GT,10.0
Arjun Iyer,26,India,Allrounder,129.0,5,5518.0,133.6,475.0,5.46,26.9,RCB,10.0
Aditya Kulkarni,24,West Indies,Bowler,34.0,2,2559.0,105.0,532.0,4.37,52.33,MI,1.0
Aditya Shetty,20,Sri Lanka,Batter,35.0,2,14163.0,116.2,8.0,8.88,42.95,DC,2.0
Harshit Sharma,28,India,Batter,15.0,1,4370.0,135.6,10.0,7.88,43.89,CSK,11.0
Rahul Deshmukh,23,Sri Lanka,Batter,87.0,5,10192.0,111.0,11.0,8.2,21.37,KKR,7.0
Ankit Singh,19,India,Bowler,24.0,1,3082.0,148.5,379.0,5.73,39.93,RR,0.2
Arjun Malik,26,West Indies,Batter,75.0,3,7705.0,154.5,15.0,8.91,25.73,RCB,0.2
Sandeep Malik,34,West Indies,Bowler,84.0,3,3228.0,135.5,123.0,6.63,54.3,SRH,2.0
Amit Chopra,28,Sri Lanka,Wicketkeeper,108.0,7,3223.0,154.1,0.0,0.0,44.03,RR,10.0
Pranav Verma,37,South Africa,Batter,41.0,2,13431.0,142.9,10.0,6.85,23.75,KKR,3.0
Arjun Iyer,20,South Africa,Allrounder,48.0,2,2507.0,149.6,160.0,7.73,33.4,RR,2.0
Arjun Yadav,31,England,Allrounder,87.0,3,1901.0,120.8,227.0,7.21,35.32,DC,0.2
Aditya Sharma,27,India,Wicketkeeper,85.0,3,10196.0,113.6,0.0,0.0,46.67,GT,5.0
Vikas Reddy,19,West Indies,Bowler,29.0,1,2531.0,151.4,443.0,7.56,26.12,PBKS,7.0
Rahul Sharma,18,India,Bowler,18.0,1,3544.0,139.2,481.0,7.32,28.85,SRH,1.5
Rohan Kulkarni,26,India,Batter,47.0,2,10760.0,111.1,15.0,6.24,51.93,SRH,7.0
Manoj Deshmukh,25,West Indies,Bowler,83.0,5,1637.0,138.3,354.0,6.41,29.0,KKR,11.0
Sandeep Deshmukh,25,Australia,Batter,53.0,2,5799.0,96.7,9.0,8.52,33.14,RR,0.5
Amit Yadav,31,India,Bowler,122.0,5,2958.0,103.8,822.0,6.38,48.81,RR,3.0
Rahul Verma,34,India,Bowler,328.0,14,3577.0,134.1,121.0,4.89,34.18,SRH,1.0
Sandeep Singh,30,Australia,Wicketkeeper,80.0,5,5557.0,130.8,0.0,0.0,23.76,DC,7.0
Ankit Chopra,30,Australia,Allrounder,72.0,4,8589.0,149.6,413.0,5.06,29.44,RCB,3.0
Manoj Verma,18,Australia,Wicketkeeper,24.0,1,10904.0,144.2,0.0,0.0,54.98,RR,3.0
Harshit Yadav,36,England,Batter,378.0,17,12110.0,110.9,5.0,6.74,43.2,MI,7.0
Karthik Mehta,26,England,Bowler,94.0,6,1186.0,149.9,783.0,7.67,37.6,CSK,1.5
Vikas Yadav,38,India,Allrounder,54.0,2,8249.0,103.1,221.0,7.78,54.21,KKR,10.0
Nikhil Singh,24,South Africa,Allrounder,103.0,5,8108.0,104.8,112.0,8.38,30.48,MI,3.0
Aditya Mehta,21,West Indies,Batter,29.0,1,14816.0,111.3,3.0,6.35,48.56,LSG,0.5
Vikas Mehta,35,India,Bowler,45.0,2,887.0,100.3,217.0,5.44,31.98,MI,5.0
Vikas Sharma,30,India,Allrounder,184.0,11,2187.0,132.8,424.0,8.43,34.57,RR,7.0
Harshit Singh,37,India,Wicketkeeper,473.5,17,10703.0,105.0,0.0,0.0,54.52,RR,1.0
Amit Khan,31,India,Batter,201.0,13,3481.0,111.9,3.0,8.87,22.45,RCB,7.0
Arjun Iyer,28,West Indies,Batter,106.0,7,7004.0,102.2,12.0,6.2,40.33,PBKS,10.0
Rohan Deshmukh,28,India,Wicketkeeper,212.0,8,9307.0,150.7,0.0,0.0,37.39,SRH,1.0
Ankit Mehta,18,India,Wicketkeeper,16.0,1,3749.0,145.6,0.0,0.0,35.61,DC,11.0
Irfan Chopra,27,Australia,Batter,33.0,2,11834.0,138.9,9.0,8.48,26.09,PBKS,0.5
Arjun Naidu,25,India,Wicketkeeper,48.0,2,4782.0,116.7,0.0,0.0,42.31,DC,0.5
Sandeep Malik,42,India,Bowler,365.0,14,2465.0,116.7,597.0,4.27,38.72,RCB,0.5
Karthik Verma,22,England,Bowler,28.0,1,314.0,123.5,174.0,7.79,48.56,DC,10.0
Sandeep Chopra,26,South Africa,Allrounder,16.0,1,8295.0,142.8,227.0,6.51,40.84,GT,5.0
Vikas Naidu,38,South Africa,Allrounder,28.0,1,7977.0,119.7,420.0,8.1,41.15,RR,0.5
Aditya Iyer,19,India,Batter,16.0,1,6161.0,120.0,1.0,8.21,25.05,RR,2.0
Manoj Reddy,34,India,Allrounder,209.0,7,8637.0,96.0,430.0,5.33,50.57,PBKS,3.0
Pranav Naidu,18,England,Bowler,21.0,1,409.0,107.7,259.0,4.9,45.76,MI,0.2
Sameer Singh,42,India,Allrounder,209.0,7,5020.0,125.4,300.0,6.12,25.69,DC,10.0
Nikhil Patel,35,Sri Lanka,Wicketkeeper,144.0,6,11697.0,152.6,0.0,0.0,49.81,LSG,7.0
Arjun Malik,38,Australia,Bowler,80.0,5,474.0,119.4,327.0,7.28,46.68,SRH,2.0
Harshit Chopra,27,India,Batter,222.0,9,7889.0,95.5,7.0,6.5,20.7,LSG,11.0
Manoj Sharma,33,India,Bowler,375.0,14,1533.0,122.3,709.0,6.23,38.13,KKR,2.0
Rahul Kulkarni,41,Sri Lanka,Batter,104.0,4,14369.0,120.4,0.0,6.03,45.13,DC,11.0
Nikhil Mehta,37,Australia,Allrounder,39.0,2,6202.0,138.9,133.0,6.55,28.16,MI,5.0
Nikhil Shetty,18,South Africa,Allrounder,28.0,1,7780.0,130.3,359.0,7.85,27.38,RCB,3.0
Irfan Chopra,36,Sri Lanka,Allrounder,217.0,13,8783.0,132.7,307.0,5.83,49.05,PBKS,0.5
Nikhil Reddy,27,India,Allrounder,54.0,3,4206.0,110.5,329.0,6.45,50.35,PBKS,10.0
Harshit Chopra,21,India,Batter,60.0,2,5869.0,121.9,6.0,8.34,37.08,SRH,2.0
Rohan Shetty,21,South Africa,Bowler,27.0,1,2309.0,132.6,653.0,4.78,32.56,RCB,0.5
Arjun Naidu,19,South Africa,Batter,18.0,1,10490.0,123.8,13.0,9.48,37.01,RCB,0.2
Aditya Yadav,18,West Indies,Bowler,22.0,1,2129.0,150.0,701.0,6.15,48.03,SRH,3.0
Pranav Yadav,25,India,Allrounder,87.0,3,8848.0,138.1,327.0,6.58,40.52,GT,3.0
Irfan Sharma,42,South Africa,Allrounder,18.0,1,2667.0,106.5,395.0,6.72,36.24,DC,5.0
Amit Chopra,36,South Africa,Allrounder,361.0,14,7751.0,149.9,223.0,5.86,31.74,RCB,10.0
Pranav Verma,35,West Indies,Wicketkeeper,123.0,5,11886.0,152.1,0.0,0.0,38.66,MI,0.2
Pranav Patel,30,India,Wicketkeeper,161.0,6,10395.0,132.9,0.0,0.0,39.0,KKR,5.0
Harshit Yadav,31,England,Bowler,48.0,2,1379.0,117.5,848.0,4.49,23.47,GT,0.5
Harshit Verma,21,West Indies,Bowler,34.0,2,985.0,121.8,681.0,6.37,47.23,RR,7.0
Pranav Khan,42,India,Allrounder,192.0,10,5419.0,104.9,425.0,5.77,34.22,CSK,7.0
Pranav Malik,25,South Africa,Batter,27.0,1,9378.0,137.6,2.0,9.24,34.66,GT,3.0
Arjun Yadav,19,India,Wicketkeeper,21.0,1,7986.0,126.0,0.0,0.0,22.95,MI,5.0
Manoj Chopra,18,Australia,Batter,17.0,1,7801.0,135.0,2.0,9.45,29.99,CSK,1.0
Karthik Reddy,41,West Indies,Batter,215.0,11,12543.0,101.6,14.0,8.05,53.8,RCB,2.0
Amit Deshmukh,38,India,Bowler,373.0,14,1146.0,133.9,356.0,4.66,28.59,DC,7.0
Karthik Mehta,18,South Africa,Wicketkeeper,20.0,1,3453.0,138.1,0.0,0.0,47.19,SRH,2.0
Aditya Reddy,40,India,Bowler,377.0,15,561.0,131.9,432.0,6.56,51.24,RR,1.5
Aditya Kulkarni,18,South Africa,Wicketkeeper,16.0,1,5137.0,99.7,0.0,0.0,31.58,LSG,2.0
Amit Reddy,36,West Indies,Allrounder,61.0,3,2050.0,154.3,139.0,5.87,33.63,GT,7.0
Vikas Patel,24,England,Wicketkeeper,41.0,2,5305.0,139.0,0.0,0.0,43.97,RCB,1.5
Rahul Naidu,24,India,Wicketkeeper,74.0,3,2674.0,107.7,0.0,0.0,28.36,GT,0.5
Rahul Mehta,24,India,Batter,42.0,2,4845.0,119.7,7.0,6.98,28.2,RCB,5.0
Irfan Chopra,42,India,Bowler,329.0,14,2030.0,147.8,639.0,4.07,53.8,DC,7.0
Rahul Yadav,36,Sri Lanka,Wicketkeeper,199.0,12,11432.0,115.5,0.0,0.0,31.85,KKR,0.2
Nikhil Sharma,27,England,Allrounder,81.0,5,2653.0,135.8,482.0,5.02,48.89,RCB,1.0
Irfan Patel,30,Australia,Batter,111.0,5,3866.0,104.6,7.0,6.51,47.65,RR,0.5
Irfan Patel,32,Sri Lanka,Allrounder,94.0,4,2387.0,97.7,112.0,7.16,41.79,RR,1.5
Pranav Chopra,32,India,Wicketkeeper,199.0,12,2729.0,113.5,0.0,0.0,32.91,RCB,2.0
Sameer Malik,23,West Indies,Wicketkeeper,20.0,1,4176.0,141.2,0.0,0.0,48.38,PBKS,5.0
Arjun Khan,38,India,Allrounder,178.0,7,5973.0,151.8,214.0,6.4,34.23,RR,5.0
Vikas Shetty,41,India,Wicketkeeper,463.0,16,11336.0,141.3,0.0,0.0,36.94,RR,3.0
Arjun Kulkarni,25,South Africa,Bowler,15.0,1,1386.0,149.5,314.0,7.41,23.06,DC,1.5
Karthik Shetty,36,West Indies,Batter,409.0,15,13430.0,144.5,13.0,9.28,47.7,PBKS,7.0
Karthik Naidu,30,South Africa,Batter,292.0,11,6865.0,143.3,12.0,6.7,49.75,CSK,2.0
Ankit Shetty,34,South Africa,Batter,144.0,5,5353.0,152.1,2.0,7.01,21.75,CSK,11.0
Vikas Kulkarni,39,England,Bowler,176.0,6,652.0,127.3,168.0,4.57,40.15,DC,3.0
Amit Shetty,30,West Indies,Allrounder,279.0,11,2359.0,96.0,391.0,7.26,53.61,DC,0.5
Aditya Patel,26,India,Bowler,114.0,7,2337.0,103.6,222.0,4.17,20.49,GT,5.0
Karthik Shetty,28,India,Wicketkeeper,292.0,10,11253.0,129.0,0.0,0.0,52.63,PBKS,1.5
Vikas Reddy,42,West Indies,Allrounder,473.5,22,7917.0,144.4,319.0,7.33,20.46,PBKS,5.0
Sameer Khan,18,England,Bowler,16.0,1,3896.0,122.6,699.0,6.06,37.46,CSK,0.2
Aditya Mehta,40,West Indies,Wicketkeeper,157.0,8,4629.0,99.3,0.0,0.0,43.96,SRH,0.5
Pranav Patel,27,England,Batter,147.0,6,13257.0,140.9,14.0,7.76,36.99,SRH,7.0
Rahul Singh,42,India,Wicketkeeper,58.0,2,11412.0,104.0,0.0,0.0,42.69,RCB,1.0
Karthik Yadav,30,India,Wicketkeeper,123.0,8,9905.0,105.3,0.0,0.0,50.53,GT,7.0
Nikhil Patel,26,Sri Lanka,Batter,183.0,7,11719.0,104.4,15.0,8.15,53.68,LSG,1.0
Irfan Mehta,30,South Africa,Bowler,264.0,9,2036.0,99.4,815.0,5.97,41.94,PBKS,5.0
Arjun Mehta,22,Sri Lanka,Allrounder,53.0,2,1812.0,143.2,444.0,5.89,48.62,KKR,5.0
Pranav Chopra,38,South Africa,Allrounder,365.0,18,7089.0,125.1,360.0,8.43,35.92,CSK,2.0
Aditya Verma,25,England,Batter,69.0,3,9241.0,102.9,10.0,8.64,39.14,CSK,1.0
Amit Kulkarni,39,India,Batter,296.0,15,11876.0,100.4,5.0,7.91,34.63,MI,0.5
Irfan Singh,42,Australia,Allrounder,453.0,22,5789.0,146.4,241.0,7.99,23.47,SRH,0.2
Vikas Iyer,32,Australia,Wicketkeeper,197.0,10,6540.0,100.4,0.0,0.0,29.19,DC,1.0
Harshit Reddy,38,India,Allrounder,144.0,5,8885.0,102.7,333.0,8.06,45.2,KKR,5.0
Sandeep Verma,21,England,Wicketkeeper,35.0,2,11233.0,101.1,0.0,0.0,41.81,MI,10.0
Sandeep Khan,42,South Africa,Wicketkeeper,207.0,11,11928.0,116.4,0.0,0.0,47.61,DC,10.0
Irfan Deshmukh,23,England,Bowler,93.0,4,2490.0,133.4,877.5,4.89,28.25,KKR,7.0
Vikas Malik,39,India,Batter,323.0,12,14642.0,147.4,12.0,8.5,24.44,GT,7.0
Pranav Naidu,29,Australia,Batter,139.0,6,12153.0,130.6,10.0,9.03,24.45,GT,5.0
Harshit Kulkarni,18,Australia,Wicketkeeper,22.0,1,2624.0,120.7,0.0,0.0,25.63,SRH,1.0
Sameer Kulkarni,24,India,Batter,52.0,3,10884.0,140.5,15.0,8.45,23.7,GT,10.0
Arjun Malik,23,India,Bowler,23.0,1,3249.0,143.9,118.0,5.92,52.77,DC,5.0
Manoj Verma,20,England,Bowler,39.0,2,1858.0,152.0,190.0,5.95,38.75,MI,3.0
Rahul Yadav,28,England,Bowler,169.0,6,3629.0,145.9,299.0,5.5,37.25,RCB,0.2
Vikas Shetty,31,Sri Lanka,Batter,228.0,8,8198.0,124.4,1.0,7.65,49.64,RR,2.0
Aditya Malik,18,Australia,Bowler,17.0,1,144.0,119.2,874.0,7.16,31.67,MI,2.0
Manoj Mehta,29,India,Wicketkeeper,89.0,3,11080.0,124.5,0.0,0.0,40.05,GT,10.0
Nikhil Deshmukh,33,Sri Lanka,Batter,136.0,9,7451.0,142.6,11.0,6.83,37.03,RCB,3.0
Manoj Iyer,22,England,Allrounder,47.0,2,8128.0,101.4,454.0,6.17,28.36,RCB,1.5
Amit Singh,42,West Indies,Wicketkeeper,316.0,14,9869.0,152.0,0.0,0.0,30.68,PBKS,11.0
Rohan Malik,35,India,Allrounder,351.0,15,7284.0,122.6,212.0,5.59,30.75,RCB,0.2
Arjun Kulkarni,34,South Africa,Allrounder,258.0,11,8025.0,114.4,483.0,5.12,39.04,DC,2.0
Sandeep Chopra,28,Australia,Allrounder,180.0,10,2179.0,116.4,455.0,6.93,35.66,RCB,0.2
Amit Iyer,40,India,Allrounder,220.0,14,2777.0,117.6,450.0,8.38,29.04,CSK,5.0
Nikhil Kulkarni,27,India,Bowler,120.0,6,537.0,122.5,738.0,4.93,46.58,KKR,10.0
Rahul Yadav,21,England,Allrounder,40.0,2,5436.0,137.6,57.0,5.72,20.74,CSK,1.0
Arjun Deshmukh,34,India,Wicketkeeper,141.0,7,7468.0,120.1,0.0,0.0,47.16,RCB,7.0
Manoj Mehta,27,Sri Lanka,Wicketkeeper,171.0,9,10685.0,115.3,0.0,0.0,39.73,PBKS,1.0
Karthik Khan,40,Australia,Wicketkeeper,202.0,8,9271.0,107.3,0.0,0.0,45.97,LSG,10.0
Ankit Malik,22,India,Bowler,26.0,1,1179.0,146.2,294.0,4.2,26.94,GT,5.0
Aditya Chopra,20,India,Bowler,21.0,1,3425.0,116.2,144.0,7.32,45.29,MI,7.0
Sameer Malik,22,Australia,Bowler,49.0,2,379.0,149.4,140.0,5.21,24.43,CSK,0.2
Sameer Patel,30,India,Batter,286.0,12,7299.0,124.6,15.0,6.62,22.87,GT,11.0
Ankit Sharma,23,India,Wicketkeeper,54.0,2,10227.0,106.8,0.0,0.0,53.03,GT,5.0
Pranav Naidu,30,India,Batter,224.0,9,10865.0,117.6,14.0,9.42,52.32,RCB,1.0
Arjun Kulkarni,28,Sri Lanka,Allrounder,92.0,5,4604.0,111.2,119.0,6.91,44.58,SRH,7.0
Sandeep Mehta,36,West Indies,Allrounder,56.0,2,7853.0,154.3,477.0,7.31,29.28,MI,1.0
Sameer Kulkarni,39,India,Wicketkeeper,411.0,15,4175.0,135.3,0.0,0.0,21.82,GT,10.0
Aditya Naidu,30,Sri Lanka,Bowler,20.0,1,259.0,95.2,548.0,4.43,54.98,MI,0.2
Karthik Shetty,39,India,Bowler,108.0,7,1334.0,142.2,266.0,7.05,37.84,KKR,5.0
Aditya Reddy,23,India,Bowler,53.0,2,1749.0,104.1,877.5,5.14,29.96,RCB,3.0
Pranav Verma,28,West Indies,Batter,290.0,10,5357.0,140.4,7.0,7.32,38.89,KKR,0.2
Aditya Yadav,23,West Indies,Allrounder,58.0,3,4123.0,96.1,324.0,5.27,23.58,PBKS,1.0
Rahul Naidu,27,Sri Lanka,Wicketkeeper,103.0,5,5147.0,119.6,0.0,0.0,52.66,LSG,0.2
Amit Mehta,30,Australia,Bowler,107.0,5,2365.0,143.1,873.0,6.42,36.32,DC,2.0
Sandeep Khan,33,Sri Lanka,Batter,150.0,10,6060.0,101.5,5.0,7.27,50.66,LSG,1.0
Amit Singh,32,Sri Lanka,Bowler,54.0,2,2158.0,105.1,589.0,6.98,37.93,KKR,3.0
Karthik Deshmukh,41,India,Bowler,97.0,4,3896.0,132.5,651.0,5.85,53.12,DC,1.0
Sandeep Sharma,34,India,Bowler,221.0,8,1492.0,127.4,486.0,6.2,21.76,MI,1.0
Sandeep Sharma,41,Australia,Bowler,54.0,2,2270.0,106.2,580.0,4.24,21.14,CSK,5.0
Ankit Kulkarni,37,England,Wicketkeeper,395.0,15,10926.0,139.6,0.0,0.0,45.32,KKR,0.2
Pranav Chopra,29,India,Bowler,47.0,3,827.0,145.2,97.0,4.52,25.42,RR,10.0
Sameer Reddy,26,England,Bowler,89.0,5,1885.0,109.9,148.0,5.14,33.03,MI,7.0
Irfan Deshmukh,29,India,Bowler,46.0,3,3190.0,124.3,232.0,4.97,34.26,PBKS,5.0
Harshit Khan,38,England,Bowler,297.0,19,378.0,98.4,390.0,7.75,24.98,PBKS,3.0
Pranav Malik,24,India,Allrounder,63.0,4,6514.0,132.6,461.0,5.18,21.91,GT,10.0
Karthik Patel,24,Sri Lanka,Wicketkeeper,17.0,1,4386.0,145.2,0.0,0.0,37.92,KKR,0.5
Pranav Iyer,22,India,Batter,73.0,4,5578.0,128.7,3.0,7.84,25.98,RCB,0.2
Karthik Shetty,39,India,Wicketkeeper,254.0,15,3962.0,106.9,0.0,0.0,31.16,RCB,1.0
Manoj Patel,21,India,Wicketkeeper,16.0,1,4481.0,130.6,0.0,0.0,27.35,RCB,7.0
Sandeep Deshmukh,37,West Indies,Wicketkeeper,54.0,2,9670.0,102.0,0.0,0.0,53.95,DC,0.2
Amit Verma,25,India,Bowler,43.0,2,1557.0,143.2,425.0,4.08,47.58,PBKS,3.0
Pranav Iyer,24,Australia,Batter,141.0,5,4697.0,103.1,4.0,7.04,25.1,LSG,11.0
Rahul Patel,42,India,Bowler,292.0,10,2797.0,133.6,484.0,6.65,47.4,SRH,7.0
Sameer Singh,38,England,Bowler,323.0,17,614.0,136.5,690.0,7.56,25.45,CSK,3.0
Amit Malik,27,India,Bowler,194.0,7,3468.0,145.5,455.0,4.93,27.33,PBKS,0.2
Harshit Deshmukh,29,India,Batter,196.0,7,13927.0,137.2,11.0,6.25,34.09,CSK,7.0
Harshit Patel,22,Sri Lanka,Batter,67.0,4,5324.0,134.0,8.0,9.22,23.16,KKR,3.0
Arjun Singh,24,England,Allrounder,84.0,4,4014.0,110.5,430.0,8.32,31.8,GT,0.2
Rohan Patel,22,India,Batter,34.0,2,10894.0,98.1,1.0,7.41,37.38,RCB,0.2
Nikhil Iyer,31,India,Allrounder,47.0,2,5553.0,119.1,182.0,5.43,32.27,LSG,10.0
Karthik Deshmukh,19,South Africa,Batter,28.0,1,12679.0,143.2,0.0,8.7,25.37,MI,5.0
Sandeep Malik,31,West Indies,Bowler,101.0,4,3871.0,117.4,189.0,5.39,25.3,SRH,7.0
Irfan Iyer,28,India,Allrounder,179.0,6,7319.0,137.4,483.0,7.79,26.66,CSK,10.0
Amit Patel,27,England,Bowler,27.0,1,3918.0,101.3,588.0,5.39,41.99,CSK,3.0
Manoj Khan,36,India,Allrounder,319.0,15,5127.0,154.2,342.0,5.42,47.32,SRH,2.0
Rohan Reddy,39,India,Allrounder,244.0,12,5428.0,129.7,470.0,6.37,51.9,RCB,2.0
Karthik Reddy,21,India,Allrounder,16.0,1,6046.0,105.5,70.0,6.94,33.25,CSK,1.0
Amit Yadav,42,South Africa,Batter,95.0,4,6765.0,133.7,3.0,8.95,42.78,CSK,2.0
Harshit Patel,32,India,Allrounder,159.0,7,5729.0,148.6,61.0,8.03,52.19,LSG,7.0
Harshit Deshmukh,35,Sri Lanka,Batter,18.0,1,5426.0,127.6,0.0,6.33,45.92,DC,3.0
Aditya Sharma,41,India,Allrounder,72.0,4,5664.0,131.4,61.0,7.65,25.84,LSG,10.0
Vikas Sharma,31,India,Batter,162.0,8,4305.0,138.2,1.0,8.79,23.01,LSG,2.0
Karthik Verma,27,South Africa,Allrounder,112.0,6,2435.0,105.4,400.0,6.62,31.81,KKR,3.0
Nikhil Reddy,24,England,Batter,26.0,1,10320.0,119.0,13.0,6.06,39.25,RCB,3.0
Karthik Sharma,40,India,Allrounder,353.0,14,1544.0,134.8,210.0,7.17,49.27,KKR,3.0
Nikhil Reddy,24,Sri Lanka,Bowler,122.0,6,3433.0,102.2,527.0,4.82,49.8,RCB,5.0
Rahul Singh,30,India,Bowler,172.0,7,985.0,153.5,221.0,4.6,49.49,PBKS,1.0
Amit Sharma,40,South Africa,Batter,346.0,16,9972.0,153.9,3.0,7.75,23.41,SRH,2.0
Harshit Patel,27,India,Batter,147.0,6,12642.0,133.3,15.0,7.06,32.25,MI,0.2
Sameer Verma,39,India,Batter,416.0,15,13733.0,98.9,8.0,9.25,39.23,CSK,1.5
Irfan Deshmukh,36,Australia,Batter,193.0,8,3049.0,134.2,10.0,8.07,28.95,PBKS,2.0
Ankit Shetty,25,India,Batter,122.0,6,13003.0,145.6,1.0,7.28,26.82,RCB,5.0
Sameer Khan,36,West Indies,Wicketkeeper,276.0,10,6164.0,144.6,0.0,0.0,39.69,RR,11.0
Karthik Mehta,38,India,Bowler,71.0,3,1565.0,137.8,697.0,6.9,27.26,LSG,3.0
Manoj Khan,35,India,Batter,188.0,10,6543.0,147.1,15.0,7.99,35.12,RR,5.0
Karthik Mehta,27,India,Wicketkeeper,22.0,1,5354.0,153.0,0.0,0.0,35.83,SRH,2.0
Sandeep Yadav,42,Australia,Wicketkeeper,314.0,11,11813.0,103.6,0.0,0.0,33.63,GT,3.0
Harshit Sharma,21,Australia,Wicketkeeper,55.0,3,9558.0,152.1,0.0,0.0,31.19,MI,0.2
Vikas Naidu,39,West Indies,Batter,133.0,5,11856.0,147.9,5.0,9.04,32.26,CSK,1.0
Amit Malik,21,India,Wicketkeeper,23.0,1,4057.0,100.0,0.0,0.0,45.36,RCB,1.5
Ankit Kulkarni,35,West Indies,Bowler,83.0,3,2066.0,142.0,877.5,5.18,35.49,PBKS,2.0
Sameer Patel,36,Sri Lanka,Bowler,230.0,15,2993.0,141.7,630.0,5.84,33.38,MI,0.2
Irfan Malik,34,West Indies,Batter,252.0,10,7260.0,117.6,9.0,7.55,32.86,MI,0.5
Harshit Patel,35,England,Bowler,141.0,5,2101.0,143.5,835.0,6.0,32.66,LSG,1.0
Arjun Singh,25,India,Wicketkeeper,144.0,5,5327.0,126.5,0.0,0.0,43.48,LSG,11.0
Arjun Sharma,19,Sri Lanka,Allrounder,25.0,1,5377.0,111.7,381.0,5.94,52.67,RR,1.5
Manoj Mehta,20,Australia,Bowler,27.0,1,374.0,129.6,862.0,6.75,42.67,MI,2.0
Arjun Khan,38,Australia,Bowler,55.0,3,2457.0,132.1,766.0,4.11,37.83,LSG,0.5
Karthik Deshmukh,31,Sri Lanka,Bowler,147.0,9,1094.0,116.6,124.0,6.07,22.85,RR,3.0
Aditya Patel,36,India,Bowler,328.0,12,1734.0,152.0,195.0,4.73,34.3,SRH,1.0
Karthik Khan,29,India,Batter,127.0,7,10987.0,98.2,9.0,7.63,21.31,GT,0.5
Ankit Deshmukh,39,England,Bowler,324.0,18,3190.0,127.3,551.0,6.73,37.8,RR,2.0
Rohan Kulkarni,36,South Africa,Bowler,374.0,13,2620.0,139.7,369.0,4.92,25.89,CSK,0.2
Arjun Yadav,37,South Africa,Wicketkeeper,201.0,13,6852.0,106.4,0.0,0.0,36.12,SRH,0.2
Sandeep Patel,32,India,Allrounder,174.0,9,6094.0,109.8,213.0,6.0,42.58,LSG,0.5
Sandeep Khan,21,India,Bowler,56.0,2,2581.0,144.5,496.0,6.47,34.62,DC,0.2
Arjun Mehta,26,Australia,Batter,79.0,3,9555.0,111.4,7.0,6.26,54.3,KKR,0.2
Sandeep Verma,37,Sri Lanka,Wicketkeeper,34.0,2,11137.0,130.8,0.0,0.0,44.84,RR,1.5
Manoj Sharma,32,India,Batter,172.0,10,7913.0,126.1,2.0,6.03,21.31,PBKS,7.0
Ankit Kulkarni,24,India,Bowler,21.0,1,2927.0,150.2,497.0,6.16,53.89,PBKS,3.0
Karthik Deshmukh,21,India,Bowler,25.0,1,764.0,122.5,334.0,6.05,53.08,RR,2.0
Arjun Chopra,19,South Africa,Allrounder,25.0,1,7887.0,98.9,464.0,7.36,36.3,MI,1.0
Ankit Khan,40,Australia,Bowler,30.0,1,592.0,123.2,348.0,4.91,35.94,SRH,10.0
Manoj Singh,21,India,Batter,89.0,3,7737.0,116.4,8.0,8.04,25.75,CSK,1.5
Irfan Patel,18,Sri Lanka,Wicketkeeper,17.0,1,10950.0,125.2,0.0,0.0,49.06,LSG,0.2
Arjun Chopra,22,South Africa,Batter,74.0,3,12030.0,115.3,4.0,8.32,52.74,CSK,3.0
Karthik Verma,21,West Indies,Batter,57.0,2,4713.0,107.6,7.0,9.19,21.38,RR,0.2
Sameer Reddy,28,Australia,Bowler,289.0,10,1729.0,144.7,711.0,6.82,53.88,RR,1.5
Aditya Mehta,39,West Indies,Bowler,473.5,18,1276.0,131.0,598.0,7.38,38.55,RR,2.0
Aditya Khan,30,England,Allrounder,237.0,10,6319.0,109.8,173.0,5.1,36.09,MI,10.0
Rahul Mehta,28,India,Batter,16.0,1,14263.0,128.4,15.0,8.2,45.99,RCB,2.0
Sameer Deshmukh,29,England,Wicketkeeper,67.0,4,3653.0,111.8,0.0,0.0,39.77,CSK,5.0
Pranav Deshmukh,33,India,Wicketkeeper,56.0,2,11311.0,100.3,0.0,0.0,34.48,CSK,11.0
Vikas Reddy,42,India,Wicketkeeper,473.5,18,4560.0,140.0,0.0,0.0,44.27,DC,0.5
Ankit Singh,21,India,Allrounder,69.0,3,5477.0,111.7,43.0,8.47,37.44,PBKS,1.0
Harshit Iyer,19,West Indies,Allrounder,23.0,1,2965.0,121.4,64.0,6.15,49.99,SRH,1.5
Pranav Malik,27,West Indies,Wicketkeeper,183.0,7,9625.0,136.1,0.0,0.0,50.89,SRH,2.0
Amit Singh,31,Australia,Wicketkeeper,140.0,8,2735.0,107.2,0.0,0.0,50.57,RR,2.0
Irfan Singh,27,Sri Lanka,Wicketkeeper,133.0,6,11306.0,98.6,0.0,0.0,51.1,LSG,10.0
Harshit Singh,18,India,Allrounder,15.0,1,4982.0,113.9,106.0,6.15,37.92,KKR,5.0
Rohan Shetty,25,South Africa,Allrounder,205.0,7,2571.0,97.9,477.0,8.29,32.33,RR,3.0
Ankit Deshmukh,38,India,Wicketkeeper,103.0,6,8996.0,146.4,0.0,0.0,33.86,SRH,1.0
Vikas Khan,38,India,Allrounder,273.0,11,2812.0,120.5,478.0,5.7,33.49,CSK,7.0
Sandeep Verma,23,Sri Lanka,Bowler,28.0,1,3949.0,140.7,569.0,7.48,37.68,RCB,11.0
Rohan Reddy,40,England,Wicketkeeper,473.5,22,3603.0,154.3,0.0,0.0,36.28,RCB,7.0
Rahul Iyer,30,India,Batter,17.0,1,9103.0,110.7,8.0,6.2,35.26,SRH,0.2
Amit Sharma,35,India,Wicketkeeper,310.0,17,10275.0,104.4,0.0,0.0,53.16,GT,3.0
Karthik Deshmukh,36,West Indies,Wicketkeeper,320.0,17,5709.0,141.0,0.0,0.0,29.39,LSG,0.2
Karthik Khan,20,Australia,Allrounder,29.0,1,2605.0,138.3,407.0,7.07,52.94,CSK,1.0
Irfan Iyer,31,India,Allrounder,232.0,13,7483.0,125.9,96.0,8.09,47.11,RR,0.2
Arjun Verma,23,Sri Lanka,Bowler,25.0,1,933.0,128.2,520.0,6.14,24.02,KKR,3.0
Irfan Shetty,29,India,Wicketkeeper,268.0,10,11578.0,102.6,0.0,0.0,38.53,GT,5.0
Ankit Verma,29,India,Bowler,244.0,11,523.0,96.3,206.0,5.02,45.3,GT,0.2
Arjun Singh,39,England,Bowler,407.0,18,193.0,130.7,112.0,4.12,38.87,SRH,1.5
Rohan Kulkarni,39,Australia,Allrounder,376.0,14,5327.0,124.1,213.0,8.39,22.23,DC,2.0
Irfan Khan,41,India,Bowler,92.0,5,3868.0,145.5,278.0,6.1,54.89,MI,1.5
Harshit Chopra,22,Sri Lanka,Allrounder,103.0,4,6585.0,114.2,415.0,6.51,51.73,PBKS,0.5
Sameer Shetty,20,India,Wicketkeeper,37.0,2,7308.0,106.5,0.0,0.0,41.54,RR,2.0
Sandeep Sharma,38,West Indies,Wicketkeeper,158.0,6,8717.0,119.3,0.0,0.0,21.44,KKR,5.0
Sameer Naidu,39,India,Batter,173.0,6,11894.0,110.9,1.0,7.22,44.01,DC,0.2
Irfan Sharma,20,England,Bowler,52.0,2,2602.0,111.1,279.0,7.61,48.4,SRH,0.2
Ankit Deshmukh,19,West Indies,Bowler,19.0,1,1092.0,127.3,719.0,4.21,22.47,GT,1.5
Sameer Verma,25,India,Bowler,89.0,3,3226.0,141.0,729.0,7.55,43.03,CSK,11.0
Aditya Malik,41,Sri Lanka,Batter,90.0,4,11276.0,133.9,9.0,8.88,53.91,RR,5.0
Ankit Iyer,34,Australia,Wicketkeeper,61.0,3,8389.0,137.8,0.0,0.0,52.36,SRH,5.0
Amit Malik,26,India,Wicketkeeper,143.0,5,8424.0,126.0,0.0,0.0,24.1,GT,1.5
Nikhil Mehta,40,Sri Lanka,Wicketkeeper,90.0,3,11551.0,126.7,0.0,0.0,24.44,KKR,3.0
Vikas Kulkarni,21,India,Allrounder,19.0,1,5896.0,123.9,273.0,7.07,41.79,PBKS,0.2
Harshit Mehta,34,South Africa,Wicketkeeper,270.0,9,10929.0,95.6,0.0,0.0,26.82,PBKS,3.0
Rohan Singh,42,India,Batter,136.0,5,4714.0,152.0,8.0,7.72,33.43,LSG,10.0
Rohan Reddy,32,India,Bowler,187.0,11,3530.0,137.9,826.0,5.61,41.13,KKR,3.0
Aditya Verma,37,Australia,Wicketkeeper,337.0,18,5837.0,112.9,0.0,0.0,34.38,RCB,10.0
Sandeep Chopra,35,India,Wicketkeeper,192.0,8,4190.0,108.1,0.0,0.0,53.81,KKR,5.0
Amit Reddy,22,India,Wicketkeeper,20.0,1,10971.0,102.8,0.0,0.0,33.01,RCB,0.5
Sandeep Iyer,34,India,Bowler,56.0,2,479.0,108.3,95.0,4.1,47.32,MI,10.0
Sameer Sharma,23,India,Bowler,52.0,2,2138.0,99.8,475.0,4.76,36.61,CSK,0.2
Rahul Sharma,32,West Indies,Wicketkeeper,185.0,7,11644.0,95.6,0.0,0.0,22.97,CSK,3.0
Rahul Sharma,39,India,Wicketkeeper,449.0,16,7341.0,143.5,0.0,0.0,47.0,GT,0.5
Harshit Patel,24,India,Wicketkeeper,60.0,3,11560.0,149.9,0.0,0.0,49.91,SRH,0.2
Pranav Patel,27,West Indies,Bowler,96.0,6,3220.0,98.1,574.0,6.6,47.4,PBKS,2.0
Vikas Singh,26,South Africa,Bowler,180.0,7,1295.0,142.9,772.0,7.21,37.8,SRH,1.0
Vikas Deshmukh,21,Sri Lanka,Batter,27.0,1,5988.0,145.7,0.0,6.82,45.45,CSK,2.0
Aditya Mehta,29,Sri Lanka,Allrounder,84.0,5,4214.0,104.3,50.0,8.43,27.9,RR,3.0
Manoj Khan,40,South Africa,Wicketkeeper,38.0,2,4007.0,107.7,0.0,0.0,47.74,RR,0.2
Sameer Singh,20,India,Wicketkeeper,17.0,1,6183.0,106.2,0.0,0.0,22.33,SRH,0.5
Arjun Singh,27,South Africa,Wicketkeeper,23.0,1,10191.0,154.9,0.0,0.0,20.87,MI,3.0
Harshit Chopra,19,South Africa,Allrounder,28.0,1,5991.0,116.9,143.0,7.92,49.46,KKR,1.5
Manoj Chopra,27,South Africa,Bowler,175.0,9,1590.0,149.1,701.0,6.11,52.42,PBKS,5.0
Arjun Yadav,32,South Africa,Batter,337.0,13,12100.0,99.5,3.0,6.03,28.76,GT,5.0
Harshit Mehta,33,England,Wicketkeeper,142.0,9,8578.0,135.2,0.0,0.0,51.09,MI,7.0
Ankit Naidu,36,Sri Lanka,Bowler,306.0,14,95.0,131.4,789.0,5.75,26.6,MI,5.0
Amit Patel,37,South Africa,Bowler,232.0,8,2873.0,153.0,862.0,7.06,29.4,RCB,2.0
Manoj Sharma,29,India,Bowler,190.0,8,3501.0,100.2,85.0,5.88,39.57,SRH,5.0
Sameer Iyer,42,Sri Lanka,Allrounder,469.0,19,4249.0,103.7,301.0,6.76,35.47,MI,1.0
Karthik Naidu,28,India,Wicketkeeper,51.0,2,4760.0,115.0,0.0,0.0,38.26,SRH,1.0
Nikhil Iyer,33,India,Wicketkeeper,144.0,5,11534.0,130.1,0.0,0.0,20.3,MI,7.0
Nikhil Deshmukh,22,South Africa,Batter,53.0,3,10139.0,137.8,8.0,8.66,32.82,PBKS,2.0
Nikhil Naidu,23,West Indies,Bowler,48.0,2,304.0,140.3,540.0,4.2,53.43,DC,7.0
Rohan Khan,19,India,Allrounder,26.0,1,7078.0,114.4,190.0,5.84,26.43,RCB,7.0
Ankit Reddy,29,India,Batter,120.0,8,12469.0,104.3,4.0,8.02,32.47,GT,7.0
Irfan Sharma,22,India,Wicketkeeper,48.0,3,3538.0,136.8,0.0,0.0,39.6,PBKS,10.0
Sameer Deshmukh,38,South Africa,Bowler,265.0,13,3893.0,120.2,134.0,5.47,39.67,DC,2.0
Irfan Iyer,32,Sri Lanka,Bowler,56.0,3,2060.0,99.7,246.0,4.02,50.84,SRH,1.0
Amit Sharma,35,Sri Lanka,Allrounder,298.0,11,6840.0,137.4,458.0,5.27,52.2,MI,3.0
Aditya Verma,34,India,Bowler,101.0,6,558.0,117.2,509.0,5.03,39.91,LSG,1.5
Amit Naidu,20,India,Allrounder,55.0,2,4378.0,151.5,327.0,8.09,45.88,MI,3.0
Rahul Mehta,38,India,Batter,49.0,2,5916.0,135.1,14.0,6.3,34.36,DC,5.0
Ankit Iyer,21,India,Batter,47.0,3,8942.0,97.9,7.0,7.65,26.69,RR,5.0
Vikas Sharma,32,Sri Lanka,Bowler,17.0,1,3316.0,122.2,520.0,7.0,30.56,CSK,1.5
Amit Naidu,36,India,Batter,294.0,11,12404.0,146.3,9.0,7.34,46.21,SRH,0.5
Vikas Shetty,35,West Indies,Allrounder,284.0,11,4884.0,102.1,343.0,5.95,28.82,RCB,2.0
Ankit Iyer,35,Australia,Wicketkeeper,140.0,7,10236.0,150.2,0.0,0.0,40.36,PBKS,0.5
Irfan Deshmukh,42,West Indies,Wicketkeeper,119.0,4,4814.0,127.0,0.0,0.0,40.87,MI,10.0
Harshit Chopra,33,India,Allrounder,117.0,4,7812.0,143.4,411.0,6.28,38.32,MI,1.5
Rohan Singh,42,India,Batter,67.0,3,12199.0,102.7,12.0,6.41,38.79,CSK,0.5
Rahul Naidu,25,India,Bowler,136.0,6,1793.0,113.5,342.0,7.56,50.43,SRH,0.2
Irfan Khan,34,South Africa,Allrounder,187.0,8,1995.0,109.9,247.0,7.67,21.27,RCB,5.0
Aditya Reddy,26,India,Batter,180.0,7,11977.0,138.7,7.0,6.36,26.99,LSG,3.0
Sameer Chopra,40,India,Allrounder,212.0,9,2948.0,125.1,202.0,6.3,45.39,GT,1.5
Manoj Khan,25,West Indies,Allrounder,63.0,4,4210.0,119.4,211.0,5.4,36.98,RCB,0.2
Sameer Verma,19,South Africa,Wicketkeeper,26.0,1,9856.0,127.4,0.0,0.0,48.64,CSK,2.0
Rahul Singh,37,India,Allrounder,217.0,11,6124.0,143.5,133.0,5.6,44.25,RR,1.0
Arjun Khan,41,England,Batter,18.0,1,3696.0,137.0,15.0,7.95,34.42,DC,5.0
Pranav Mehta,38,India,Batter,175.0,10,4365.0,134.9,3.0,6.48,38.36,MI,3.0
Rahul Mehta,32,India,Wicketkeeper,279.0,13,7332.0,133.4,0.0,0.0,31.83,CSK,1.5
Amit Kulkarni,40,India,Wicketkeeper,387.0,15,2889.0,149.4,0.0,0.0,40.56,RCB,0.5
Sameer Yadav,30,Australia,Allrounder,358.0,12,2181.0,122.0,389.0,5.3,46.47,DC,11.0
Pranav Iyer,23,Sri Lanka,Batter,25.0,1,12271.0,124.7,11.0,8.78,51.32,RCB,2.0
Irfan Reddy,19,India,Bowler,25.0,1,454.0,119.6,425.0,5.02,51.45,CSK,5.0
Sameer Khan,24,Australia,Bowler,146.0,6,2595.0,136.1,712.0,7.41,50.06,DC,0.5
Rohan Sharma,28,India,Wicketkeeper,29.0,1,5633.0,100.3,0.0,0.0,50.27,LSG,2.0
Sameer Singh,22,England,Batter,101.0,4,3459.0,105.7,7.0,7.12,28.38,PBKS,0.2
Amit Reddy,39,India,Batter,64.0,3,14818.0,110.1,0.0,7.46,31.22,SRH,2.0
Amit Verma,24,India,Batter,94.0,6,6514.0,112.8,13.0,6.47,40.03,DC,11.0
Rahul Chopra,19,India,Batter,22.0,1,13714.0,115.8,10.0,7.55,46.13,SRH,1.5
Ankit Shetty,37,England,Allrounder,177.0,6,6145.0,140.4,214.0,8.13,31.62,KKR,0.2
Manoj Patel,22,India,Allrounder,28.0,1,5488.0,104.1,331.0,7.61,24.56,CSK,0.2
Manoj Mehta,36,West Indies,Batter,16.0,1,4207.0,143.5,12.0,7.21,28.62,RR,1.5
Rohan Sharma,40,Sri Lanka,Wicketkeeper,353.0,15,6875.0,98.8,0.0,0.0,24.61,KKR,0.5
Aditya Khan,40,India,Bowler,473.5,22,3474.0,133.0,375.0,7.26,28.86,KKR,0.2
Amit Sharma,27,Sri Lanka,Bowler,148.0,6,1544.0,126.7,856.0,6.11,42.94,RR,5.0
Amit Yadav,23,England,Allrounder,45.0,3,2097.0,146.9,292.0,5.82,30.83,RCB,2.0
Rohan Iyer,24,India,Allrounder,78.0,4,2366.0,96.0,275.0,7.43,33.04,RR,1.0
Nikhil Sharma,35,India,Bowler,191.0,9,3232.0,127.6,306.0,5.34,22.55,RCB,10.0
Rahul Sharma,27,India,Batter,172.0,6,9910.0,108.1,1.0,8.77,43.7,CSK,0.2
Pranav Shetty,29,West Indies,Batter,118.0,4,9783.0,128.7,8.0,8.81,45.93,GT,11.0
Sameer Khan,25,India,Bowler,27.0,1,1608.0,116.3,534.0,6.52,48.31,MI,1.0
Nikhil Khan,25,Australia,Bowler,191.0,7,1370.0,129.3,547.0,5.12,46.09,CSK,10.0
Ankit Malik,28,India,Wicketkeeper,172.0,10,5301.0,117.7,0.0,0.0,30.6,PBKS,3.0
Sandeep Reddy,36,India,Allrounder,271.0,14,4933.0,144.1,383.0,6.61,52.55,CSK,7.0
Karthik Singh,23,West Indies,Bowler,20.0,1,318.0,134.7,341.0,6.07,51.61,DC,11.0
Aditya Mehta,32,India,Batter,236.0,8,10289.0,108.9,3.0,6.34,44.81,RCB,1.0
Vikas Deshmukh,20,India,Bowler,35.0,2,774.0,146.4,521.0,7.13,34.53,GT,11.0
Pranav Shetty,40,India,Batter,98.0,6,8776.0,121.3,3.0,6.31,28.08,PBKS,1.5
Pranav Singh,34,India,Batter,351.0,16,4743.0,141.3,3.0,7.02,22.64,PBKS,1.5
Arjun Singh,34,West Indies,Bowler,350.0,14,334.0,120.7,827.0,7.14,40.86,DC,1.5
Aditya Naidu,36,India,Wicketkeeper,262.0,11,11609.0,100.4,0.0,0.0,31.81,RCB,3.0
Harshit Shetty,34,India,Batter,45.0,2,11765.0,152.7,6.0,6.31,48.25,DC,0.5
Arjun Khan,20,Sri Lanka,Bowler,58.0,2,706.0,108.4,601.0,5.75,52.67,PBKS,3.0
Irfan Sharma,26,West Indies,Allrounder,107.0,6,2877.0,104.7,409.0,6.21,39.71,MI,3.0
Amit Sharma,42,West Indies,Bowler,294.0,16,2519.0,95.2,381.0,7.59,28.33,RCB,7.0
Sandeep Kulkarni,35,India,Bowler,107.0,5,363.0,105.3,364.0,7.57,23.96,RCB,7.0
Pranav Yadav,26,West Indies,Allrounder,215.0,8,2398.0,146.7,73.0,7.0,36.7,RCB,2.0
Aditya Sharma,31,India,Bowler,106.0,6,147.0,135.8,729.0,7.78,22.59,RCB,1.0
Sameer Deshmukh,24,India,Allrounder,19.0,1,2569.0,119.5,407.0,8.47,30.06,RCB,1.0
Irfan Khan,32,India,Allrounder,151.0,8,4555.0,113.3,407.0,6.95,23.03,RCB,0.5
Arjun Patel,24,England,Bowler,16.0,1,1667.0,122.0,339.0,4.01,49.29,RR,0.2
Pranav Malik,30,England,Batter,105.0,4,12746.0,155.0,7.0,8.0,30.04,CSK,1.5
Ankit Reddy,32,India,Wicketkeeper,198.0,8,11302.0,111.8,0.0,0.0,25.59,PBKS,1.0
Pranav Sharma,25,India,Batter,43.0,2,14184.0,112.1,2.0,6.57,47.75,RCB,11.0
Irfan Mehta,33,India,Wicketkeeper,149.0,5,11198.0,149.3,0.0,0.0,54.13,CSK,3.0
Rohan Yadav,24,Australia,Batter,17.0,1,13159.0,147.9,12.0,6.81,31.49,GT,1.5
Nikhil Patel,30,India,Bowler,71.0,3,1994.0,147.2,94.0,4.43,42.26,KKR,3.0
Manoj Chopra,34,South Africa,Allrounder,56.0,2,8933.0,120.8,241.0,5.58,30.05,DC,0.5
Manoj Yadav,32,India,Batter,216.0,13,12344.0,122.2,12.0,8.58,54.62,RR,2.0
Rohan Mehta,29,Australia,Batter,128.0,6,13748.0,116.3,1.0,6.19,36.87,SRH,3.0
Vikas Kulkarni,32,India,Wicketkeeper,196.0,7,6181.0,125.2,0.0,0.0,31.06,SRH,2.0
Amit Verma,36,South Africa,Allrounder,252.0,14,5216.0,147.5,137.0,7.55,52.86,PBKS,2.0
Sandeep Reddy,22,India,Wicketkeeper,39.0,2,4906.0,143.3,0.0,0.0,49.77,MI,11.0
Pranav Iyer,26,West Indies,Wicketkeeper,104.0,4,7752.0,128.0,0.0,0.0,48.91,DC,10.0
Pranav Chopra,26,India,Batter,79.0,3,11077.0,118.9,3.0,7.06,31.09,GT,3.0
Sandeep Kulkarni,41,Australia,Wicketkeeper,343.0,20,11853.0,123.0,0.0,0.0,30.0,KKR,3.0
Vikas Yadav,39,England,Allrounder,256.0,13,8769.0,113.8,108.0,8.37,23.43,GT,3.0
Sandeep Khan,41,India,Wicketkeeper,243.0,10,11210.0,126.6,0.0,0.0,22.0,DC,0.5
Rohan Yadav,25,India,Bowler,32.0,2,322.0,108.2,803.0,4.42,36.25,CSK,1.5
Manoj Sharma,29,Australia,Wicketkeeper,259.0,11,10149.0,121.0,0.0,0.0,47.99,DC,0.2
Sameer Deshmukh,42,Australia,Wicketkeeper,473.5,22,7920.0,139.4,0.0,0.0,34.92,PBKS,2.0
Aditya Shetty,32,India,Allrounder,151.0,7,3465.0,114.0,263.0,6.17,47.09,DC,3.0
Irfan Verma,29,South Africa,Wicketkeeper,278.0,10,8763.0,98.1,0.0,0.0,20.45,RR,1.0
Sameer Verma,20,India,Bowler,35.0,2,1405.0,123.6,372.0,7.02,24.58,RCB,11.0
Nikhil Singh,29,Australia,Batter,17.0,1,8598.0,151.0,5.0,6.82,50.08,PBKS,10.0
Ankit Shetty,42,South Africa,Bowler,296.0,13,1237.0,123.9,537.0,6.7,38.21,DC,5.0
Amit Naidu,23,India,Bowler,22.0,1,1507.0,152.9,875.0,7.71,27.53,SRH,3.0
Rohan Iyer,40,India,Batter,431.0,19,3862.0,106.8,8.0,8.84,27.47,RR,10.0
Vikas Shetty,38,South Africa,Bowler,329.0,18,1232.0,119.3,875.0,6.57,52.6,RCB,0.5
Aditya Shetty,28,Sri Lanka,Bowler,147.0,5,1690.0,125.7,305.0,4.34,52.15,CSK,7.0
Rahul Khan,39,India,Bowler,361.0,15,2644.0,104.4,782.0,7.44,32.83,CSK,0.5
Arjun Malik,41,India,Wicketkeeper,69.0,4,4470.0,132.1,0.0,0.0,25.58,DC,7.0
Rahul Khan,20,Australia,Wicketkeeper,40.0,2,5062.0,153.1,0.0,0.0,52.02,GT,1.0
Aditya Khan,24,South Africa,Allrounder,77.0,3,8033.0,102.3,275.0,5.58,22.99,RCB,10.0
Amit Patel,26,India,Wicketkeeper,95.0,5,2914.0,149.6,0.0,0.0,26.78,LSG,11.0
Harshit Singh,40,India,Wicketkeeper,473.5,17,10082.0,120.0,0.0,0.0,35.71,RCB,0.5
Manoj Kulkarni,32,South Africa,Wicketkeeper,57.0,3,5694.0,130.9,0.0,0.0,22.51,DC,2.0
Rohan Khan,32,India,Batter,26.0,1,5498.0,150.9,14.0,6.79,51.79,CSK,11.0
Sameer Khan,35,England,Batter,86.0,3,11505.0,96.2,1.0,8.73,31.45,DC,2.0
Karthik Malik,19,India,Bowler,17.0,1,1266.0,111.5,270.0,6.39,51.84,RCB,10.0
Rahul Reddy,28,Australia,Bowler,149.0,8,3963.0,99.3,667.0,6.41,51.82,CSK,3.0
Harshit Reddy,40,India,Bowler,91.0,4,673.0,99.7,115.0,7.64,38.63,GT,1.5
Manoj Mehta,24,England,Bowler,19.0,1,2122.0,118.6,874.0,5.15,26.29,DC,1.0
Nikhil Kulkarni,30,Sri Lanka,Batter,60.0,3,8635.0,152.5,4.0,8.02,37.61,RCB,0.5
Irfan Khan,41,India,Allrounder,217.0,12,2884.0,132.2,117.0,5.29,31.91,KKR,7.0
Aditya Mehta,38,West Indies,Bowler,379.0,15,2490.0,121.1,258.0,7.25,26.75,KKR,1.5
Irfan Naidu,18,England,Allrounder,22.0,1,2558.0,141.1,156.0,5.67,29.3,KKR,2.0
Arjun Singh,31,Sri Lanka,Batter,155.0,7,4501.0,107.4,1.0,8.69,31.26,CSK,2.0
Arjun Iyer,35,Sri Lanka,Batter,426.0,15,4979.0,151.6,5.0,7.63,52.61,RR,3.0
Rahul Sharma,24,India,Batter,69.0,4,9495.0,116.5,3.0,6.72,25.23,LSG,10.0
Sameer Chopra,29,India,Bowler,187.0,11,3947.0,122.6,584.0,5.94,51.53,GT,11.0
Sameer Deshmukh,39,West Indies,Wicketkeeper,447.0,21,9095.0,150.8,0.0,0.0,33.42,SRH,2.0
Karthik Shetty,33,India,Allrounder,69.0,4,3218.0,148.8,150.0,6.72,48.23,SRH,7.0
Sandeep Khan,40,India,Bowler,88.0,5,3089.0,114.2,702.0,4.01,34.76,GT,7.0
Ankit Chopra,27,India,Bowler,98.0,5,731.0,107.0,831.0,4.87,21.32,PBKS,3.0
Manoj Iyer,29,England,Batter,132.0,7,9088.0,110.8,1.0,8.25,21.83,PBKS,11.0
Irfan Shetty,30,India,Wicketkeeper,114.0,4,4379.0,108.9,0.0,0.0,48.07,KKR,0.5
Manoj Kulkarni,35,Australia,Allrounder,33.0,2,8280.0,124.0,160.0,7.98,34.56,LSG,0.2
Vikas Malik,18,Australia,Allrounder,18.0,1,6851.0,107.0,327.0,8.42,27.54,GT,7.0
Sameer Kulkarni,28,India,Batter,69.0,3,5859.0,105.4,12.0,7.02,33.28,MI,2.0
Pranav Reddy,39,Sri Lanka,Allrounder,51.0,2,4493.0,131.9,237.0,8.19,34.42,KKR,7.0
Harshit Naidu,20,England,Allrounder,40.0,2,3559.0,97.9,331.0,8.27,27.36,CSK,10.0
Ankit Patel,20,Australia,Batter,17.0,1,4269.0,131.9,10.0,7.98,21.38,RR,0.2
Amit Mehta,28,South Africa,Allrounder,180.0,7,3232.0,133.9,342.0,6.41,44.43,MI,10.0
Ankit Shetty,28,India,Wicketkeeper,181.0,8,2508.0,133.3,0.0,0.0,31.22,RCB,2.0
Sandeep Reddy,22,India,Allrounder,17.0,1,6601.0,120.6,483.0,5.33,24.51,RCB,2.0
Sandeep Deshmukh,38,India,Batter,318.0,16,4200.0,123.5,6.0,9.32,31.1,MI,3.0
Sameer Mehta,36,Sri Lanka,Wicketkeeper,188.0,8,11782.0,141.0,0.0,0.0,37.43,RR,10.0
Amit Mehta,38,Sri Lanka,Wicketkeeper,280.0,15,3715.0,113.6,0.0,0.0,48.42,GT,0.2
Sameer Naidu,23,India,Wicketkeeper,111.0,4,5537.0,147.0,0.0,0.0,43.56,KKR,2.0
Pranav Shetty,22,Sri Lanka,Wicketkeeper,81.0,4,11949.0,97.8,0.0,0.0,39.82,CSK,5.0
Ankit Yadav,34,Australia,Wicketkeeper,291.0,16,4388.0,140.8,0.0,0.0,24.78,KKR,5.0
Ankit Verma,37,India,Wicketkeeper,77.0,3,11973.0,108.7,0.0,0.0,50.89,KKR,5.0
Vikas Patel,38,India,Bowler,205.0,11,495.0,140.2,680.0,4.08,36.58,RCB,0.5
Harshit Singh,20,South Africa,Batter,38.0,2,7633.0,95.4,14.0,7.56,48.68,LSG,1.0
Aditya Sharma,27,India,Batter,173.0,8,12195.0,127.4,14.0,7.26,43.71,CSK,1.5
Arjun Kulkarni,30,Sri Lanka,Allrounder,126.0,5,3939.0,152.4,333.0,7.46,38.6,RR,7.0
Sameer Verma,32,South Africa,Wicketkeeper,201.0,10,8818.0,119.0,0.0,0.0,53.38,MI,1.0
Rohan Malik,29,India,Batter,107.0,7,9663.0,112.9,7.0,8.25,24.43,DC,0.5
Karthik Yadav,29,South Africa,Bowler,124.0,6,2314.0,116.7,516.0,7.2,43.12,CSK,11.0
Karthik Patel,37,England,Wicketkeeper,107.0,6,11827.0,123.2,0.0,0.0,26.96,MI,0.2
Ankit Yadav,40,England,Bowler,346.0,13,1908.0,98.6,816.0,6.29,34.47,CSK,11.0
Ankit Patel,18,West Indies,Allrounder,20.0,1,5290.0,121.2,251.0,6.91,46.2,RCB,5.0
Rohan Yadav,39,England,Wicketkeeper,183.0,7,7251.0,144.7,0.0,0.0,46.99,MI,7.0
Ankit Khan,34,South Africa,Wicketkeeper,276.0,11,6563.0,97.3,0.0,0.0,26.79,SRH,1.0
Irfan Khan,27,India,Allrounder,129.0,6,7308.0,151.1,171.0,6.88,49.22,SRH,0.2
Manoj Mehta,20,India,Batter,54.0,2,12952.0,113.2,7.0,8.95,35.03,PBKS,5.0
Nikhil Naidu,40,India,Allrounder,204.0,9,8684.0,104.4,249.0,6.65,21.09,SRH,7.0
Sandeep Yadav,26,England,Bowler,28.0,1,525.0,109.4,699.0,7.6,28.4,CSK,5.0
Nikhil Kulkarni,41,West Indies,Bowler,389.0,16,3514.0,150.7,356.0,4.32,40.29,GT,0.5
Rahul Sharma,21,Sri Lanka,Bowler,19.0,1,250.0,149.7,787.0,6.53,32.1,PBKS,5.0
Harshit Sharma,23,England,Wicketkeeper,24.0,1,10996.0,132.3,0.0,0.0,21.36,LSG,7.0
Pranav Deshmukh,29,England,Allrounder,81.0,4,5371.0,144.9,449.0,5.65,46.84,RR,5.0
Amit Yadav,36,India,Bowler,113.0,5,1139.0,117.6,660.0,5.33,38.67,CSK,7.0
Sameer Patel,31,India,Wicketkeeper,147.0,5,3394.0,95.0,0.0,0.0,28.44,RCB,7.0
Rahul Iyer,18,India,Allrounder,29.0,1,4230.0,110.0,479.0,5.73,48.21,MI,3.0
Vikas Singh,30,England,Wicketkeeper,170.0,6,10222.0,111.8,0.0,0.0,26.7,PBKS,0.2
Sameer Mehta,18,India,Batter,17.0,1,7277.0,146.9,11.0,7.76,28.45,PBKS,2.0
Rohan Deshmukh,35,South Africa,Bowler,249.0,10,906.0,116.4,166.0,4.3,46.17,DC,0.2
Amit Khan,20,Australia,Allrounder,20.0,1,3060.0,144.0,464.0,6.93,53.59,KKR,2.0
Amit Malik,31,India,Bowler,64.0,3,1873.0,131.2,379.0,7.01,37.27,KKR,2.0
Vikas Kulkarni,23,India,Wicketkeeper,64.0,3,6300.0,97.4,0.0,0.0,54.45,MI,0.2
Arjun Deshmukh,39,West Indies,Wicketkeeper,437.0,15,2959.0,118.0,0.0,0.0,25.33,RR,1.5
Nikhil Malik,19,South Africa,Bowler,16.0,1,626.0,112.1,749.0,6.53,40.5,SRH,0.2
Sameer Verma,20,Sri Lanka,Wicketkeeper,38.0,2,5585.0,130.2,0.0,0.0,35.6,MI,7.0
Irfan Singh,19,India,Bowler,22.0,1,2197.0,110.9,877.5,7.18,35.7,CSK,11.0
Sandeep Malik,29,Australia,Bowler,28.0,1,1600.0,134.8,426.0,6.04,47.44,GT,0.2
Aditya Malik,23,India,Allrounder,72.0,4,2593.0,133.8,306.0,6.38,25.27,RCB,11.0
Sandeep Sharma,22,England,Batter,42.0,2,12398.0,118.0,3.0,9.26,45.53,RCB,3.0
Vikas Sharma,24,India,Batter,38.0,2,9689.0,107.3,14.0,6.07,37.05,KKR,1.0
Pranav Khan,32,Sri Lanka,Batter,41.0,2,3175.0,126.6,14.0,9.07,52.55,RR,0.2
Nikhil Mehta,31,England,Wicketkeeper,60.0,3,3428.0,124.0,0.0,0.0,37.17,DC,2.0
Vikas Sharma,23,India,Allrounder,59.0,3,7518.0,143.2,337.0,5.42,28.64,MI,7.0
Sandeep Yadav,35,India,Wicketkeeper,204.0,9,4659.0,149.0,0.0,0.0,51.88,CSK,5.0
Karthik Patel,19,India,Allrounder,17.0,1,5220.0,126.2,407.0,8.3,43.7,PBKS,0.2
Rohan Sharma,23,India,Bowler,44.0,2,3335.0,102.9,819.0,6.96,41.03,DC,0.2
Aditya Shetty,31,Sri Lanka,Wicketkeeper,138.0,5,7761.0,97.1,0.0,0.0,37.41,MI,2.0
Nikhil Shetty,26,India,Batter,138.0,7,3819.0,106.0,12.0,6.54,32.78,PBKS,1.0
Arjun Malik,29,India,Bowler,285.0,11,2576.0,132.4,231.0,5.64,22.6,LSG,1.0
Sandeep Iyer,28,India,Batter,222.0,9,9312.0,106.0,12.0,7.76,40.09,DC,1.0
Aditya Verma,42,India,Allrounder,396.0,18,5476.0,128.4,167.0,7.23,45.84,GT,7.0
Nikhil Shetty,38,India,Wicketkeeper,117.0,7,4629.0,115.1,0.0,0.0,46.78,MI,10.0
Rahul Chopra,20,West Indies,Batter,16.0,1,6861.0,124.1,11.0,7.51,42.68,LSG,2.0
Harshit Khan,40,India,Wicketkeeper,307.0,18,9945.0,96.1,0.0,0.0,42.89,PBKS,10.0
Aditya Sharma,19,India,Allrounder,26.0,1,2348.0,113.6,340.0,7.17,23.0,KKR,1.5
Sandeep Mehta,37,India,Allrounder,261.0,9,2335.0,150.4,128.0,5.32,44.12,DC,2.0
Manoj Deshmukh,23,India,Wicketkeeper,37.0,2,11635.0,102.6,0.0,0.0,32.49,SRH,1.0
Amit Singh,32,India,Bowler,54.0,3,462.0,145.1,464.0,6.25,21.53,SRH,5.0
Pranav Shetty,23,South Africa,Allrounder,114.0,4,3075.0,148.4,139.0,5.83,20.32,SRH,11.0
Vikas Verma,41,Australia,Bowler,29.0,1,3593.0,152.5,98.0,4.77,41.47,SRH,3.0
Arjun Mehta,27,England,Wicketkeeper,138.0,9,6939.0,110.7,0.0,0.0,22.34,PBKS,1.5
Amit Malik,32,South Africa,Bowler,26.0,1,292.0,109.7,706.0,4.11,50.85,DC,5.0
Harshit Kulkarni,42,Sri Lanka,Bowler,230.0,11,2555.0,138.2,798.0,5.58,52.14,LSG,0.5
Pranav Kulkarni,23,India,Wicketkeeper,120.0,4,7686.0,119.5,0.0,0.0,26.69,KKR,10.0
Sandeep Naidu,31,Sri Lanka,Allrounder,80.0,4,8010.0,149.5,127.0,6.81,48.15,LSG,2.0
Amit Reddy,23,South Africa,Bowler,67.0,3,2223.0,136.6,165.0,4.25,40.02,MI,2.0
Pranav Singh,22,India,Batter,34.0,2,12707.0,102.3,9.0,9.18,38.69,PBKS,3.0
Sameer Malik,21,India,Allrounder,16.0,1,2742.0,119.6,342.0,8.08,36.87,RR,3.0
Vikas Reddy,28,Sri Lanka,Wicketkeeper,175.0,6,5025.0,99.2,0.0,0.0,29.74,KKR,0.2
Irfan Mehta,38,India,Bowler,220.0,14,1767.0,151.7,466.0,5.23,29.89,SRH,5.0
Nikhil Chopra,20,West Indies,Allrounder,40.0,2,2295.0,135.3,139.0,6.61,25.68,CSK,1.0
Vikas Kulkarni,24,India,Batter,95.0,6,7466.0,139.3,7.0,7.7,50.34,GT,5.0
Irfan Kulkarni,40,India,Batter,109.0,6,4546.0,135.1,5.0,8.19,24.42,MI,7.0
Arjun Kulkarni,20,England,Allrounder,47.0,2,2758.0,103.0,485.0,8.31,47.11,MI,7.0
Arjun Naidu,31,Australia,Wicketkeeper,137.0,9,4203.0,110.9,0.0,0.0,52.68,RR,3.0
Arjun Singh,42,West Indies,Batter,473.5,19,3958.0,140.2,12.0,8.52,27.67,SRH,3.0
Irfan Malik,27,India,Bowler,124.0,5,727.0,132.1,663.0,5.68,46.95,CSK,0.5
Pranav Chopra,34,India,Wicketkeeper,452.0,16,7639.0,101.2,0.0,0.0,53.68,LSG,7.0
Pranav Reddy,34,South Africa,Wicketkeeper,244.0,11,4445.0,148.4,0.0,0.0,29.46,SRH,1.0
Vikas Verma,37,India,Bowler,366.0,14,577.0,126.1,812.0,7.13,36.16,RCB,2.0
Sandeep Patel,31,India,Bowler,199.0,13,1251.0,129.9,786.0,5.19,45.55,KKR,1.0
Sandeep Mehta,20,West Indies,Allrounder,21.0,1,8019.0,132.8,97.0,6.44,44.48,SRH,0.5
Rahul Naidu,27,Sri Lanka,Batter,139.0,8,9656.0,98.1,8.0,8.49,50.09,PBKS,3.0
Pranav Iyer,36,India,Batter,311.0,17,12003.0,110.7,0.0,7.6,28.46,GT,0.2
Manoj Reddy,19,India,Wicketkeeper,15.0,1,3522.0,124.0,0.0,0.0,51.04,CSK,5.0
Aditya Iyer,18,England,Bowler,21.0,1,2228.0,140.0,485.0,5.44,23.39,GT,1.0
Ankit Kulkarni,24,England,Batter,20.0,1,7426.0,154.5,7.0,7.67,46.97,CSK,0.2
Sameer Singh,34,India,Batter,238.0,8,9847.0,125.1,5.0,6.74,28.18,GT,2.0
Amit Naidu,39,West Indies,Batter,473.5,19,5687.0,141.8,14.0,7.43,46.99,RR,0.2
Irfan Yadav,42,West Indies,Bowler,262.0,14,3612.0,150.3,593.0,4.87,40.74,RCB,1.0
Vikas Malik,37,South Africa,Bowler,386.0,13,341.0,125.1,597.0,5.44,41.18,LSG,5.0
Sandeep Reddy,28,India,Wicketkeeper,37.0,2,9611.0,128.6,0.0,0.0,37.02,LSG,0.2
Amit Patel,35,India,Batter,279.0,10,5569.0,105.6,6.0,7.77,48.45,KKR,7.0
Rahul Kulkarni,25,West Indies,Bowler,118.0,6,1430.0,102.9,271.0,6.06,46.82,GT,0.2
Arjun Naidu,32,India,Batter,283.0,12,10901.0,151.8,15.0,9.26,32.92,DC,1.0
Manoj Shetty,30,India,Batter,30.0,2,13400.0,126.1,3.0,6.47,23.94,DC,5.0
Harshit Patel,38,India,Bowler,254.0,9,2485.0,106.0,535.0,7.55,28.85,PBKS,1.0
Sameer Chopra,31,England,Wicketkeeper,48.0,2,9364.0,119.4,0.0,0.0,33.41,MI,0.2
Arjun Deshmukh,36,England,Bowler,473.5,18,729.0,122.4,832.0,7.02,25.98,SRH,1.5
Aditya Reddy,39,England,Bowler,27.0,1,2186.0,125.5,473.0,5.02,25.16,RR,1.0
Nikhil Malik,42,India,Allrounder,131.0,6,5171.0,128.9,144.0,7.14,45.01,MI,7.0
Ankit Singh,27,Australia,Bowler,246.0,9,2573.0,149.7,731.0,7.56,53.11,KKR,1.0
Sameer Iyer,18,India,Allrounder,29.0,1,3696.0,102.9,361.0,5.86,30.58,PBKS,7.0
Manoj Mehta,33,India,Wicketkeeper,73.0,3,11905.0,148.7,0.0,0.0,54.02,SRH,10.0
Amit Chopra,37,West Indies,Wicketkeeper,347.0,13,9992.0,146.6,0.0,0.0,23.85,CSK,2.0
Arjun Singh,27,Australia,Allrounder,171.0,8,3759.0,120.4,78.0,8.32,20.33,PBKS,10.0
Rahul Reddy,34,India,Allrounder,141.0,7,8372.0,97.8,274.0,6.55,39.04,LSG,1.5
Manoj Deshmukh,34,West Indies,Bowler,301.0,11,437.0,123.4,469.0,5.29,41.46,PBKS,11.0
Rohan Verma,27,India,Batter,177.0,9,13860.0,134.7,12.0,9.04,35.19,DC,0.2
Rahul Malik,18,India,Bowler,27.0,1,571.0,149.3,549.0,7.11,24.19,CSK,5.0
Rohan Chopra,19,India,Wicketkeeper,15.0,1,11418.0,126.9,0.0,0.0,29.96,PBKS,2.0
Ankit Chopra,23,India,Allrounder,45.0,3,6057.0,135.1,489.0,5.16,50.2,MI,1.5
Ankit Naidu,35,West Indies,Batter,175.0,7,6882.0,143.7,15.0,6.57,49.87,SRH,3.0
Manoj Malik,26,India,Allrounder,34.0,2,5162.0,110.9,443.0,8.2,51.64,KKR,5.0
Amit Yadav,29,England,Batter,27.0,1,14121.0,128.1,12.0,7.12,21.77,CSK,0.2
Pranav Yadav,21,England,Allrounder,69.0,3,3898.0,138.2,89.0,5.15,35.56,CSK,0.5
Irfan Naidu,35,Australia,Bowler,245.0,9,1838.0,106.4,663.0,4.97,43.45,GT,5.0
Pranav Patel,19,Sri Lanka,Batter,20.0,1,9790.0,143.4,1.0,6.0,22.77,GT,5.0
Manoj Singh,18,India,Bowler,22.0,1,1111.0,118.2,382.0,4.73,36.97,MI,11.0
Nikhil Mehta,27,South Africa,Bowler,136.0,5,1123.0,114.2,761.0,5.35,53.74,CSK,7.0
Irfan Khan,28,India,Wicketkeeper,143.0,7,3132.0,133.5,0.0,0.0,20.82,DC,11.0
Rahul Singh,30,South Africa,Bowler,75.0,3,560.0,147.5,402.0,5.63,30.55,DC,5.0
Sandeep Malik,31,India,Bowler,350.0,13,32.0,140.5,419.0,4.36,41.21,RCB,1.0
Karthik Shetty,25,Australia,Allrounder,45.0,2,4017.0,98.2,285.0,7.0,24.92,CSK,0.2
Pranav Shetty,30,England,Allrounder,103.0,5,6421.0,107.5,263.0,7.18,37.64,DC,7.0
Irfan Malik,28,West Indies,Batter,59.0,3,8120.0,112.0,0.0,7.91,53.19,KKR,5.0
Sandeep Verma,33,England,Batter,265.0,14,4665.0,138.3,5.0,8.95,22.73,DC,0.2
Amit Deshmukh,40,South Africa,Batter,365.0,20,13787.0,124.6,5.0,6.37,25.62,KKR,1.5
Vikas Khan,20,Sri Lanka,Wicketkeeper,30.0,1,5073.0,153.7,0.0,0.0,25.55,RCB,11.0
Arjun Kulkarni,31,India,Allrounder,353.0,13,4338.0,116.8,324.0,6.71,42.38,GT,2.0
Sandeep Iyer,28,Australia,Allrounder,111.0,6,7080.0,120.8,470.0,5.45,29.61,PBKS,2.0
Rahul Reddy,29,West Indies,Allrounder,65.0,3,5507.0,97.4,228.0,8.11,51.98,MI,2.0
Rahul Sharma,37,India,Wicketkeeper,78.0,3,3272.0,145.0,0.0,0.0,30.41,DC,0.5
Rohan Naidu,29,Australia,Batter,109.0,5,10726.0,96.9,7.0,8.76,53.84,LSG,1.5
Ankit Shetty,42,Australia,Bowler,292.0,12,3579.0,113.2,621.0,6.0,32.69,RCB,1.5
Irfan Shetty,41,India,Batter,241.0,10,12512.0,154.4,9.0,6.23,21.38,LSG,0.2
Vikas Verma,40,India,Wicketkeeper,303.0,19,7961.0,134.3,0.0,0.0,35.5,SRH,7.0
Vikas Yadav,25,West Indies,Batter,73.0,4,9902.0,109.8,2.0,9.32,38.62,MI,2.0
Irfan Kulkarni,20,India,Bowler,28.0,1,3835.0,137.2,118.0,5.83,22.38,GT,7.0
Harshit Khan,34,India,Bowler,330.0,16,3253.0,107.9,258.0,4.74,45.84,GT,7.0
Vikas Sharma,33,West Indies,Wicketkeeper,246.0,9,5513.0,106.3,0.0,0.0,40.07,SRH,0.5
Sandeep Patel,28,Australia,Allrounder,43.0,2,4176.0,146.7,465.0,5.75,52.98,LSG,5.0
Aditya Yadav,39,West Indies,Allrounder,111.0,7,2331.0,116.1,302.0,6.81,28.19,LSG,2.0
Manoj Kulkarni,36,India,Allrounder,78.0,4,3787.0,111.1,485.0,5.17,42.9,LSG,10.0
Aditya Naidu,30,South Africa,Batter,239.0,8,5663.0,151.6,12.0,7.87,33.87,LSG,0.5
Vikas Yadav,36,India,Allrounder,82.0,3,6452.0,124.4,334.0,7.43,37.94,RR,5.0
Rohan Khan,26,India,Wicketkeeper,183.0,7,11922.0,111.1,0.0,0.0,35.92,DC,3.0
Rahul Sharma,36,West Indies,Batter,25.0,1,10859.0,137.4,7.0,7.65,52.92,GT,1.0
Irfan Khan,36,India,Bowler,18.0,1,2884.0,97.5,167.0,5.25,37.37,DC,0.5
Sameer Verma,35,Australia,Allrounder,309.0,14,3768.0,105.1,416.0,6.91,46.62,RCB,5.0
Nikhil Singh,34,India,Wicketkeeper,293.0,10,8577.0,154.1,0.0,0.0,53.1,LSG,5.0
Pranav Deshmukh,42,England,Allrounder,433.0,16,5759.0,147.5,104.0,5.69,44.66,PBKS,1.0
Sandeep Iyer,34,Sri Lanka,Batter,107.0,4,12565.0,127.4,14.0,7.59,49.74,MI,5.0
Irfan Iyer,41,West Indies,Batter,366.0,18,13474.0,117.4,14.0,7.68,37.26,SRH,1.5
Sameer Singh,20,West Indies,Batter,39.0,2,7303.0,106.3,10.0,8.03,51.53,PBKS,5.0
Manoj Naidu,21,West Indies,Bowler,42.0,2,2143.0,133.0,187.0,6.56,23.48,RCB,0.5
Pranav Sharma,20,West Indies,Bowler,25.0,1,3080.0,102.3,524.0,6.3,22.75,KKR,10.0
Nikhil Yadav,35,Sri Lanka,Batter,113.0,4,11827.0,119.2,2.0,7.85,40.61,PBKS,1.0
Sameer Malik,26,India,Batter,103.0,6,10295.0,120.9,14.0,6.31,26.12,CSK,1.5
Ankit Iyer,36,South Africa,Allrounder,59.0,2,4964.0,128.7,339.0,8.45,44.06,GT,0.2
Rahul Kulkarni,24,West Indies,Allrounder,47.0,2,7651.0,100.7,50.0,6.14,54.16,DC,0.2
Aditya Sharma,42,India,Wicketkeeper,424.0,22,8964.0,112.2,0.0,0.0,34.83,DC,2.0
Nikhil Yadav,18,India,Batter,15.0,1,7073.0,96.5,4.0,8.27,48.36,PBKS,1.0
Sandeep Kulkarni,36,England,Allrounder,271.0,16,3493.0,111.7,410.0,6.88,22.16,DC,7.0
Aditya Chopra,31,West Indies,Batter,18.0,1,11229.0,148.7,3.0,6.57,44.01,DC,0.2
Amit Khan,19,Australia,Allrounder,21.0,1,7354.0,98.9,276.0,5.87,44.17,RCB,1.5
Sameer Singh,24,Sri Lanka,Batter,73.0,4,9211.0,119.3,12.0,8.0,32.73,GT,1.5
Vikas Deshmukh,22,West Indies,Batter,106.0,4,12823.0,135.2,12.0,6.76,53.97,DC,0.2
Ankit Yadav,36,India,Bowler,210.0,8,29.0,130.8,721.0,4.67,34.85,PBKS,0.5
Irfan Shetty,28,India,Allrounder,228.0,9,6684.0,110.2,189.0,6.56,48.88,RR,2.0
Rahul Kulkarni,32,South Africa,Bowler,261.0,11,980.0,127.6,678.0,5.84,30.67,DC,2.0
Ankit Singh,33,India,Bowler,247.0,10,1188.0,100.2,332.0,4.69,44.99,MI,2.0
Pranav Iyer,30,India,Batter,285.0,11,10965.0,136.4,5.0,6.69,33.66,GT,3.0
Arjun Mehta,32,South Africa,Bowler,28.0,1,19.0,123.2,431.0,5.58,32.87,RR,3.0
Arjun Patel,25,Australia,Bowler,61.0,3,281.0,113.6,801.0,4.38,43.23,RR,0.2
Amit Khan,39,Sri Lanka,Batter,292.0,14,13397.0,112.2,6.0,8.33,36.1,MI,2.0
Manoj Malik,28,India,Allrounder,230.0,9,2519.0,107.6,59.0,5.68,20.81,SRH,11.0
Sandeep Naidu,24,India,Batter,123.0,6,5338.0,107.6,15.0,9.14,27.96,KKR,2.0
Sandeep Khan,31,India,Wicketkeeper,76.0,4,6746.0,111.8,0.0,0.0,24.46,GT,5.0
Rahul Chopra,39,India,Wicketkeeper,216.0,9,5963.0,133.4,0.0,0.0,22.63,PBKS,1.0
Manoj Naidu,18,Australia,Batter,15.0,1,12333.0,133.7,5.0,6.47,31.89,RR,7.0
Nikhil Chopra,23,Australia,Allrounder,115.0,5,7680.0,128.4,219.0,7.48,28.96,LSG,7.0
Irfan Malik,21,West Indies,Bowler,74.0,3,556.0,102.0,582.0,6.47,38.77,DC,3.0
Sameer Yadav,21,South Africa,Allrounder,55.0,2,6028.0,111.1,326.0,6.53,41.14,CSK,11.0
Irfan Malik,21,India,Wicketkeeper,21.0,1,7498.0,147.3,0.0,0.0,54.96,SRH,0.5
Arjun Naidu,24,West Indies,Batter,135.0,5,10261.0,119.3,11.0,8.13,27.88,KKR,0.2
Vikas Reddy,34,Sri Lanka,Bowler,177.0,8,57.0,123.8,337.0,4.98,32.85,SRH,7.0
Nikhil Sharma,21,India,Batter,26.0,1,6162.0,117.1,13.0,9.2,33.07,PBKS,7.0
Manoj Iyer,18,Australia,Bowler,20.0,1,3972.0,145.2,120.0,5.46,42.78,DC,0.5
Irfan Malik,26,India,Bowler,49.0,2,142.0,115.0,821.0,6.33,48.63,KKR,1.0
Karthik Iyer,38,Australia,Wicketkeeper,251.0,12,3586.0,97.3,0.0,0.0,50.48,CSK,0.2
Aditya Mehta,18,India,Wicketkeeper,21.0,1,5114.0,125.8,0.0,0.0,33.94,SRH,1.0
Irfan Chopra,26,India,Bowler,169.0,6,1977.0,135.0,811.0,5.89,20.45,MI,7.0
Pranav Khan,37,India,Batter,220.0,10,11912.0,121.8,14.0,9.05,32.0,RCB,2.0
Aditya Reddy,18,South Africa,Bowler,21.0,1,750.0,121.4,261.0,4.53,37.37,SRH,1.5
Irfan Verma,29,India,Wicketkeeper,39.0,2,2729.0,119.2,0.0,0.0,43.75,RCB,1.5
Manoj Patel,26,West Indies,Bowler,113.0,4,2547.0,152.7,132.0,5.6,40.97,MI,0.2
Manoj Chopra,19,India,Allrounder,27.0,1,3262.0,101.6,65.0,7.83,33.91,RR,1.0
Arjun Reddy,33,India,Bowler,16.0,1,3826.0,129.2,235.0,5.28,50.14,LSG,5.0
Nikhil Singh,42,South Africa,Batter,58.0,2,9784.0,99.4,4.0,6.27,49.76,KKR,11.0
Manoj Chopra,20,India,Bowler,30.0,2,1388.0,135.1,556.0,4.81,39.0,PBKS,7.0
Amit Sharma,33,Sri Lanka,Allrounder,212.0,10,2618.0,102.5,210.0,7.92,24.54,MI,0.2
Harshit Naidu,36,Sri Lanka,Batter,17.0,1,6104.0,151.8,1.0,7.95,34.52,KKR,10.0
Sandeep Patel,38,India,Bowler,363.0,15,3330.0,131.4,469.0,5.24,52.57,MI,7.0
Sameer Patel,36,Sri Lanka,Wicketkeeper,34.0,2,5541.0,145.2,0.0,0.0,54.84,RR,7.0
Ankit Malik,21,South Africa,Allrounder,18.0,1,5563.0,101.8,96.0,5.08,41.33,SRH,2.0
Karthik Malik,36,Sri Lanka,Batter,122.0,6,8019.0,112.1,7.0,8.87,28.37,CSK,1.5
Irfan Yadav,31,Australia,Bowler,19.0,1,752.0,98.4,449.0,6.99,32.93,SRH,1.0
Amit Iyer,22,India,Wicketkeeper,21.0,1,6921.0,125.3,0.0,0.0,39.61,DC,0.2
Aditya Khan,42,Australia,Bowler,64.0,3,3038.0,116.3,536.0,6.77,41.44,CSK,1.0
Manoj Mehta,33,India,Bowler,397.0,15,748.0,127.9,510.0,6.22,42.42,CSK,1.0
Rahul Yadav,38,Sri Lanka,Allrounder,284.0,12,2146.0,100.1,373.0,5.91,24.17,RCB,2.0
Aditya Chopra,32,India,Allrounder,219.0,10,4325.0,125.0,463.0,5.79,49.42,CSK,5.0
Rahul Reddy,40,India,Allrounder,207.0,12,2370.0,142.3,334.0,7.45,32.28,CSK,2.0
Sameer Chopra,39,India,Allrounder,70.0,4,8098.0,118.6,260.0,6.42,26.72,PBKS,0.2
Aditya Mehta,35,South Africa,Allrounder,260.0,13,5423.0,130.5,324.0,5.21,54.62,GT,11.0
Sandeep Yadav,31,South Africa,Wicketkeeper,210.0,13,2658.0,105.0,0.0,0.0,21.63,LSG,11.0
Karthik Verma,34,West Indies,Allrounder,194.0,9,5090.0,110.2,460.0,7.73,49.04,CSK,7.0
Nikhil Patel,39,India,Batter,473.5,18,7777.0,151.7,4.0,8.46,34.31,PBKS,11.0
Amit Sharma,20,West Indies,Allrounder,59.0,2,8249.0,122.9,433.0,7.32,42.07,RR,3.0
Irfan Yadav,24,India,Bowler,77.0,4,2213.0,106.3,355.0,5.71,37.78,DC,11.0
Karthik Sharma,34,India,Allrounder,240.0,14,3335.0,143.6,333.0,6.85,45.74,GT,0.2
Rohan Reddy,34,India,Allrounder,392.0,14,8509.0,101.8,44.0,7.32,45.22,RCB,1.5
Vikas Deshmukh,23,India,Bowler,15.0,1,1471.0,148.6,416.0,5.9,52.2,LSG,1.0
Amit Sharma,18,India,Bowler,27.0,1,1018.0,144.2,877.5,4.21,21.32,CSK,0.5
Vikas Mehta,27,India,Wicketkeeper,105.0,7,10956.0,117.0,0.0,0.0,38.98,MI,0.5
Rohan Patel,34,India,Batter,46.0,3,12496.0,139.8,2.0,6.52,20.29,RR,3.0
Irfan Yadav,30,Sri Lanka,Bowler,201.0,10,3824.0,129.8,547.0,4.64,45.0,RCB,7.0
Aditya Deshmukh,41,India,Wicketkeeper,473.5,19,2645.0,150.0,0.0,0.0,44.69,PBKS,3.0
Arjun Malik,35,West Indies,Allrounder,273.0,11,5432.0,118.7,172.0,7.35,20.04,MI,0.5
Amit Sharma,30,West Indies,Batter,77.0,4,14211.0,127.1,7.0,6.42,43.63,PBKS,7.0
Sameer Patel,25,Sri Lanka,Batter,65.0,4,4574.0,138.8,2.0,7.46,38.27,KKR,3.0
Aditya Verma,28,West Indies,Allrounder,34.0,2,7719.0,106.5,333.0,5.26,49.4,DC,1.5
Vikas Kulkarni,27,India,Batter,49.0,3,8947.0,148.7,6.0,8.54,24.11,SRH,5.0
Manoj Reddy,28,Sri Lanka,Allrounder,80.0,4,4572.0,107.6,334.0,8.47,20.41,CSK,1.0
Nikhil Khan,37,South Africa,Allrounder,245.0,9,5117.0,111.9,115.0,8.49,43.38,SRH,1.5
Amit Chopra,40,Australia,Batter,58.0,2,13550.0,129.8,0.0,6.62,51.64,RCB,10.0
Sameer Iyer,22,West Indies,Bowler,29.0,1,2443.0,135.2,865.0,5.22,26.58,KKR,1.0
Sameer Reddy,27,India,Bowler,26.0,1,2051.0,115.2,151.0,6.37,27.39,RCB,2.0
Sameer Iyer,33,India,Allrounder,120.0,5,6719.0,105.7,138.0,6.1,51.57,LSG,10.0
Sameer Yadav,31,Sri Lanka,Bowler,77.0,5,34.0,109.7,381.0,5.51,35.69,DC,5.0
Harshit Chopra,20,West Indies,Batter,25.0,1,4756.0,139.7,3.0,7.12,53.99,RCB,0.2
Pranav Iyer,39,England,Batter,354.0,14,3293.0,146.7,9.0,7.53,39.81,DC,0.5
Sameer Sharma,39,Sri Lanka,Batter,349.0,13,5832.0,136.4,7.0,6.55,37.97,CSK,0.2
Manoj Sharma,19,India,Wicketkeeper,19.0,1,11700.0,134.0,0.0,0.0,51.14,CSK,3.0
Karthik Patel,25,India,Bowler,97.0,5,821.0,149.1,210.0,5.67,46.27,CSK,2.0
Ankit Patel,36,India,Batter,377.0,14,7333.0,131.2,11.0,7.71,31.4,RCB,0.5
Manoj Shetty,18,India,Wicketkeeper,23.0,1,7612.0,154.0,0.0,0.0,43.36,DC,11.0
Sameer Verma,30,India,Batter,292.0,12,9864.0,114.6,7.0,6.15,41.82,RCB,3.0
Irfan Sharma,38,India,Wicketkeeper,235.0,10,6376.0,98.4,0.0,0.0,20.84,MI,1.0
Aditya Deshmukh,18,Australia,Wicketkeeper,30.0,1,4939.0,122.0,0.0,0.0,31.64,KKR,2.0
Arjun Reddy,26,Sri Lanka,Allrounder,86.0,4,5880.0,110.8,126.0,6.53,25.77,MI,5.0
Aditya Kulkarni,23,Sri Lanka,Batter,87.0,3,6002.0,125.9,12.0,8.41,27.01,RCB,0.2
Irfan Reddy,32,England,Wicketkeeper,27.0,1,5000.0,114.2,0.0,0.0,40.71,RR,1.0
Sameer Mehta,22,South Africa,Batter,79.0,3,10241.0,103.8,8.0,6.25,22.56,LSG,7.0
Karthik Malik,37,India,Wicketkeeper,298.0,10,3484.0,143.7,0.0,0.0,46.33,MI,2.0
Amit Sharma,38,India,Allrounder,208.0,7,5680.0,138.0,195.0,7.64,43.43,RR,3.0
Sandeep Iyer,34,England,Allrounder,461.0,16,3727.0,133.5,455.0,6.67,21.34,KKR,2.0
Rohan Deshmukh,24,South Africa,Batter,80.0,3,5496.0,141.7,3.0,8.18,37.51,RR,0.2
Harshit Kulkarni,22,Australia,Allrounder,26.0,1,2840.0,111.6,222.0,6.25,42.5,RR,0.5
Manoj Kulkarni,26,Australia,Batter,86.0,3,4440.0,147.3,3.0,8.42,31.98,SRH,2.0
Harshit Yadav,21,West Indies,Wicketkeeper,50.0,3,11203.0,141.2,0.0,0.0,39.65,GT,0.5
Amit Malik,22,India,Bowler,79.0,4,923.0,126.7,425.0,7.35,38.12,RR,0.2
Arjun Malik,39,India,Allrounder,318.0,19,5827.0,140.0,304.0,7.02,53.76,GT,7.0
Manoj Reddy,26,India,Batter,149.0,7,4611.0,98.2,3.0,6.26,52.81,SRH,11.0
Sandeep Malik,19,Australia,Batter,21.0,1,13756.0,131.9,8.0,7.85,36.88,DC,7.0
Irfan Sharma,20,South Africa,Bowler,16.0,1,1273.0,141.1,705.0,4.36,46.15,MI,7.0
Amit Malik,41,Sri Lanka,Wicketkeeper,327.0,17,4146.0,113.7,0.0,0.0,30.72,KKR,1.0
Amit Sharma,40,India,Wicketkeeper,346.0,21,5803.0,145.3,0.0,0.0,22.53,KKR,11.0
Arjun Malik,21,India,Wicketkeeper,50.0,3,3965.0,147.9,0.0,0.0,28.98,PBKS,0.5
Vikas Verma,26,India,Batter,22.0,1,4752.0,151.2,15.0,8.08,43.73,LSG,11.0
Harshit Kulkarni,41,South Africa,Wicketkeeper,62.0,4,4219.0,119.9,0.0,0.0,44.13,GT,11.0
Harshit Singh,38,India,Bowler,379.0,13,2078.0,111.6,344.0,5.31,54.88,PBKS,5.0
Irfan Kulkarni,21,West Indies,Allrounder,66.0,3,8605.0,133.7,226.0,7.63,32.44,LSG,11.0
Vikas Naidu,18,India,Batter,25.0,1,11685.0,96.9,5.0,6.17,39.4,DC,3.0
Karthik Khan,40,West Indies,Batter,93.0,4,14075.0,127.2,14.0,8.67,49.43,RCB,1.0
Sandeep Shetty,34,India,Wicketkeeper,22.0,1,10166.0,97.0,0.0,0.0,32.84,LSG,2.0
Manoj Sharma,21,West Indies,Batter,33.0,2,13085.0,121.8,15.0,6.83,22.53,GT,3.0
Pranav Mehta,22,South Africa,Bowler,38.0,2,1970.0,108.4,582.0,7.63,52.28,PBKS,0.2
Karthik Singh,42,India,Bowler,88.0,4,3597.0,154.1,509.0,5.62,39.39,KKR,3.0
Sandeep Shetty,35,West Indies,Batter,60.0,4,14038.0,95.3,11.0,9.26,46.19,SRH,11.0
Amit Iyer,29,Australia,Batter,144.0,8,5211.0,103.4,6.0,9.16,23.36,SRH,0.5
Irfan Patel,30,India,Bowler,69.0,3,2467.0,151.0,764.0,5.61,38.98,RR,7.0
Irfan Naidu,42,South Africa,Allrounder,365.0,13,5367.0,103.5,50.0,6.85,20.03,SRH,10.0
Rahul Reddy,30,India,Allrounder,151.0,8,6235.0,100.3,475.0,7.84,42.18,PBKS,11.0
Ankit Sharma,29,South Africa,Batter,64.0,3,5378.0,107.5,12.0,9.2,43.28,MI,11.0
Sameer Sharma,20,India,Wicketkeeper,26.0,1,3260.0,99.7,0.0,0.0,41.13,KKR,3.0
Sameer Shetty,38,Australia,Allrounder,363.0,17,7257.0,139.2,423.0,5.57,30.54,RCB,11.0
Nikhil Iyer,40,West Indies,Bowler,114.0,4,1199.0,131.0,595.0,5.76,25.99,SRH,5.0
Amit Verma,20,South Africa,Batter,17.0,1,3253.0,113.2,10.0,8.6,43.18,MI,0.5
Rahul Singh,25,South Africa,Bowler,30.0,1,2947.0,136.3,453.0,4.6,24.49,MI,2.0
Aditya Verma,42,India,Wicketkeeper,463.0,22,7906.0,120.5,0.0,0.0,28.65,RR,5.0
Rahul Sharma,25,India,Batter,52.0,3,7524.0,110.7,15.0,8.62,50.86,DC,1.0
Karthik Chopra,31,South Africa,Bowler,90.0,5,1310.0,106.8,563.0,7.39,41.48,PBKS,5.0
Ankit Deshmukh,25,India,Allrounder,144.0,5,7811.0,118.5,79.0,5.31,44.97,MI,5.0
Harshit Patel,32,India,Allrounder,195.0,8,4548.0,132.5,431.0,7.31,29.89,RCB,0.5
Ankit Singh,36,India,Batter,336.0,16,13477.0,101.2,1.0,7.32,45.17,SRH,3.0
Sandeep Yadav,42,India,Wicketkeeper,408.0,22,7343.0,125.2,0.0,0.0,44.81,RR,7.0
Harshit Verma,27,Sri Lanka,Allrounder,164.0,7,2657.0,114.5,58.0,5.87,31.7,RR,2.0
Rahul Sharma,29,India,Wicketkeeper,31.0,2,10692.0,96.5,0.0,0.0,31.94,LSG,0.2
Manoj Shetty,32,Sri Lanka,Allrounder,47.0,2,6752.0,148.8,425.0,7.81,38.14,SRH,0.2
Vikas Patel,25,England,Batter,79.0,4,6739.0,96.8,0.0,7.59,50.77,LSG,1.5
Rohan Malik,42,Australia,Wicketkeeper,154.0,6,7813.0,95.8,0.0,0.0,53.07,MI,10.0
Manoj Sharma,40,India,Bowler,310.0,15,1063.0,115.5,869.0,5.86,52.35,RCB,1.0
Sandeep Khan,42,India,Wicketkeeper,337.0,13,10957.0,96.5,0.0,0.0,40.35,LSG,3.0
Manoj Reddy,27,India,Wicketkeeper,15.0,1,9796.0,127.9,0.0,0.0,27.68,SRH,1.0
Sandeep Naidu,38,India,Bowler,281.0,13,852.0,134.1,824.0,5.63,45.45,MI,1.5
Manoj Deshmukh,35,England,Wicketkeeper,349.0,13,4554.0,95.0,0.0,0.0,52.79,RCB,7.0
Aditya Chopra,24,India,Wicketkeeper,127.0,5,2994.0,104.9,0.0,0.0,28.18,LSG,5.0
Sandeep Sharma,26,England,Bowler,204.0,7,963.0,97.3,345.0,5.0,24.31,DC,0.2
Pranav Chopra,18,India,Batter,30.0,1,6277.0,113.9,13.0,9.45,24.04,PBKS,2.0
Nikhil Malik,41,South Africa,Allrounder,61.0,3,7861.0,138.2,44.0,5.37,49.91,LSG,0.2
Manoj Naidu,28,Sri Lanka,Allrounder,92.0,4,6377.0,96.3,491.0,5.9,27.81,CSK,2.0
Ankit Verma,32,South Africa,Allrounder,228.0,8,2130.0,101.2,340.0,5.2,35.1,RCB,5.0
Irfan Shetty,40,Australia,Bowler,19.0,1,3461.0,126.0,265.0,4.87,28.87,GT,0.2
Aditya Malik,33,Sri Lanka,Wicketkeeper,106.0,4,5879.0,151.4,0.0,0.0,51.71,RCB,1.0
Sandeep Kulkarni,23,Sri Lanka,Bowler,18.0,1,435.0,116.3,859.0,6.15,33.34,RCB,1.5
Pranav Khan,20,South Africa,Allrounder,49.0,2,2488.0,138.7,291.0,6.44,35.81,LSG,10.0
Amit Shetty,21,India,Bowler,49.0,2,3616.0,151.6,636.0,7.26,31.76,SRH,11.0
Rohan Malik,29,South Africa,Allrounder,48.0,2,6033.0,100.7,159.0,6.96,27.02,GT,0.2
Rahul Malik,19,India,Bowler,21.0,1,2394.0,107.4,263.0,5.57,50.68,RR,7.0
Aditya Reddy,23,West Indies,Bowler,15.0,1,391.0,122.3,352.0,4.6,41.2,PBKS,1.5
Karthik Malik,23,India,Allrounder,87.0,4,5975.0,118.0,52.0,7.42,50.42,MI,1.5
Sameer Khan,20,India,Wicketkeeper,55.0,2,3817.0,129.1,0.0,0.0,35.38,CSK,5.0
Sameer Shetty,30,England,Wicketkeeper,103.0,4,2676.0,99.0,0.0,0.0,36.26,CSK,10.0
Vikas Iyer,19,Sri Lanka,Bowler,20.0,1,1039.0,131.9,366.0,7.12,49.13,RR,11.0
Irfan Patel,30,India,Bowler,294.0,10,1141.0,102.1,877.5,5.88,20.48,LSG,3.0
Sameer Chopra,32,West Indies,Bowler,133.0,7,3923.0,136.9,656.0,5.15,47.66,CSK,1.5
Rohan Sharma,19,England,Allrounder,25.0,1,2390.0,124.7,397.0,6.04,34.74,RCB,7.0
Sandeep Naidu,37,Sri Lanka,Bowler,143.0,8,2215.0,108.9,169.0,5.56,24.77,RCB,1.0
Irfan Reddy,23,England,Batter,81.0,5,7890.0,98.3,13.0,6.69,26.93,KKR,3.0
Aditya Reddy,19,South Africa,Wicketkeeper,25.0,1,5312.0,95.6,0.0,0.0,41.95,LSG,1.5
Arjun Kulkarni,32,England,Bowler,262.0,14,2408.0,153.4,580.0,5.2,26.78,SRH,5.0
Karthik Deshmukh,26,West Indies,Batter,159.0,6,10124.0,116.5,9.0,7.21,20.3,CSK,1.0
Ankit Shetty,18,India,Wicketkeeper,20.0,1,3230.0,145.4,0.0,0.0,21.12,RR,0.5
Nikhil Malik,35,India,Batter,20.0,1,6050.0,148.5,2.0,9.29,38.74,RCB,10.0
Nikhil Sharma,29,Australia,Bowler,144.0,5,2344.0,134.2,115.0,6.07,33.55,SRH,0.2
Sameer Iyer,36,India,Bowler,151.0,8,844.0,97.7,257.0,6.46,21.89,DC,2.0
Ankit Patel,18,India,Bowler,26.0,1,3710.0,128.0,747.0,5.74,51.07,CSK,1.0
Rahul Mehta,28,England,Batter,126.0,6,8383.0,144.4,1.0,6.37,27.35,KKR,0.2
Nikhil Chopra,25,West Indies,Wicketkeeper,141.0,7,5910.0,118.6,0.0,0.0,31.08,GT,0.2
Vikas Khan,37,Australia,Bowler,136.0,7,1614.0,104.0,247.0,5.52,37.62,RCB,0.5
Amit Shetty,36,India,Bowler,298.0,14,2311.0,121.5,844.0,7.05,37.17,GT,10.0
Rahul Iyer,41,Australia,Bowler,316.0,18,662.0,137.4,673.0,7.23,37.17,SRH,1.0
Harshit Mehta,19,England,Allrounder,19.0,1,1962.0,148.1,100.0,5.9,40.2,RR,11.0
Manoj Yadav,22,Sri Lanka,Wicketkeeper,44.0,2,7562.0,108.3,0.0,0.0,29.42,MI,3.0
Sandeep Patel,36,South Africa,Allrounder,226.0,12,6376.0,97.6,436.0,7.81,54.72,CSK,2.0
Sameer Naidu,26,India,Bowler,48.0,2,542.0,142.8,265.0,4.5,33.82,DC,3.0
Aditya Yadav,30,Sri Lanka,Batter,167.0,8,6803.0,147.8,12.0,7.72,34.45,MI,2.0
Karthik Singh,22,West Indies,Allrounder,100.0,4,4765.0,98.0,168.0,6.88,20.08,RCB,5.0
Aditya Sharma,30,South Africa,Bowler,33.0,2,1837.0,135.8,864.0,4.93,24.24,PBKS,1.0
Nikhil Mehta,25,West Indies,Batter,23.0,1,8167.0,119.7,4.0,6.4,42.67,RCB,1.5
Sandeep Deshmukh,26,India,Bowler,26.0,1,2830.0,105.7,315.0,6.71,22.79,MI,10.0
Ankit Patel,28,India,Batter,107.0,6,4644.0,110.6,3.0,9.29,49.87,SRH,11.0
Arjun Malik,27,Sri Lanka,Batter,118.0,4,12687.0,141.4,14.0,9.02,25.91,LSG,10.0
Karthik Mehta,38,England,Allrounder,107.0,5,8544.0,141.2,107.0,7.88,40.89,RCB,2.0
Aditya Malik,22,England,Bowler,18.0,1,2419.0,110.8,264.0,5.28,24.27,SRH,7.0
Harshit Chopra,41,Sri Lanka,Allrounder,16.0,1,5034.0,130.1,292.0,6.78,32.58,LSG,2.0
Vikas Khan,38,India,Bowler,345.0,13,2414.0,116.8,651.0,5.81,42.44,KKR,2.0
Ankit Malik,31,India,Batter,111.0,6,8575.0,104.8,14.0,9.15,33.35,PBKS,0.5
Manoj Verma,40,West Indies,Allrounder,440.0,18,6714.0,132.5,297.0,5.49,45.51,CSK,3.0
Irfan Deshmukh,29,India,Bowler,217.0,9,2865.0,111.7,527.0,7.54,53.26,GT,0.5
Manoj Shetty,40,India,Bowler,429.0,16,2080.0,131.2,352.0,4.24,22.0,RCB,1.5
Pranav Mehta,30,England,Bowler,159.0,8,3784.0,126.8,301.0,7.4,43.43,RCB,7.0
Aditya Singh,42,South Africa,Allrounder,401.0,21,6050.0,104.0,121.0,7.91,21.35,MI,0.5
Amit Shetty,23,West Indies,Allrounder,35.0,2,4389.0,113.9,413.0,8.08,24.51,MI,0.2
Sandeep Shetty,39,Sri Lanka,Wicketkeeper,403.0,21,11551.0,123.1,0.0,0.0,40.94,SRH,0.2
Sameer Iyer,31,India,Allrounder,114.0,4,2888.0,111.5,445.0,5.11,21.15,CSK,11.0
Rahul Verma,23,India,Allrounder,49.0,2,1593.0,148.7,443.0,6.47,54.39,PBKS,2.0
Sandeep Malik,18,India,Wicketkeeper,19.0,1,9215.0,133.2,0.0,0.0,25.66,LSG,2.0
Sameer Malik,30,India,Allrounder,26.0,1,5025.0,126.0,139.0,8.17,25.38,DC,7.0
Irfan Verma,23,India,Wicketkeeper,22.0,1,3726.0,150.3,0.0,0.0,46.51,CSK,7.0
Vikas Singh,19,West Indies,Bowler,20.0,1,550.0,137.6,244.0,6.78,27.01,KKR,1.5
Rahul Mehta,27,South Africa,Batter,229.0,8,3094.0,136.3,1.0,6.74,27.69,KKR,5.0
Karthik Naidu,31,England,Bowler,27.0,1,1150.0,141.9,489.0,5.67,47.44,CSK,7.0
Irfan Malik,21,Sri Lanka,Wicketkeeper,72.0,3,4626.0,122.2,0.0,0.0,47.73,CSK,5.0
Aditya Chopra,30,India,Bowler,76.0,5,2344.0,134.3,413.0,7.19,27.99,DC,0.5
Vikas Verma,25,India,Bowler,88.0,4,3383.0,113.9,515.0,5.04,24.09,RR,10.0
Pranav Patel,39,India,Bowler,127.0,5,469.0,107.6,92.0,5.04,35.94,KKR,3.0
Rohan Deshmukh,38,South Africa,Allrounder,453.0,20,2624.0,101.3,142.0,8.18,45.21,MI,1.0
Ankit Verma,40,India,Wicketkeeper,118.0,4,5721.0,136.2,0.0,0.0,23.35,SRH,2.0
Karthik Kulkarni,32,West Indies,Wicketkeeper,68.0,3,10308.0,150.4,0.0,0.0,39.9,RR,0.2
Manoj Malik,31,Australia,Batter,349.0,13,7789.0,140.4,5.0,7.27,29.01,KKR,0.5
Sameer Reddy,37,Sri Lanka,Allrounder,40.0,2,8531.0,97.4,214.0,7.43,49.38,MI,7.0
Amit Patel,21,India,Wicketkeeper,56.0,3,7411.0,121.9,0.0,0.0,42.28,LSG,0.2
Sameer Iyer,40,West Indies,Batter,118.0,6,10295.0,135.6,9.0,6.77,47.03,SRH,2.0
Harshit Naidu,26,India,Batter,109.0,5,8658.0,132.1,13.0,7.66,35.97,RCB,3.0
Arjun Malik,42,Australia,Bowler,279.0,11,2335.0,124.9,859.0,7.4,49.46,RR,0.2
Irfan Verma,18,England,Allrounder,22.0,1,4600.0,119.6,471.0,7.8,28.05,GT,11.0
Arjun Mehta,42,Australia,Wicketkeeper,134.0,5,5333.0,119.4,0.0,0.0,48.92,CSK,1.0
Aditya Deshmukh,24,India,Wicketkeeper,76.0,5,2552.0,108.7,0.0,0.0,38.36,SRH,1.0
Arjun Malik,37,England,Bowler,288.0,11,3038.0,116.2,354.0,7.06,42.48,DC,1.0
Aditya Verma,23,England,Wicketkeeper,15.0,1,3032.0,109.7,0.0,0.0,23.82,KKR,1.0
Arjun Patel,36,South Africa,Wicketkeeper,126.0,8,7492.0,142.7,0.0,0.0,23.46,SRH,0.2
Aditya Patel,33,India,Wicketkeeper,326.0,14,10777.0,111.3,0.0,0.0,49.93,SRH,5.0
Vikas Naidu,34,South Africa,Allrounder,231.0,9,2174.0,153.4,317.0,6.21,54.29,CSK,11.0
Sameer Reddy,42,South Africa,Allrounder,442.0,15,5328.0,97.5,107.0,5.94,44.68,SRH,1.0
Manoj Chopra,39,England,Bowler,363.0,13,1216.0,101.0,790.0,5.71,44.76,MI,5.0
Amit Iyer,20,Sri Lanka,Batter,59.0,2,14399.0,147.2,5.0,6.11,24.85,LSG,5.0
Harshit Chopra,36,England,Batter,62.0,4,14427.0,105.5,14.0,6.45,53.61,SRH,7.0
Amit Verma,38,England,Wicketkeeper,473.5,18,9518.0,136.6,0.0,0.0,48.05,KKR,2.0
Vikas Deshmukh,19,Sri Lanka,Batter,23.0,1,9960.0,115.2,7.0,7.39,28.21,KKR,1.0
Karthik Kulkarni,24,India,Wicketkeeper,15.0,1,9128.0,123.8,0.0,0.0,39.31,LSG,1.5
Arjun Khan,33,India,Batter,226.0,12,9891.0,110.4,13.0,8.21,53.2,RCB,5.0
Harshit Patel,33,India,Allrounder,422.0,15,5693.0,152.9,271.0,5.59,20.52,PBKS,7.0
Vikas Chopra,34,India,Allrounder,309.0,14,5356.0,115.0,424.0,6.68,35.72,DC,0.5
Vikas Verma,24,West Indies,Wicketkeeper,139.0,5,10390.0,129.2,0.0,0.0,35.25,RCB,1.5
Harshit Kulkarni,30,India,Allrounder,24.0,1,6177.0,139.0,110.0,6.45,44.01,DC,10.0
Amit Verma,22,South Africa,Wicketkeeper,17.0,1,11430.0,145.0,0.0,0.0,28.75,GT,7.0
Amit Reddy,30,India,Wicketkeeper,212.0,11,3502.0,131.6,0.0,0.0,40.48,RR,11.0
Harshit Iyer,42,India,Wicketkeeper,75.0,3,5640.0,117.2,0.0,0.0,37.01,PBKS,5.0
Pranav Mehta,36,India,Batter,152.0,6,4966.0,103.5,4.0,7.1,27.48,GT,1.5
Sameer Shetty,31,India,Allrounder,298.0,12,2240.0,136.0,274.0,5.37,43.13,KKR,3.0
Irfan Malik,41,Australia,Wicketkeeper,20.0,1,9139.0,152.0,0.0,0.0,45.54,SRH,5.0
Amit Yadav,36,West Indies,Bowler,210.0,10,3983.0,148.1,169.0,4.2,50.19,PBKS,0.2
Rohan Kulkarni,39,India,Allrounder,134.0,8,3812.0,130.2,223.0,6.55,54.16,PBKS,3.0
Karthik Sharma,42,India,Wicketkeeper,317.0,19,8070.0,126.9,0.0,0.0,51.69,RR,5.0
Amit Singh,35,West Indies,Bowler,266.0,15,3926.0,106.5,358.0,4.32,35.43,SRH,0.5
Pranav Shetty,25,India,Allrounder,93.0,5,7912.0,144.0,486.0,7.05,54.59,KKR,7.0
Karthik Deshmukh,40,India,Batter,473.5,22,10724.0,97.8,0.0,7.36,48.04,GT,3.0
Pranav Verma,30,India,Wicketkeeper,252.0,11,11145.0,131.3,0.0,0.0,26.95,KKR,11.0
Manoj Kulkarni,36,India,Batter,58.0,2,13715.0,139.5,2.0,7.73,46.96,SRH,0.2
Karthik Shetty,28,India,Bowler,30.0,1,222.0,113.3,693.0,5.9,54.08,CSK,1.0
Amit Naidu,22,India,Allrounder,61.0,4,5703.0,119.5,362.0,7.32,29.82,CSK,3.0
Karthik Iyer,35,India,Batter,46.0,2,5713.0,109.5,13.0,8.56,26.01,RR,1.0
Irfan Verma,35,England,Allrounder,93.0,6,6910.0,112.4,475.0,6.85,42.01,GT,5.0
Arjun Chopra,18,England,Bowler,20.0,1,2627.0,134.3,742.0,4.45,29.92,PBKS,5.0
Rahul Patel,32,West Indies,Allrounder,165.0,11,4965.0,102.6,343.0,5.0,52.68,RR,0.2
Irfan Patel,39,Sri Lanka,Wicketkeeper,85.0,4,8921.0,147.0,0.0,0.0,28.18,RCB,2.0
Arjun Iyer,22,India,Batter,18.0,1,10475.0,131.5,1.0,8.72,53.98,CSK,2.0
Vikas Kulkarni,38,Australia,Wicketkeeper,124.0,6,6077.0,117.4,0.0,0.0,43.85,SRH,1.5
Pranav Kulkarni,28,Australia,Wicketkeeper,235.0,10,11051.0,98.8,0.0,0.0,33.87,RCB,10.0
Rahul Iyer,39,Australia,Batter,447.0,16,13844.0,127.3,4.0,9.37,30.08,CSK,7.0
Vikas Reddy,27,India,Allrounder,82.0,3,2237.0,137.2,119.0,5.42,42.57,PBKS,5.0
Vikas Sharma,25,West Indies,Allrounder,118.0,4,3681.0,152.1,331.0,6.31,20.78,RCB,5.0
Vikas Mehta,32,Sri Lanka,Batter,105.0,7,5160.0,150.3,9.0,7.06,31.23,RR,2.0
Sandeep Malik,25,India,Allrounder,82.0,4,4407.0,127.1,153.0,5.88,48.83,SRH,10.0
Arjun Shetty,40,West Indies,Allrounder,418.0,14,5101.0,151.6,444.0,5.36,47.83,MI,5.0
Vikas Malik,29,Australia,Batter,140.0,5,11958.0,137.7,4.0,6.63,33.47,RR,5.0
Karthik Yadav,21,England,Wicketkeeper,38.0,2,9054.0,119.1,0.0,0.0,47.42,GT,10.0
Sandeep Yadav,31,India,Bowler,69.0,3,1651.0,102.6,554.0,7.66,34.72,RR,1.0
Rohan Mehta,37,India,Wicketkeeper,445.0,17,7585.0,123.9,0.0,0.0,33.17,MI,7.0
Sandeep Deshmukh,36,Australia,Bowler,287.0,16,2477.0,98.1,617.0,5.38,43.99,CSK,0.5
Manoj Mehta,30,India,Bowler,45.0,3,1572.0,106.7,506.0,5.66,48.56,PBKS,1.5
Sameer Mehta,30,South Africa,Wicketkeeper,35.0,2,5598.0,143.2,0.0,0.0,37.02,PBKS,1.5
Nikhil Khan,29,West Indies,Bowler,136.0,7,882.0,133.3,408.0,5.13,30.09,PBKS,11.0
Irfan Reddy,42,West Indies,Wicketkeeper,473.5,18,10617.0,109.2,0.0,0.0,45.57,GT,7.0
Ankit Khan,32,India,Bowler,227.0,10,497.0,100.7,332.0,4.15,20.24,RR,5.0
Arjun Malik,26,India,Batter,51.0,3,8363.0,99.1,6.0,6.54,54.85,SRH,5.0
Harshit Mehta,37,India,Bowler,319.0,17,1648.0,104.0,90.0,5.1,28.43,MI,3.0
Rohan Verma,18,Sri Lanka,Batter,27.0,1,5405.0,126.2,2.0,9.28,32.77,CSK,11.0
Irfan Verma,27,India,Batter,73.0,4,7923.0,118.7,3.0,9.06,31.73,PBKS,2.0
Ankit Iyer,18,Sri Lanka,Wicketkeeper,19.0,1,3043.0,107.4,0.0,0.0,33.22,GT,1.5
Pranav Singh,36,Australia,Wicketkeeper,351.0,18,4718.0,114.0,0.0,0.0,43.71,RR,0.5
Nikhil Deshmukh,27,India,Allrounder,20.0,1,3413.0,129.6,212.0,6.01,22.31,RCB,7.0
Manoj Reddy,25,India,Wicketkeeper,23.0,1,11653.0,106.5,0.0,0.0,34.26,PBKS,5.0
Sameer Mehta,37,India,Bowler,361.0,13,3511.0,117.6,458.0,7.56,43.24,GT,1.5
Sameer Sharma,30,Sri Lanka,Bowler,228.0,9,1007.0,102.6,723.0,4.97,22.05,MI,0.2
Manoj Patel,18,South Africa,Wicketkeeper,25.0,1,10369.0,113.3,0.0,0.0,25.52,GT,7.0
Rohan Yadav,22,Sri Lanka,Batter,61.0,3,4974.0,140.6,5.0,6.61,20.55,SRH,0.2
Pranav Yadav,28,England,Batter,114.0,4,9630.0,117.8,3.0,7.95,37.73,LSG,5.0
Karthik Naidu,18,India,Wicketkeeper,17.0,1,10631.0,128.8,0.0,0.0,30.97,KKR,11.0
Manoj Patel,29,India,Bowler,16.0,1,600.0,139.0,791.0,5.12,50.49,PBKS,2.0
Nikhil Yadav,28,Sri Lanka,Batter,199.0,10,6440.0,100.9,14.0,6.67,51.42,GT,1.0
Aditya Iyer,19,Australia,Allrounder,23.0,1,8435.0,128.1,269.0,6.22,32.58,SRH,5.0
Harshit Verma,27,South Africa,Batter,141.0,9,10273.0,130.4,13.0,6.44,38.38,LSG,7.0
Rahul Khan,22,Sri Lanka,Allrounder,43.0,2,4132.0,122.1,79.0,5.71,47.89,CSK,3.0
Harshit Naidu,42,West Indies,Batter,473.5,20,4471.0,100.8,15.0,8.07,39.18,CSK,11.0
Irfan Chopra,40,England,Bowler,130.0,8,1097.0,142.6,440.0,6.67,42.02,PBKS,0.2
Amit Mehta,30,West Indies,Allrounder,110.0,4,4400.0,137.6,300.0,5.53,43.71,MI,2.0
Arjun Deshmukh,18,India,Allrounder,25.0,1,8833.0,119.7,467.0,5.09,31.65,MI,5.0
Aditya Shetty,32,South Africa,Allrounder,121.0,5,3538.0,108.0,348.0,7.34,40.68,PBKS,10.0
Amit Kulkarni,39,Sri Lanka,Wicketkeeper,60.0,4,3328.0,149.8,0.0,0.0,47.92,LSG,0.5
Sameer Malik,27,Australia,Bowler,25.0,1,3656.0,153.7,399.0,7.5,20.37,CSK,7.0
Amit Shetty,21,West Indies,Allrounder,54.0,3,2959.0,119.8,81.0,7.18,50.09,KKR,3.0
Nikhil Reddy,35,India,Bowler,16.0,1,977.0,153.9,606.0,4.96,41.48,RR,1.5
Pranav Verma,29,Sri Lanka,Wicketkeeper,138.0,9,4983.0,142.6,0.0,0.0,23.0,CSK,0.5
Nikhil Deshmukh,30,India,Bowler,138.0,6,1157.0,140.5,788.0,4.7,20.77,DC,10.0
Irfan Yadav,31,England,Bowler,286.0,12,541.0,95.8,284.0,7.1,43.0,KKR,0.5
Rohan Verma,19,West Indies,Wicketkeeper,16.0,1,9577.0,116.9,0.0,0.0,41.4,CSK,1.0
Amit Mehta,33,India,Wicketkeeper,18.0,1,4018.0,136.8,0.0,0.0,31.99,RCB,1.0
Rahul Patel,35,India,Bowler,249.0,10,1550.0,99.2,182.0,4.41,40.61,KKR,10.0
Arjun Singh,21,India,Allrounder,40.0,2,2835.0,139.5,449.0,6.82,37.84,GT,5.0
Pranav Patel,30,South Africa,Bowler,62.0,4,1209.0,118.9,545.0,5.61,20.93,MI,7.0
Amit Singh,39,Sri Lanka,Bowler,176.0,6,28.0,153.6,567.0,5.28,50.57,KKR,1.0
Aditya Verma,33,Sri Lanka,Allrounder,82.0,5,8574.0,130.3,312.0,6.15,49.66,SRH,3.0
Rahul Naidu,39,Australia,Bowler,124.0,5,3055.0,96.1,155.0,5.68,22.61,MI,3.0
Aditya Yadav,37,Australia,Allrounder,473.5,19,8679.0,153.2,445.0,6.79,44.26,PBKS,7.0
Manoj Iyer,33,India,Wicketkeeper,258.0,13,7852.0,99.3,0.0,0.0,26.63,RR,10.0
Sameer Sharma,40,India,Wicketkeeper,291.0,19,4758.0,141.3,0.0,0.0,49.45,DC,0.2
Aditya Chopra,41,India,Batter,228.0,13,9127.0,133.7,15.0,8.16,20.99,SRH,5.0
Vikas Khan,35,West Indies,Batter,327.0,15,3793.0,142.3,10.0,8.9,29.07,RR,0.2
Amit Reddy,19,India,Bowler,28.0,1,3396.0,107.9,88.0,6.69,21.41,RR,3.0
Aditya Chopra,29,South Africa,Bowler,23.0,1,3430.0,105.7,88.0,4.76,31.82,MI,1.0
Amit Malik,37,India,Batter,330.0,18,5701.0,125.5,1.0,7.46,36.69,KKR,1.0
Sandeep Singh,41,India,Batter,197.0,8,7297.0,96.8,10.0,6.95,41.18,RCB,1.5
Harshit Singh,23,Sri Lanka,Wicketkeeper,52.0,2,8507.0,118.7,0.0,0.0,30.45,PBKS,3.0
Nikhil Kulkarni,25,South Africa,Batter,110.0,7,3811.0,139.8,13.0,9.03,50.02,RCB,1.5
Ankit Khan,19,Australia,Wicketkeeper,25.0,1,6723.0,124.7,0.0,0.0,24.58,LSG,5.0
Ankit Verma,26,Australia,Batter,89.0,3,7674.0,107.4,10.0,8.44,35.44,GT,2.0
Rahul Chopra,25,West Indies,Batter,90.0,5,14769.0,144.5,12.0,6.23,24.41,CSK,0.2
Arjun Yadav,29,Australia,Allrounder,249.0,11,4761.0,146.9,247.0,8.16,36.26,SRH,7.0
Sandeep Patel,23,Sri Lanka,Allrounder,31.0,2,4079.0,132.2,398.0,7.61,48.11,LSG,1.0
Vikas Shetty,31,India,Batter,208.0,7,9881.0,142.1,4.0,7.51,36.19,RR,2.0
Amit Naidu,27,Australia,Wicketkeeper,249.0,9,5027.0,151.5,0.0,0.0,37.02,CSK,5.0
Amit Iyer,42,England,Wicketkeeper,414.0,14,3530.0,122.8,0.0,0.0,47.48,KKR,1.5
Amit Patel,29,India,Allrounder,136.0,9,2055.0,128.3,265.0,7.88,26.29,DC,0.2
Manoj Naidu,25,England,Batter,144.0,6,3884.0,153.1,11.0,7.64,46.35,MI,1.5
Ankit Iyer,34,Australia,Batter,302.0,15,4229.0,97.0,6.0,8.84,36.38,RCB,11.0
Rohan Naidu,25,Australia,Allrounder,82.0,5,7313.0,144.8,232.0,7.26,21.72,PBKS,5.0
Rahul Kulkarni,26,Sri Lanka,Bowler,164.0,6,222.0,127.9,406.0,7.24,26.91,DC,5.0
Nikhil Khan,41,West Indies,Batter,388.0,15,12430.0,111.9,12.0,7.11,38.58,MI,3.0
Irfan Deshmukh,31,India,Allrounder,289.0,12,4204.0,104.5,238.0,5.18,48.44,RR,0.5
Vikas Khan,21,Sri Lanka,Bowler,61.0,3,2569.0,109.0,766.0,4.5,35.87,DC,2.0
Arjun Sharma,35,Sri Lanka,Wicketkeeper,237.0,15,5543.0,126.0,0.0,0.0,46.73,DC,5.0
Irfan Naidu,25,West Indies,Wicketkeeper,123.0,6,6503.0,121.8,0.0,0.0,47.65,MI,0.2
Sandeep Sharma,18,England,Bowler,28.0,1,2002.0,101.8,327.0,6.35,25.47,PBKS,1.0
Aditya Deshmukh,24,Sri Lanka,Bowler,36.0,2,3220.0,118.8,778.0,5.66,46.02,PBKS,1.0
Rohan Verma,22,India,Wicketkeeper,57.0,2,11686.0,129.8,0.0,0.0,33.58,CSK,2.0
Harshit Iyer,22,Sri Lanka,Bowler,69.0,3,2528.0,108.6,687.0,4.65,40.14,RR,11.0
Sandeep Naidu,38,India,Allrounder,169.0,6,7309.0,125.9,121.0,6.48,25.97,LSG,0.2
Pranav Iyer,25,India,Allrounder,120.0,6,7119.0,146.2,133.0,7.32,29.03,CSK,2.0
Aditya Sharma,18,South Africa,Allrounder,21.0,1,3367.0,153.5,429.0,6.72,31.66,MI,0.5
Rohan Iyer,23,Australia,Allrounder,138.0,5,6905.0,100.4,76.0,7.08,41.21,KKR,11.0
Sameer Mehta,37,Sri Lanka,Bowler,454.0,19,3358.0,152.6,408.0,4.34,45.05,CSK,0.2
Aditya Singh,20,South Africa,Allrounder,31.0,2,8994.0,137.2,266.0,7.76,40.64,RCB,2.0
Vikas Chopra,28,India,Batter,108.0,7,3061.0,146.5,12.0,7.57,53.49,KKR,5.0
Pranav Iyer,27,South Africa,Bowler,100.0,4,2968.0,150.9,877.0,5.9,40.42,RCB,5.0
Karthik Naidu,22,India,Wicketkeeper,36.0,2,3735.0,127.3,0.0,0.0,35.91,LSG,2.0
Manoj Reddy,31,Sri Lanka,Batter,187.0,12,10257.0,95.2,0.0,6.73,28.45,SRH,1.5
Amit Yadav,24,India,Allrounder,117.0,5,6532.0,117.8,200.0,6.78,35.7,RR,1.5
Sandeep Kulkarni,23,India,Allrounder,79.0,5,6745.0,116.0,282.0,8.43,35.83,SRH,1.0
Sandeep Khan,40,Australia,Batter,154.0,10,14065.0,97.9,13.0,6.47,47.14,LSG,0.5
Arjun Iyer,33,Sri Lanka,Allrounder,302.0,13,2628.0,140.6,230.0,7.0,25.25,RR,2.0
Irfan Iyer,36,India,Wicketkeeper,22.0,1,9132.0,129.3,0.0,0.0,28.88,CSK,1.0
Pranav Malik,24,Australia,Allrounder,127.0,5,7471.0,95.7,76.0,5.8,24.56,RR,1.0
Ankit Mehta,27,India,Allrounder,133.0,8,5782.0,102.0,151.0,6.08,54.51,LSG,5.0
Irfan Mehta,36,Australia,Allrounder,393.0,16,8986.0,102.8,401.0,6.08,26.97,MI,11.0
Nikhil Deshmukh,34,England,Batter,418.0,14,8137.0,98.8,0.0,8.06,50.19,PBKS,3.0
Irfan Reddy,27,Australia,Bowler,73.0,4,522.0,109.8,214.0,7.65,35.75,RR,0.2
Sameer Reddy,41,India,Allrounder,132.0,8,2785.0,133.4,407.0,5.08,34.49,MI,0.2
Ankit Mehta,35,West Indies,Batter,66.0,3,6735.0,107.4,8.0,6.95,42.89,SRH,11.0
Sandeep Kulkarni,18,South Africa,Batter,20.0,1,5252.0,105.8,6.0,7.46,44.12,LSG,1.0
Karthik Verma,36,India,Allrounder,429.0,17,4757.0,146.5,406.0,6.98,24.11,RCB,0.2
Rahul Malik,32,West Indies,Wicketkeeper,314.0,12,4815.0,142.1,0.0,0.0,43.57,GT,3.0
Arjun Kulkarni,22,Sri Lanka,Wicketkeeper,31.0,2,7903.0,101.9,0.0,0.0,44.32,GT,3.0
Rahul Reddy,39,India,Allrounder,466.0,18,7214.0,151.7,79.0,6.55,24.96,GT,5.0
Nikhil Kulkarni,41,South Africa,Allrounder,144.0,7,5330.0,117.9,422.0,7.25,53.49,DC,1.0
Manoj Sharma,36,West Indies,Allrounder,473.5,18,7125.0,152.7,267.0,6.15,51.55,DC,0.2
Vikas Khan,37,India,Wicketkeeper,135.0,9,9787.0,111.2,0.0,0.0,48.12,GT,11.0
Harshit Patel,22,West Indies,Wicketkeeper,31.0,2,11903.0,154.7,0.0,0.0,28.84,CSK,1.0
Manoj Reddy,22,India,Batter,66.0,4,9859.0,126.2,10.0,7.53,30.32,RCB,5.0
Pranav Chopra,29,Australia,Wicketkeeper,132.0,6,10679.0,95.9,0.0,0.0,27.7,RR,5.0
Ankit Singh,39,Sri Lanka,Wicketkeeper,435.0,17,4136.0,111.9,0.0,0.0,35.53,DC,3.0
Manoj Verma,23,India,Wicketkeeper,48.0,3,8831.0,105.3,0.0,0.0,50.56,CSK,1.0
Arjun Shetty,34,West Indies,Allrounder,444.0,15,2587.0,100.1,189.0,7.47,42.75,RR,1.0
Rahul Reddy,39,England,Allrounder,38.0,2,4163.0,152.4,94.0,7.29,20.11,RR,3.0
Irfan Verma,22,India,Allrounder,54.0,2,5696.0,150.7,341.0,5.87,52.62,SRH,10.0
Amit Iyer,37,India,Allrounder,375.0,16,4830.0,140.9,313.0,7.52,23.2,KKR,11.0
Irfan Singh,31,India,Bowler,17.0,1,1853.0,108.9,100.0,5.95,26.34,LSG,0.2
Amit Khan,25,Australia,Bowler,111.0,4,3836.0,103.1,354.0,7.08,36.4,PBKS,0.5
Amit Iyer,22,England,Wicketkeeper,53.0,2,3294.0,151.3,0.0,0.0,26.5,CSK,11.0
Nikhil Shetty,35,India,Batter,147.0,8,7409.0,154.7,0.0,9.42,39.45,SRH,5.0
Irfan Mehta,36,Sri Lanka,Batter,420.0,14,12434.0,114.0,15.0,6.6,34.86,LSG,10.0
Sandeep Chopra,22,India,Allrounder,58.0,3,4470.0,111.8,239.0,6.08,54.03,SRH,0.5
Rohan Singh,37,Sri Lanka,Batter,187.0,9,8798.0,139.0,12.0,6.54,20.01,CSK,3.0
Rohan Chopra,42,England,Wicketkeeper,473.5,22,6149.0,130.8,0.0,0.0,52.06,CSK,5.0
Sameer Singh,36,West Indies,Batter,146.0,9,5299.0,106.1,13.0,7.01,42.81,PBKS,5.0
Rohan Iyer,18,India,Allrounder,17.0,1,4398.0,136.3,311.0,7.49,31.18,CSK,2.0
Arjun Verma,37,India,Allrounder,134.0,5,3066.0,152.4,472.0,5.88,52.32,PBKS,0.2
Vikas Patel,27,Sri Lanka,Batter,87.0,3,10533.0,145.8,15.0,7.6,35.83,PBKS,3.0
Karthik Singh,27,England,Wicketkeeper,164.0,9,7558.0,120.5,0.0,0.0,25.49,PBKS,1.0
Sameer Kulkarni,20,India,Allrounder,36.0,2,1530.0,127.2,296.0,6.49,20.79,GT,2.0
Harshit Kulkarni,34,South Africa,Allrounder,140.0,5,8102.0,141.9,181.0,6.55,43.8,GT,11.0
Sandeep Yadav,21,India,Wicketkeeper,72.0,3,3010.0,133.1,0.0,0.0,51.83,KKR,1.5
Aditya Chopra,41,Australia,Allrounder,399.0,21,5262.0,128.4,255.0,5.06,47.56,RR,7.0
Rahul Malik,33,India,Bowler,75.0,5,1572.0,114.4,492.0,6.06,24.77,LSG,0.5
Pranav Kulkarni,23,England,Bowler,86.0,5,3325.0,123.2,622.0,7.37,50.73,MI,5.0
Arjun Chopra,42,Australia,Wicketkeeper,54.0,3,8750.0,130.2,0.0,0.0,43.6,RCB,11.0
Manoj Mehta,29,India,Allrounder,143.0,6,2751.0,134.5,160.0,7.81,33.93,GT,0.2
Vikas Kulkarni,22,India,Bowler,88.0,4,2558.0,143.2,594.0,5.95,33.08,LSG,0.2
Sameer Iyer,36,Sri Lanka,Bowler,16.0,1,147.0,100.7,805.0,5.47,52.01,KKR,2.0
Irfan Verma,42,Sri Lanka,Allrounder,224.0,14,6997.0,133.9,494.0,5.32,34.46,GT,0.2
Karthik Mehta,35,Australia,Wicketkeeper,153.0,9,9793.0,119.3,0.0,0.0,43.78,DC,5.0
Ankit Yadav,31,West Indies,Allrounder,129.0,8,8205.0,130.6,489.0,5.23,47.02,PBKS,10.0
Aditya Yadav,35,West Indies,Wicketkeeper,32.0,2,8279.0,144.7,0.0,0.0,25.97,LSG,2.0
Karthik Mehta,36,West Indies,Allrounder,82.0,3,3978.0,134.4,229.0,8.14,50.86,CSK,1.0
Manoj Malik,34,India,Bowler,324.0,13,1079.0,127.5,643.0,5.84,52.17,GT,2.0
Vikas Chopra,34,India,Wicketkeeper,229.0,15,10347.0,149.0,0.0,0.0,35.69,CSK,5.0
Vikas Mehta,30,India,Bowler,35.0,2,469.0,118.6,726.0,5.04,33.57,RR,0.2
Pranav Malik,39,India,Batter,473.5,20,11959.0,111.1,3.0,7.0,50.14,DC,3.0
Arjun Shetty,22,India,Batter,101.0,4,11002.0,135.7,0.0,6.24,26.05,RCB,3.0
Irfan Patel,30,Sri Lanka,Batter,180.0,7,5161.0,98.7,7.0,7.21,29.45,CSK,3.0
Nikhil Chopra,33,South Africa,Bowler,336.0,13,2485.0,148.1,316.0,6.92,27.75,RCB,1.0
Pranav Verma,25,Sri Lanka,Wicketkeeper,47.0,3,6474.0,122.8,0.0,0.0,36.46,PBKS,5.0
Manoj Naidu,40,Sri Lanka,Batter,295.0,11,13062.0,140.8,13.0,9.06,37.96,DC,0.2
Ankit Singh,34,India,Bowler,222.0,8,1994.0,145.8,532.0,6.55,20.33,LSG,0.5
Harshit Iyer,25,India,Batter,131.0,6,8394.0,149.4,10.0,7.41,45.91,KKR,10.0
Karthik Kulkarni,38,England,Allrounder,34.0,2,6773.0,126.8,87.0,6.9,32.17,CSK,5.0
Arjun Verma,34,Australia,Bowler,251.0,16,1274.0,134.3,456.0,5.98,34.64,SRH,0.2
Rahul Verma,34,Australia,Batter,166.0,7,3842.0,146.7,3.0,8.5,25.41,MI,1.0
Pranav Shetty,42,India,Bowler,100.0,5,1640.0,119.5,628.0,5.72,44.06,DC,0.5
Pranav Shetty,32,West Indies,Allrounder,49.0,2,2111.0,133.4,420.0,5.87,50.71,RR,1.0
Nikhil Naidu,19,India,Wicketkeeper,19.0,1,6303.0,120.1,0.0,0.0,51.89,GT,1.0
Ankit Reddy,38,Australia,Allrounder,217.0,10,4875.0,101.4,282.0,8.48,28.16,GT,0.2
Sameer Shetty,36,South Africa,Batter,259.0,10,7885.0,152.5,0.0,9.33,23.42,KKR,2.0
Sandeep Mehta,20,Sri Lanka,Bowler,36.0,2,3106.0,104.7,590.0,4.06,54.86,DC,5.0
Ankit Mehta,34,England,Batter,162.0,7,14573.0,125.2,5.0,6.63,49.69,LSG,3.0
Vikas Patel,37,South Africa,Wicketkeeper,146.0,5,5914.0,96.2,0.0,0.0,41.16,GT,5.0
Nikhil Malik,40,England,Bowler,47.0,2,1508.0,146.7,802.0,5.05,29.92,MI,0.2
Irfan Yadav,39,India,Bowler,226.0,10,370.0,135.5,464.0,6.61,27.75,KKR,11.0
Arjun Singh,41,West Indies,Batter,243.0,12,12553.0,119.6,13.0,6.12,30.12,SRH,7.0
Sameer Yadav,30,Australia,Wicketkeeper,27.0,1,10215.0,143.5,0.0,0.0,48.01,SRH,7.0
Sandeep Deshmukh,40,England,Wicketkeeper,226.0,9,11425.0,122.4,0.0,0.0,41.23,MI,7.0
Rohan Deshmukh,27,India,Wicketkeeper,43.0,2,3542.0,131.3,0.0,0.0,48.95,PBKS,10.0
Amit Iyer,32,India,Allrounder,18.0,1,4813.0,111.5,329.0,6.49,29.28,RCB,3.0
Sameer Patel,35,Australia,Allrounder,62.0,3,6969.0,121.9,285.0,6.88,35.4,KKR,0.5
Aditya Mehta,30,West Indies,Batter,232.0,12,14370.0,138.1,15.0,6.32,27.48,SRH,3.0
Aditya Iyer,32,India,Batter,143.0,5,9636.0,119.8,9.0,6.69,27.97,PBKS,5.0
Vikas Shetty,39,India,Bowler,473.5,21,3939.0,117.3,729.0,6.22,35.71,CSK,5.0
Aditya Malik,29,India,Wicketkeeper,21.0,1,9309.0,127.2,0.0,0.0,27.12,RCB,3.0
Rahul Mehta,30,South Africa,Wicketkeeper,172.0,8,9635.0,104.3,0.0,0.0,50.81,RR,0.2
Ankit Deshmukh,20,India,Bowler,23.0,1,712.0,119.7,112.0,5.65,21.25,RR,1.5
Pranav Deshmukh,22,Australia,Bowler,49.0,2,2410.0,128.3,637.0,5.89,39.56,KKR,10.0
Aditya Naidu,19,West Indies,Bowler,22.0,1,3649.0,105.6,511.0,6.69,28.83,RR,3.0
Rahul Naidu,33,India,Batter,131.0,6,5453.0,151.8,9.0,8.84,24.76,LSG,3.0
Rohan Verma,26,India,Batter,132.0,7,7019.0,107.9,11.0,7.74,22.1,CSK,1.0
Irfan Reddy,20,South Africa,Allrounder,58.0,2,4016.0,103.6,111.0,6.14,44.85,DC,1.5
Arjun Reddy,30,Sri Lanka,Batter,19.0,1,9219.0,103.6,6.0,7.87,20.32,KKR,10.0
Sameer Mehta,20,England,Wicketkeeper,48.0,2,5087.0,143.5,0.0,0.0,26.17,DC,5.0
Pranav Naidu,38,Australia,Wicketkeeper,101.0,6,7392.0,131.4,0.0,0.0,31.79,RR,7.0
Vikas Khan,37,England,Batter,30.0,2,5931.0,113.9,10.0,8.05,23.04,GT,2.0
Irfan Khan,28,Australia,Bowler,59.0,2,2798.0,106.3,341.0,4.85,34.98,SRH,3.0
Sandeep Iyer,35,West Indies,Wicketkeeper,253.0,13,11882.0,134.5,0.0,0.0,29.23,GT,1.0
Harshit Yadav,18,India,Wicketkeeper,23.0,1,8417.0,95.7,0.0,0.0,38.16,KKR,5.0
Ankit Kulkarni,26,Australia,Batter,179.0,7,6243.0,152.8,4.0,8.12,40.63,LSG,2.0
Rohan Deshmukh,29,Sri Lanka,Batter,46.0,2,11471.0,129.4,14.0,7.65,52.48,PBKS,2.0
Rahul Iyer,36,Australia,Bowler,168.0,11,2388.0,114.4,409.0,7.15,28.3,CSK,5.0
Karthik Kulkarni,27,South Africa,Wicketkeeper,66.0,4,10918.0,110.8,0.0,0.0,37.65,RR,10.0
Arjun Sharma,24,India,Allrounder,30.0,1,3492.0,125.2,83.0,7.6,22.37,CSK,0.2
Ankit Patel,27,Australia,Batter,74.0,4,10096.0,143.4,15.0,8.53,30.13,MI,7.0
Pranav Patel,35,Sri Lanka,Bowler,414.0,14,2246.0,120.6,159.0,6.52,51.12,CSK,1.0
Amit Mehta,35,West Indies,Batter,306.0,15,9934.0,126.5,9.0,8.96,44.2,RR,2.0
Irfan Sharma,22,West Indies,Wicketkeeper,86.0,3,2537.0,148.0,0.0,0.0,37.35,RR,0.2
Vikas Khan,22,England,Bowler,120.0,4,1078.0,140.2,263.0,5.19,27.7,MI,1.0
Manoj Sharma,40,India,Batter,129.0,7,3888.0,146.9,5.0,7.36,45.35,CSK,2.0
Pranav Deshmukh,34,India,Allrounder,382.0,14,4174.0,107.9,465.0,6.41,32.46,DC,0.2
Aditya Patel,22,Australia,Allrounder,55.0,2,2756.0,105.6,53.0,5.99,46.02,MI,2.0
Amit Patel,30,India,Wicketkeeper,137.0,7,7738.0,110.1,0.0,0.0,35.9,DC,10.0
Amit Patel,41,South Africa,Bowler,412.0,19,842.0,153.9,837.0,5.47,33.69,RR,0.2
Sandeep Malik,34,Australia,Bowler,79.0,5,129.0,100.4,407.0,4.3,40.68,RCB,7.0
Sandeep Kulkarni,25,India,Bowler,152.0,7,1547.0,120.1,223.0,6.28,35.11,RCB,2.0
Pranav Deshmukh,38,India,Batter,17.0,1,4865.0,126.0,6.0,6.19,37.67,PBKS,5.0
Vikas Mehta,26,India,Bowler,104.0,5,2628.0,101.2,258.0,4.57,24.33,MI,1.0
Rahul Shetty,29,India,Wicketkeeper,60.0,3,6664.0,101.1,0.0,0.0,41.34,KKR,0.5
Ankit Iyer,28,Australia,Allrounder,128.0,7,5600.0,110.1,244.0,5.69,26.08,KKR,0.5
Manoj Shetty,27,India,Wicketkeeper,108.0,5,10888.0,152.5,0.0,0.0,49.91,CSK,0.2
Rohan Iyer,31,England,Bowler,136.0,7,1791.0,114.7,848.0,4.88,27.35,CSK,0.5
Pranav Khan,32,Australia,Wicketkeeper,311.0,11,11513.0,124.5,0.0,0.0,20.69,KKR,5.0
Nikhil Naidu,38,England,Bowler,283.0,12,3419.0,126.4,872.0,6.55,51.45,KKR,10.0
Manoj Reddy,20,England,Bowler,48.0,2,3469.0,143.2,147.0,4.62,47.72,DC,7.0
Sandeep Singh,26,West Indies,Wicketkeeper,127.0,8,9324.0,102.6,0.0,0.0,33.95,KKR,5.0
Rohan Naidu,31,India,Batter,106.0,5,9624.0,110.3,11.0,6.6,29.21,DC,0.2
Harshit Verma,23,South Africa,Wicketkeeper,65.0,3,6322.0,128.4,0.0,0.0,34.4,RR,1.0
Sandeep Shetty,28,West Indies,Wicketkeeper,116.0,4,8055.0,151.9,0.0,0.0,24.42,PBKS,1.0
Rohan Yadav,41,Sri Lanka,Bowler,238.0,8,2426.0,108.8,234.0,7.7,47.05,RR,1.0
Karthik Patel,27,Sri Lanka,Allrounder,57.0,2,6782.0,103.6,397.0,6.19,50.03,RCB,2.0
Ankit Verma,31,Australia,Bowler,86.0,4,2246.0,134.5,416.0,5.17,39.83,KKR,3.0
Pranav Mehta,34,South Africa,Bowler,410.0,14,414.0,124.7,482.0,5.79,45.63,CSK,1.5
Rohan Mehta,41,India,Bowler,309.0,18,1700.0,135.1,178.0,4.33,51.35,LSG,1.5
Rahul Reddy,29,India,Batter,104.0,4,10567.0,103.4,2.0,6.2,45.08,GT,7.0
Karthik Shetty,18,Sri Lanka,Batter,19.0,1,9218.0,119.2,1.0,7.53,24.79,KKR,7.0
Harshit Malik,33,India,Bowler,250.0,12,2196.0,102.6,708.0,5.93,36.68,CSK,1.0
Arjun Khan,31,South Africa,Batter,213.0,8,7507.0,110.5,6.0,8.67,36.83,RCB,10.0
Rohan Reddy,21,Australia,Batter,29.0,1,9502.0,136.2,5.0,9.47,49.45,KKR,11.0
Aditya Mehta,28,South Africa,Bowler,112.0,5,1410.0,141.1,848.0,5.58,21.42,RCB,1.5
Nikhil Patel,30,India,Bowler,107.0,4,3812.0,107.2,679.0,4.47,34.07,LSG,1.5
Vikas Reddy,36,Australia,Batter,279.0,10,13894.0,115.8,2.0,8.96,42.91,PBKS,2.0
Pranav Reddy,39,Australia,Bowler,96.0,4,1884.0,130.2,170.0,6.7,32.5,RR,11.0
Pranav Sharma,37,West Indies,Wicketkeeper,267.0,14,6079.0,129.6,0.0,0.0,31.98,RR,10.0
Amit Patel,28,India,Batter,70.0,4,8732.0,154.6,0.0,6.29,24.45,RR,0.2
Nikhil Mehta,21,India,Bowler,54.0,2,3089.0,147.7,163.0,4.27,30.56,SRH,1.5
Rohan Verma,24,Sri Lanka,Bowler,59.0,2,2727.0,114.7,509.0,6.47,33.7,KKR,3.0
Pranav Verma,33,India,Bowler,237.0,11,186.0,115.6,656.0,5.0,34.37,GT,2.0
Aditya Sharma,35,South Africa,Batter,261.0,9,12838.0,125.7,6.0,8.52,53.02,MI,0.5
Sameer Chopra,19,India,Allrounder,27.0,1,1585.0,125.2,184.0,5.15,40.45,MI,7.0
Amit Malik,36,India,Batter,47.0,3,5466.0,97.9,13.0,9.22,40.07,SRH,5.0
Sameer Chopra,31,India,Wicketkeeper,58.0,2,3148.0,146.2,0.0,0.0,28.47,CSK,7.0
Rahul Malik,25,Australia,Bowler,77.0,3,3667.0,96.1,840.0,7.33,45.64,KKR,7.0
Sameer Iyer,28,India,Allrounder,115.0,5,3117.0,134.4,78.0,8.27,35.37,CSK,5.0
Nikhil Kulkarni,31,Sri Lanka,Wicketkeeper,18.0,1,5865.0,97.7,0.0,0.0,52.2,MI,2.0
Rahul Singh,35,India,Batter,374.0,13,4415.0,96.7,15.0,7.65,44.14,LSG,3.0
Harshit Deshmukh,21,Australia,Bowler,15.0,1,554.0,102.5,390.0,5.83,27.5,MI,0.5
Sandeep Khan,32,West Indies,Batter,187.0,11,7740.0,129.5,2.0,6.23,41.77,GT,5.0
Irfan Kulkarni,21,England,Wicketkeeper,19.0,1,10439.0,125.3,0.0,0.0,48.6,SRH,0.5
Manoj Naidu,40,England,Bowler,76.0,3,1558.0,131.9,381.0,7.27,20.45,GT,5.0
Vikas Chopra,31,India,Batter,118.0,4,13439.0,120.1,15.0,8.43,39.79,MI,1.0
Rahul Shetty,27,Australia,Wicketkeeper,35.0,2,6587.0,133.9,0.0,0.0,32.26,PBKS,0.2
Ankit Verma,38,India,Batter,105.0,5,4350.0,103.0,10.0,9.21,43.5,CSK,0.5
Manoj Mehta,24,India,Batter,69.0,3,4088.0,150.5,13.0,6.02,23.94,RR,0.2
Ankit Iyer,35,India,Allrounder,262.0,9,7558.0,115.0,199.0,5.33,33.07,DC,5.0
Pranav Singh,20,Sri Lanka,Bowler,17.0,1,3826.0,130.1,804.0,4.81,35.5,SRH,5.0
Arjun Chopra,32,South Africa,Allrounder,249.0,10,6452.0,114.2,184.0,5.12,48.37,DC,2.0
Amit Singh,34,England,Batter,175.0,8,10396.0,138.5,11.0,8.41,44.43,MI,0.5
Ankit Singh,39,Australia,Bowler,232.0,13,3488.0,101.0,268.0,5.18,29.54,GT,0.2
Karthik Iyer,32,South Africa,Batter,199.0,11,13705.0,153.8,11.0,8.91,37.28,RR,0.2
Rohan Reddy,30,Sri Lanka,Batter,92.0,6,13868.0,103.4,1.0,6.03,31.27,CSK,0.5
Rahul Malik,20,India,Allrounder,56.0,2,4597.0,99.5,300.0,7.03,53.02,KKR,10.0
Rohan Sharma,38,Sri Lanka,Bowler,409.0,14,3309.0,149.8,185.0,5.39,47.32,GT,1.0
Manoj Chopra,18,India,Wicketkeeper,23.0,1,4143.0,140.3,0.0,0.0,41.24,PBKS,1.5
Amit Naidu,33,India,Bowler,57.0,3,2054.0,133.3,817.0,6.38,42.01,RR,0.2
Irfan Shetty,21,India,Allrounder,22.0,1,2670.0,154.2,322.0,6.94,45.63,RCB,1.0
Arjun Iyer,22,India,Bowler,47.0,2,1137.0,147.3,562.0,6.95,27.55,SRH,2.0
Ankit Mehta,28,Australia,Bowler,47.0,3,5.0,124.0,359.0,4.32,37.99,PBKS,3.0
Karthik Mehta,20,India,Allrounder,26.0,1,8790.0,121.6,440.0,7.9,39.98,MI,1.0
Sameer Yadav,21,India,Batter,65.0,3,6182.0,97.3,10.0,7.84,41.53,DC,0.2
Sandeep Shetty,42,India,Bowler,436.0,15,31.0,104.5,877.5,7.15,40.8,GT,1.5
Pranav Deshmukh,31,Sri Lanka,Batter,146.0,5,3670.0,104.9,14.0,8.08,24.32,DC,1.0
Sandeep Khan,34,India,Batter,228.0,8,4192.0,118.6,0.0,9.43,27.96,GT,0.5
Sameer Malik,27,India,Allrounder,39.0,2,2132.0,135.1,353.0,5.6,41.33,DC,11.0
Sameer Kulkarni,28,Australia,Batter,75.0,3,12104.0,100.3,13.0,8.25,51.27,SRH,3.0
Arjun Sharma,32,India,Bowler,140.0,5,2761.0,113.8,648.0,5.48,36.18,RCB,3.0
Manoj Yadav,37,Sri Lanka,Batter,236.0,8,12162.0,146.8,0.0,7.37,52.52,DC,2.0
Arjun Mehta,39,India,Wicketkeeper,132.0,8,6135.0,113.2,0.0,0.0,50.24,MI,2.0
Rohan Khan,39,South Africa,Wicketkeeper,473.5,20,2725.0,141.9,0.0,0.0,52.58,KKR,3.0
Ankit Khan,28,England,Allrounder,165.0,6,6187.0,129.6,196.0,5.86,29.61,LSG,5.0
Sandeep Mehta,40,South Africa,Allrounder,28.0,1,6140.0,95.3,366.0,7.88,39.77,CSK,5.0
Sameer Iyer,19,West Indies,Allrounder,28.0,1,1621.0,114.4,233.0,6.19,42.57,GT,0.5
Ankit Reddy,20,India,Wicketkeeper,22.0,1,9911.0,146.1,0.0,0.0,41.32,LSG,2.0
Karthik Khan,42,India,Allrounder,237.0,9,4107.0,110.9,113.0,7.99,38.18,CSK,2.0
Sameer Yadav,32,West Indies,Batter,113.0,7,7896.0,95.7,1.0,7.58,39.49,RR,10.0
Pranav Sharma,22,Australia,Bowler,57.0,3,1961.0,130.5,820.0,6.51,45.77,GT,3.0
Pranav Mehta,30,Australia,Bowler,218.0,10,1234.0,99.0,550.0,6.17,24.08,RR,3.0
Ankit Shetty,42,West Indies,Bowler,312.0,16,2766.0,111.5,268.0,6.27,22.79,CSK,0.2
Sameer Verma,25,India,Bowler,128.0,6,2098.0,128.3,84.0,5.63,31.51,RCB,3.0
Rahul Naidu,42,Australia,Allrounder,33.0,2,7399.0,133.6,209.0,7.52,31.65,RCB,0.2
Nikhil Patel,28,West Indies,Wicketkeeper,81.0,4,7666.0,140.3,0.0,0.0,42.7,DC,1.5
Manoj Iyer,32,South Africa,Batter,76.0,5,5656.0,128.2,8.0,8.23,20.4,LSG,0.5
Amit Yadav,23,India,Wicketkeeper,87.0,3,4865.0,136.8,0.0,0.0,33.16,KKR,5.0
Ankit Iyer,37,India,Allrounder,247.0,11,6743.0,144.1,315.0,8.3,40.57,KKR,0.5
Amit Verma,22,India,Bowler,98.0,4,1782.0,107.2,481.0,4.96,31.91,CSK,1.5
Karthik Iyer,23,Sri Lanka,Batter,112.0,5,5571.0,112.8,4.0,7.67,38.02,MI,10.0
Rahul Reddy,22,West Indies,Allrounder,20.0,1,8915.0,153.7,101.0,5.58,23.78,LSG,0.5
Nikhil Iyer,29,South Africa,Bowler,319.0,11,859.0,149.8,566.0,7.54,38.39,RR,2.0
Sandeep Malik,18,India,Bowler,21.0,1,496.0,121.2,316.0,6.75,42.05,DC,2.0
Rohan Chopra,36,India,Batter,113.0,6,5477.0,113.1,1.0,7.19,40.24,DC,0.2
Rahul Mehta,31,India,Batter,36.0,2,9122.0,129.8,7.0,7.74,30.03,KKR,7.0
Rahul Mehta,33,India,Wicketkeeper,164.0,10,2855.0,117.0,0.0,0.0,22.94,CSK,0.2
Manoj Patel,23,India,Allrounder,98.0,5,8395.0,110.2,214.0,5.18,22.6,RR,2.0
Aditya Naidu,30,West Indies,Allrounder,274.0,12,4399.0,143.8,347.0,5.36,21.36,MI,3.0
Nikhil Mehta,27,India,Wicketkeeper,15.0,1,7180.0,134.5,0.0,0.0,29.54,RCB,3.0
Sandeep Deshmukh,42,India,Bowler,278.0,12,2666.0,124.1,722.0,7.31,30.7,KKR,5.0
Rohan Singh,32,Australia,Batter,176.0,8,7717.0,117.9,7.0,7.81,39.75,RR,1.0
Nikhil Verma,32,India,Batter,18.0,1,4315.0,154.8,14.0,6.4,34.89,DC,0.2
Aditya Reddy,33,India,Wicketkeeper,149.0,7,5396.0,115.9,0.0,0.0,44.86,DC,5.0
Rahul Iyer,39,India,Wicketkeeper,381.0,16,3917.0,116.8,0.0,0.0,49.16,CSK,3.0
Karthik Chopra,40,South Africa,Allrounder,352.0,21,8030.0,138.2,409.0,6.59,23.76,CSK,7.0
Sandeep Yadav,37,India,Bowler,42.0,2,1959.0,139.1,721.0,7.22,27.41,MI,7.0
Manoj Kulkarni,35,South Africa,Batter,277.0,15,8493.0,114.0,7.0,6.51,54.16,LSG,7.0
Pranav Naidu,22,West Indies,Bowler,41.0,2,2399.0,122.4,239.0,4.98,21.05,MI,2.0
Irfan Kulkarni,20,Australia,Wicketkeeper,26.0,1,9284.0,118.8,0.0,0.0,40.0,GT,1.5
Rahul Verma,25,Australia,Batter,72.0,4,3353.0,126.0,1.0,9.34,48.67,RCB,7.0
Irfan Singh,18,West Indies,Wicketkeeper,19.0,1,6486.0,127.8,0.0,0.0,21.43,KKR,2.0
Sandeep Verma,40,England,Bowler,83.0,3,2698.0,129.5,721.0,5.2,53.27,RR,0.5
Nikhil Yadav,34,Sri Lanka,Wicketkeeper,388.0,13,11271.0,146.5,0.0,0.0,27.99,RCB,7.0
Karthik Kulkarni,40,India,Batter,262.0,9,9762.0,107.1,10.0,6.77,52.29,GT,10.0
Sameer Yadav,36,India,Allrounder,47.0,3,2272.0,141.5,90.0,7.98,33.75,GT,2.0
Irfan Reddy,42,India,Batter,244.0,9,9437.0,122.9,9.0,7.77,28.87,DC,0.2
Irfan Shetty,23,England,Wicketkeeper,64.0,4,4867.0,125.3,0.0,0.0,21.07,KKR,1.5
Ankit Singh,33,India,Allrounder,76.0,3,8335.0,148.2,227.0,5.46,46.31,KKR,7.0
Sameer Shetty,39,Sri Lanka,Allrounder,300.0,13,3631.0,126.0,310.0,6.48,32.95,RR,10.0
Nikhil Reddy,32,India,Allrounder,206.0,9,8169.0,142.1,450.0,7.59,46.71,RCB,0.5
Irfan Patel,36,Australia,Allrounder,254.0,10,6623.0,107.3,110.0,7.53,31.83,CSK,0.2
Nikhil Iyer,28,South Africa,Wicketkeeper,25.0,1,8776.0,123.2,0.0,0.0,31.58,PBKS,10.0
Sandeep Malik,35,South Africa,Batter,197.0,11,10328.0,114.8,13.0,8.64,24.84,CSK,1.5
Nikhil Yadav,40,India,Bowler,397.0,16,1805.0,153.8,678.0,5.52,27.91,DC,3.0
Pranav Khan,42,India,Allrounder,114.0,7,2573.0,121.0,334.0,7.14,22.49,SRH,11.0
Irfan Shetty,21,India,Wicketkeeper,35.0,2,4914.0,124.3,0.0,0.0,44.58,DC,0.2
Karthik Chopra,24,Australia,Wicketkeeper,67.0,3,10573.0,125.8,0.0,0.0,50.52,CSK,5.0
Irfan Khan,41,England,Wicketkeeper,344.0,19,11015.0,112.3,0.0,0.0,23.02,RCB,0.2
Amit Yadav,27,West Indies,Wicketkeeper,19.0,1,4033.0,151.2,0.0,0.0,33.24,KKR,1.5
Harshit Yadav,27,Sri Lanka,Bowler,202.0,8,2994.0,142.5,239.0,6.19,31.35,KKR,7.0
Ankit Patel,40,Sri Lanka,Allrounder,42.0,2,7774.0,103.1,413.0,7.51,30.2,RR,2.0
Vikas Reddy,32,India,Wicketkeeper,28.0,1,5784.0,103.7,0.0,0.0,48.39,KKR,11.0
Sandeep Khan,18,India,Batter,16.0,1,14797.0,138.0,9.0,6.78,53.02,RCB,3.0
Manoj Malik,34,West Indies,Bowler,187.0,9,838.0,127.4,850.0,6.01,36.14,SRH,1.5
Pranav Mehta,24,India,Wicketkeeper,120.0,4,10847.0,114.6,0.0,0.0,36.65,RR,1.0
Karthik Deshmukh,23,India,Wicketkeeper,123.0,5,2642.0,131.2,0.0,0.0,54.51,MI,1.5
Sameer Reddy,28,India,Allrounder,78.0,5,6106.0,146.7,229.0,8.28,51.12,PBKS,1.5
Rahul Malik,31,India,Batter,108.0,5,13184.0,134.4,11.0,7.64,51.33,KKR,0.2
Ankit Sharma,42,India,Bowler,51.0,3,3681.0,152.7,419.0,5.49,34.55,CSK,1.5
Karthik Singh,27,India,Batter,174.0,7,3799.0,137.6,6.0,8.1,53.27,GT,2.0
Rohan Kulkarni,34,India,Allrounder,39.0,2,2003.0,139.8,179.0,5.86,38.23,MI,5.0
Manoj Reddy,25,England,Allrounder,17.0,1,7128.0,141.6,149.0,5.94,39.33,GT,5.0
Rohan Chopra,28,Sri Lanka,Batter,79.0,4,10505.0,114.4,10.0,8.31,36.84,KKR,5.0
Vikas Sharma,29,India,Batter,161.0,9,9607.0,119.3,10.0,8.16,26.94,PBKS,0.2
Rahul Naidu,30,West Indies,Wicketkeeper,108.0,5,3091.0,152.7,0.0,0.0,37.9,LSG,0.5
Sameer Naidu,20,South Africa,Bowler,21.0,1,1981.0,119.7,798.0,6.79,32.43,MI,5.0
Rahul Singh,21,South Africa,Batter,43.0,2,11476.0,119.6,13.0,7.43,39.05,GT,2.0
Irfan Malik,21,Sri Lanka,Wicketkeeper,26.0,1,11988.0,127.6,0.0,0.0,37.4,RR,0.2
Pranav Yadav,41,South Africa,Bowler,378.0,22,1951.0,124.8,122.0,4.51,25.92,RCB,7.0
Ankit Chopra,41,England,Batter,213.0,11,7187.0,151.0,11.0,6.44,41.17,KKR,7.0
Nikhil Singh,38,England,Batter,473.5,18,14560.0,119.1,4.0,8.31,51.81,RR,3.0
Ankit Yadav,35,West Indies,Bowler,221.0,12,1156.0,141.2,243.0,6.42,32.9,KKR,0.2
Rahul Naidu,30,England,Bowler,176.0,7,177.0,144.2,148.0,7.65,49.89,LSG,7.0
Sameer Reddy,39,West Indies,Allrounder,289.0,11,6454.0,111.3,484.0,5.6,30.0,RR,3.0
Amit Iyer,24,England,Bowler,21.0,1,645.0,146.3,553.0,5.03,21.12,GT,7.0
Manoj Mehta,23,India,Wicketkeeper,76.0,4,7688.0,99.6,0.0,0.0,29.59,GT,5.0
Sandeep Singh,20,West Indies,Batter,41.0,2,7912.0,108.9,13.0,6.7,47.93,RCB,7.0
Harshit Chopra,21,India,Batter,15.0,1,11768.0,95.3,15.0,7.97,35.03,LSG,2.0
Harshit Malik,22,West Indies,Wicketkeeper,20.0,1,10426.0,119.5,0.0,0.0,23.99,KKR,0.5
Sameer Deshmukh,33,India,Wicketkeeper,232.0,8,10712.0,135.6,0.0,0.0,44.57,MI,5.0
Sandeep Deshmukh,27,West Indies,Allrounder,69.0,3,3125.0,138.7,40.0,7.52,20.0,LSG,3.0
Amit Naidu,42,India,Batter,337.0,20,3787.0,143.9,4.0,9.34,51.64,MI,5.0
Vikas Verma,40,Sri Lanka,Bowler,190.0,9,3639.0,151.0,774.0,4.06,48.34,SRH,0.5
Irfan Malik,19,Sri Lanka,Wicketkeeper,18.0,1,9499.0,145.2,0.0,0.0,23.27,LSG,0.5
Rahul Reddy,21,South Africa,Wicketkeeper,67.0,3,9033.0,139.3,0.0,0.0,53.6,DC,10.0
Rohan Sharma,30,South Africa,Wicketkeeper,187.0,8,6342.0,135.7,0.0,0.0,39.97,PBKS,5.0
Amit Sharma,24,England,Allrounder,54.0,3,2822.0,121.6,461.0,8.31,40.98,PBKS,10.0
Pranav Deshmukh,27,India,Wicketkeeper,74.0,3,5781.0,123.6,0.0,0.0,52.65,DC,5.0
Irfan Patel,40,India,Bowler,123.0,6,998.0,125.1,718.0,4.29,44.04,PBKS,3.0
Amit Singh,40,Sri Lanka,Wicketkeeper,22.0,1,9403.0,142.5,0.0,0.0,40.41,SRH,5.0
Karthik Shetty,19,India,Allrounder,17.0,1,8937.0,151.5,208.0,8.18,22.25,PBKS,10.0
Rahul Reddy,19,South Africa,Batter,15.0,1,3503.0,96.4,1.0,7.41,31.53,RCB,3.0
Arjun Mehta,22,Australia,Allrounder,114.0,4,5339.0,149.6,212.0,6.88,49.63,KKR,3.0
Vikas Singh,37,West Indies,Bowler,353.0,15,2923.0,100.6,291.0,4.48,40.62,SRH,0.5
Nikhil Iyer,29,Australia,Batter,193.0,8,9601.0,111.0,15.0,7.86,51.48,MI,2.0
Manoj Yadav,36,South Africa,Allrounder,85.0,3,4673.0,119.2,476.0,8.25,51.16,GT,5.0
Amit Khan,27,India,Bowler,120.0,4,3890.0,139.2,586.0,5.46,36.66,KKR,1.0
Manoj Singh,40,West Indies,Wicketkeeper,93.0,5,7585.0,102.4,0.0,0.0,52.48,RCB,0.5
Rohan Malik,30,India,Allrounder,262.0,9,6987.0,139.1,105.0,6.59,32.85,PBKS,1.0
Harshit Sharma,27,India,Batter,27.0,1,13880.0,101.0,1.0,6.07,37.37,RCB,1.0
Harshit Sharma,20,India,Wicketkeeper,48.0,2,2894.0,136.4,0.0,0.0,31.72,DC,0.5
Vikas Malik,35,Sri Lanka,Allrounder,194.0,11,4782.0,136.9,373.0,7.43,44.64,RCB,2.0
Sameer Kulkarni,24,India,Batter,130.0,6,9894.0,149.9,6.0,7.72,37.12,KKR,10.0
Harshit Sharma,30,India,Bowler,164.0,10,2958.0,107.0,118.0,5.71,30.77,MI,2.0
Rahul Chopra,36,West Indies,Bowler,33.0,2,2978.0,133.0,83.0,4.16,28.7,LSG,0.5
Sandeep Chopra,27,England,Batter,206.0,9,4056.0,141.2,10.0,7.06,31.45,KKR,0.2
Nikhil Deshmukh,35,India,Batter,123.0,6,14571.0,105.1,7.0,6.85,47.12,KKR,5.0
Manoj Patel,38,South Africa,Wicketkeeper,325.0,15,5291.0,102.8,0.0,0.0,35.88,KKR,1.5
Sandeep Iyer,35,West Indies,Batter,17.0,1,8714.0,136.2,9.0,7.77,42.16,RR,7.0
Harshit Naidu,42,England,Allrounder,408.0,15,3304.0,97.7,77.0,7.84,30.38,CSK,5.0
Pranav Chopra,20,India,Allrounder,15.0,1,8561.0,103.8,353.0,5.98,30.12,KKR,7.0
Nikhil Naidu,31,West Indies,Bowler,157.0,8,571.0,126.3,176.0,5.18,43.23,PBKS,1.0
Sandeep Kulkarni,35,India,Allrounder,90.0,4,4843.0,138.2,415.0,6.33,31.77,RR,5.0
Harshit Deshmukh,29,South Africa,Batter,289.0,11,9998.0,127.5,15.0,7.02,20.83,MI,1.0
Karthik Reddy,40,West Indies,Wicketkeeper,94.0,4,6051.0,99.8,0.0,0.0,34.63,RCB,10.0
Arjun Chopra,31,India,Wicketkeeper,65.0,4,8996.0,151.6,0.0,0.0,45.25,DC,3.0
Karthik Khan,42,India,Bowler,473.5,21,650.0,145.8,268.0,4.33,45.63,RR,1.5
Karthik Chopra,31,India,Wicketkeeper,177.0,7,5690.0,131.7,0.0,0.0,48.71,GT,1.0
Rahul Reddy,32,India,Wicketkeeper,212.0,11,11516.0,119.2,0.0,0.0,27.75,DC,0.5
Karthik Verma,38,India,Batter,462.0,20,12266.0,127.9,3.0,7.79,38.84,PBKS,5.0
Nikhil Naidu,22,Sri Lanka,Allrounder,54.0,3,5053.0,151.9,205.0,6.98,51.58,LSG,0.5
Rohan Sharma,37,India,Wicketkeeper,473.0,16,11626.0,147.5,0.0,0.0,48.05,GT,3.0
Ankit Sharma,29,Australia,Batter,166.0,9,10222.0,100.9,3.0,9.3,29.28,MI,1.0
Karthik Chopra,42,India,Allrounder,341.0,13,2073.0,145.8,461.0,6.73,37.68,PBKS,5.0
Ankit Shetty,22,West Indies,Wicketkeeper,79.0,3,9731.0,139.9,0.0,0.0,24.86,MI,7.0
Arjun Reddy,20,India,Allrounder,26.0,1,7839.0,138.9,62.0,5.88,25.77,CSK,7.0
Rohan Mehta,18,West Indies,Allrounder,29.0,1,6097.0,110.9,467.0,6.23,32.25,RCB,7.0
Amit Kulkarni,33,India,Wicketkeeper,108.0,6,5714.0,137.5,0.0,0.0,32.87,KKR,0.5
Aditya Khan,18,England,Batter,15.0,1,4045.0,101.0,12.0,7.94,48.18,RCB,0.2
Rohan Iyer,38,India,Wicketkeeper,42.0,2,8146.0,117.2,0.0,0.0,42.7,PBKS,5.0
Vikas Malik,22,South Africa,Bowler,49.0,2,863.0,107.6,201.0,6.76,50.96,KKR,1.5
Manoj Iyer,38,India,Batter,473.5,18,13468.0,120.7,6.0,8.16,26.38,CSK,2.0
Harshit Iyer,18,South Africa,Allrounder,19.0,1,3626.0,140.3,399.0,8.3,27.28,RR,0.2
Vikas Naidu,36,India,Allrounder,403.0,15,8127.0,143.6,207.0,6.18,44.35,SRH,1.0
Harshit Kulkarni,33,Australia,Batter,325.0,15,13868.0,121.5,11.0,8.68,45.08,SRH,0.2
Rohan Sharma,31,West Indies,Wicketkeeper,291.0,11,5912.0,118.2,0.0,0.0,27.39,RR,10.0
Rohan Singh,29,Australia,Allrounder,249.0,11,7435.0,153.6,73.0,7.21,30.87,KKR,1.0
Sameer Chopra,26,South Africa,Wicketkeeper,150.0,7,10923.0,122.7,0.0,0.0,43.59,GT,3.0
Arjun Yadav,24,West Indies,Allrounder,119.0,6,6917.0,145.6,220.0,6.9,46.66,SRH,0.2
Pranav Iyer,38,Sri Lanka,Wicketkeeper,380.0,18,9613.0,98.5,0.0,0.0,54.94,RR,5.0
Vikas Iyer,30,Sri Lanka,Allrounder,135.0,5,4489.0,146.8,308.0,7.63,42.79,CSK,1.5
Vikas Iyer,33,West Indies,Allrounder,21.0,1,6881.0,101.7,464.0,8.0,32.17,RR,10.0
Vikas Malik,38,England,Allrounder,143.0,9,4416.0,107.1,52.0,8.07,22.74,RR,10.0
Ankit Shetty,42,England,Allrounder,376.0,22,6381.0,145.1,129.0,7.76,25.69,CSK,1.5
Karthik Iyer,35,India,Wicketkeeper,252.0,9,5728.0,146.3,0.0,0.0,44.04,CSK,10.0
Nikhil Sharma,26,Sri Lanka,Bowler,59.0,3,3746.0,144.8,836.0,5.98,34.67,LSG,11.0
Irfan Mehta,33,Australia,Bowler,387.0,15,3229.0,112.1,433.0,4.74,37.68,DC,7.0
Vikas Chopra,39,India,Batter,473.5,21,5256.0,143.3,10.0,7.86,47.7,CSK,7.0
Ankit Sharma,35,India,Batter,256.0,12,8627.0,141.8,0.0,8.03,26.71,RCB,1.0
Rohan Yadav,39,India,Batter,98.0,6,5281.0,147.4,14.0,6.18,22.64,DC,3.0
Irfan Yadav,37,England,Bowler,183.0,9,322.0,136.7,877.5,4.94,34.33,LSG,0.2
Sandeep Yadav,41,India,Batter,77.0,4,5733.0,112.9,12.0,9.07,20.42,DC,0.2
Irfan Verma,29,West Indies,Wicketkeeper,72.0,3,8730.0,113.0,0.0,0.0,40.23,RCB,11.0
Aditya Sharma,23,England,Batter,76.0,3,6660.0,127.1,6.0,7.32,50.68,GT,1.5
Rohan Singh,35,Australia,Allrounder,341.0,12,7698.0,111.0,260.0,8.19,36.17,MI,5.0
Ankit Patel,19,Sri Lanka,Bowler,24.0,1,1409.0,151.9,446.0,6.09,54.95,MI,7.0
Aditya Sharma,28,India,Wicketkeeper,90.0,4,5555.0,109.1,0.0,0.0,45.44,RR,7.0
Karthik Yadav,35,Sri Lanka,Wicketkeeper,76.0,4,8812.0,117.7,0.0,0.0,20.28,KKR,11.0
Pranav Singh,21,England,Batter,28.0,1,14782.0,122.6,5.0,6.03,37.09,LSG,1.0
Sameer Patel,42,South Africa,Allrounder,217.0,14,5708.0,136.2,171.0,5.08,30.29,RCB,0.2
Manoj Iyer,34,India,Wicketkeeper,87.0,4,11855.0,128.6,0.0,0.0,30.53,CSK,2.0
Vikas Sharma,25,England,Wicketkeeper,17.0,1,9640.0,105.0,0.0,0.0,34.25,KKR,0.5
Rohan Singh,41,England,Batter,424.0,16,13085.0,127.1,4.0,6.81,26.96,CSK,0.2
Vikas Kulkarni,22,India,Wicketkeeper,120.0,4,6027.0,125.5,0.0,0.0,25.51,MI,1.5
Rohan Chopra,26,India,Batter,102.0,4,7780.0,140.2,4.0,8.35,23.86,DC,7.0
Nikhil Malik,19,South Africa,Allrounder,24.0,1,4500.0,99.3,63.0,6.64,40.94,KKR,3.0
Harshit Deshmukh,39,India,Bowler,106.0,5,1045.0,126.7,215.0,5.0,38.11,KKR,1.0
Karthik Reddy,33,India,Allrounder,167.0,6,6494.0,127.9,72.0,8.24,40.4,LSG,5.0
Rohan Mehta,21,Australia,Allrounder,85.0,3,3619.0,151.9,139.0,6.41,47.2,CSK,1.0
Vikas Reddy,20,England,Allrounder,22.0,1,8998.0,145.7,447.0,6.0,35.13,PBKS,0.2
Pranav Mehta,20,Sri Lanka,Bowler,18.0,1,2777.0,144.4,737.0,7.15,26.61,LSG,7.0
Manoj Iyer,21,India,Batter,60.0,2,14028.0,112.4,14.0,8.45,30.41,PBKS,3.0
Sameer Shetty,37,India,Wicketkeeper,132.0,5,6000.0,112.8,0.0,0.0,45.39,DC,7.0
Irfan Reddy,23,India,Batter,81.0,5,14979.0,95.1,15.0,6.8,45.03,RCB,0.2
Sandeep Patel,25,West Indies,Bowler,136.0,7,1626.0,101.3,660.0,4.65,28.31,PBKS,7.0
Vikas Kulkarni,20,South Africa,Wicketkeeper,54.0,2,10430.0,117.8,0.0,0.0,36.66,LSG,3.0
Sandeep Mehta,21,Sri Lanka,Allrounder,30.0,1,1508.0,153.2,266.0,5.16,45.06,GT,3.0
Irfan Mehta,38,India,Allrounder,245.0,10,8572.0,114.1,140.0,6.13,35.7,PBKS,3.0
Ankit Sharma,19,India,Allrounder,15.0,1,2572.0,103.8,437.0,7.19,26.61,CSK,10.0
Arjun Naidu,38,India,Bowler,249.0,13,3050.0,110.4,397.0,7.27,33.31,GT,3.0
Sandeep Mehta,38,West Indies,Batter,282.0,12,10415.0,134.8,12.0,9.05,31.96,DC,3.0
Rohan Sharma,19,India,Batter,23.0,1,9686.0,96.2,14.0,8.39,45.75,PBKS,11.0
Pranav Patel,39,India,Allrounder,241.0,12,7961.0,143.8,257.0,6.7,53.41,GT,5.0
Amit Patel,35,West Indies,Batter,322.0,17,10313.0,149.6,5.0,9.24,37.93,KKR,2.0
Rahul Yadav,20,Australia,Allrounder,27.0,1,1992.0,122.9,91.0,6.26,44.15,KKR,5.0
Sandeep Sharma,35,India,Bowler,287.0,10,2693.0,107.4,640.0,7.36,52.14,MI,1.5
Sandeep Sharma,23,India,Bowler,88.0,3,2995.0,153.7,158.0,7.1,50.81,GT,1.0
Arjun Patel,42,India,Wicketkeeper,473.5,22,2648.0,111.8,0.0,0.0,23.71,RR,3.0
Pranav Deshmukh,25,India,Batter,123.0,5,12834.0,112.5,0.0,6.39,41.5,LSG,10.0
Pranav Naidu,32,Sri Lanka,Allrounder,227.0,12,1878.0,149.0,61.0,7.82,41.83,RR,10.0
Rahul Verma,18,India,Bowler,30.0,1,3740.0,106.2,89.0,4.02,23.49,MI,1.5
Vikas Verma,32,England,Wicketkeeper,57.0,2,2951.0,116.8,0.0,0.0,37.55,GT,3.0
Rahul Iyer,38,Sri Lanka,Allrounder,273.0,18,5834.0,115.9,230.0,5.15,26.27,KKR,0.5
Nikhil Verma,20,England,Batter,23.0,1,8953.0,122.9,13.0,8.26,37.34,SRH,11.0
Nikhil Reddy,37,England,Bowler,339.0,16,3369.0,152.4,197.0,5.63,27.52,DC,11.0
Manoj Naidu,37,India,Wicketkeeper,146.0,6,9809.0,126.0,0.0,0.0,45.76,MI,5.0
Aditya Shetty,41,West Indies,Batter,473.5,22,5316.0,150.7,13.0,7.95,33.23,GT,7.0
Manoj Patel,25,South Africa,Allrounder,123.0,5,7859.0,100.3,265.0,6.62,41.31,RCB,5.0
Ankit Singh,35,India,Batter,178.0,8,4612.0,104.6,6.0,7.01,39.06,LSG,3.0
Aditya Verma,35,India,Wicketkeeper,326.0,17,6062.0,126.9,0.0,0.0,22.66,CSK,0.2
Pranav Reddy,39,Australia,Allrounder,467.0,21,7950.0,132.4,240.0,7.44,26.62,MI,2.0
Manoj Yadav,30,India,Wicketkeeper,63.0,3,4309.0,123.2,0.0,0.0,45.21,KKR,5.0
Harshit Patel,20,India,Wicketkeeper,50.0,2,4175.0,126.8,0.0,0.0,33.84,SRH,5.0
Arjun Yadav,29,South Africa,Allrounder,79.0,3,7538.0,131.6,255.0,6.13,52.87,MI,1.5
Karthik Sharma,24,South Africa,Allrounder,80.0,4,4589.0,99.5,315.0,7.35,36.12,SRH,11.0
Sameer Sharma,36,South Africa,Wicketkeeper,336.0,13,11654.0,148.4,0.0,0.0,23.31,KKR,0.5
Amit Verma,42,India,Batter,182.0,8,14188.0,151.9,7.0,9.46,22.74,GT,2.0
Aditya Malik,30,England,Bowler,327.0,12,3995.0,116.8,265.0,7.55,49.56,MI,5.0
Pranav Kulkarni,41,Sri Lanka,Batter,82.0,5,9280.0,121.5,10.0,7.46,42.2,RCB,5.0
Rahul Sharma,37,India,Allrounder,168.0,8,7585.0,97.0,391.0,7.71,40.76,SRH,5.0
Arjun Naidu,22,India,Batter,20.0,1,7600.0,115.8,15.0,6.65,32.18,RCB,1.0
Amit Patel,21,India,Bowler,73.0,3,2852.0,115.0,677.0,5.78,23.76,GT,0.5
Irfan Malik,42,England,Batter,368.0,13,10343.0,97.0,8.0,6.51,36.46,LSG,3.0
Nikhil Mehta,36,India,Allrounder,320.0,16,2820.0,101.9,484.0,8.34,53.12,LSG,3.0
Rahul Patel,22,West Indies,Wicketkeeper,28.0,1,8000.0,139.0,0.0,0.0,42.31,SRH,0.5
Arjun Mehta,31,India,Batter,91.0,6,10088.0,144.6,2.0,8.26,23.74,GT,5.0
Manoj Malik,33,India,Allrounder,86.0,4,3139.0,136.8,464.0,6.77,40.54,KKR,2.0
Ankit Malik,21,Sri Lanka,Wicketkeeper,20.0,1,9289.0,145.0,0.0,0.0,22.53,DC,5.0
Nikhil Reddy,21,Sri Lanka,Allrounder,59.0,2,6092.0,127.0,299.0,7.42,33.27,KKR,7.0
Arjun Malik,20,India,Bowler,27.0,1,2172.0,132.2,250.0,5.29,51.18,PBKS,0.5
Harshit Yadav,40,Sri Lanka,Batter,32.0,2,9979.0,144.5,15.0,7.74,34.08,CSK,0.2
Rahul Reddy,29,India,Bowler,86.0,4,3772.0,98.7,203.0,4.39,21.8,KKR,7.0
Nikhil Malik,25,England,Wicketkeeper,23.0,1,11976.0,117.8,0.0,0.0,31.8,GT,3.0
Aditya Mehta,19,India,Allrounder,30.0,1,7009.0,139.6,123.0,7.51,21.78,CSK,5.0
Ankit Chopra,37,West Indies,Allrounder,237.0,12,4299.0,111.5,395.0,5.77,39.17,DC,7.0
Sandeep Naidu,31,India,Batter,98.0,4,13356.0,103.0,4.0,6.51,53.03,SRH,7.0
Rahul Naidu,22,India,Allrounder,83.0,3,7239.0,105.8,418.0,7.81,34.23,SRH,11.0
Pranav Deshmukh,23,Sri Lanka,Batter,71.0,3,5940.0,142.5,3.0,7.24,37.86,SRH,3.0
Manoj Shetty,40,India,Bowler,179.0,6,2220.0,139.3,484.0,4.49,33.89,CSK,2.0
Ankit Verma,25,India,Allrounder,146.0,5,3561.0,117.5,202.0,5.92,37.42,MI,2.0
Manoj Yadav,25,India,Allrounder,15.0,1,8829.0,109.5,435.0,6.2,33.95,CSK,0.5
Arjun Kulkarni,33,India,Wicketkeeper,300.0,10,9522.0,96.2,0.0,0.0,47.04,DC,3.0
Ankit Khan,40,West Indies,Allrounder,473.5,22,2610.0,97.6,362.0,5.6,42.88,PBKS,1.0
Aditya Patel,26,Sri Lanka,Bowler,21.0,1,1346.0,143.8,746.0,6.94,37.27,LSG,10.0
Manoj Chopra,42,India,Wicketkeeper,58.0,3,6035.0,107.3,0.0,0.0,45.8,MI,3.0
Sameer Reddy,37,India,Bowler,362.0,16,2836.0,109.8,219.0,6.66,51.62,LSG,3.0
Aditya Verma,21,India,Bowler,39.0,2,543.0,154.0,746.0,4.4,50.11,CSK,1.5
Rahul Deshmukh,23,West Indies,Allrounder,58.0,2,7987.0,151.3,469.0,7.41,45.28,PBKS,0.2
Manoj Kulkarni,41,India,Batter,213.0,8,6845.0,121.5,13.0,6.67,22.5,KKR,0.2
Rahul Khan,28,India,Batter,114.0,5,7754.0,139.5,8.0,7.36,33.53,GT,2.0
Sandeep Kulkarni,23,India,Allrounder,89.0,3,3789.0,130.7,165.0,6.16,50.53,CSK,0.2
Aditya Mehta,42,Sri Lanka,Batter,285.0,12,8751.0,118.1,2.0,6.17,25.54,SRH,3.0
Pranav Patel,21,South Africa,Wicketkeeper,62.0,3,2632.0,136.7,0.0,0.0,23.7,DC,10.0
Rahul Verma,37,England,Allrounder,383.0,19,6587.0,112.2,316.0,7.33,26.96,LSG,10.0
Karthik Sharma,37,Australia,Bowler,85.0,3,549.0,96.1,387.0,7.56,35.32,DC,5.0
Arjun Khan,28,South Africa,Batter,57.0,2,4246.0,124.0,2.0,6.08,37.54,RCB,0.5
Manoj Singh,18,Australia,Allrounder,20.0,1,7638.0,102.9,335.0,6.13,33.17,PBKS,10.0
Pranav Iyer,36,Sri Lanka,Batter,138.0,6,14651.0,141.9,12.0,8.35,38.58,KKR,10.0
Nikhil Iyer,31,England,Wicketkeeper,209.0,10,6296.0,130.4,0.0,0.0,27.02,RCB,0.5
Nikhil Verma,35,India,Batter,355.0,13,11876.0,104.7,6.0,7.01,28.73,MI,5.0
Harshit Shetty,37,India,Bowler,23.0,1,2677.0,126.2,726.0,4.85,39.69,SRH,1.0
Manoj Reddy,22,West Indies,Batter,57.0,3,7426.0,106.7,13.0,9.31,42.46,RCB,7.0
Pranav Chopra,24,India,Allrounder,60.0,2,3450.0,128.6,171.0,7.86,28.93,GT,11.0
Rahul Deshmukh,24,South Africa,Allrounder,87.0,4,8893.0,97.4,353.0,5.92,30.69,GT,0.2
Harshit Shetty,26,Australia,Wicketkeeper,20.0,1,7157.0,139.7,0.0,0.0,21.66,DC,10.0
Manoj Mehta,25,West Indies,Bowler,132.0,6,1407.0,137.4,101.0,4.83,47.39,RCB,3.0
Ankit Malik,32,England,Bowler,95.0,5,3989.0,136.9,857.0,5.73,33.58,CSK,11.0
Nikhil Verma,35,India,Allrounder,382.0,17,6163.0,118.9,258.0,5.56,40.3,LSG,2.0
Ankit Yadav,37,India,Allrounder,330.0,14,4816.0,99.1,208.0,8.32,37.76,DC,7.0
Rahul Shetty,19,West Indies,Wicketkeeper,21.0,1,2574.0,114.7,0.0,0.0,37.79,GT,0.2
Sandeep Chopra,19,Sri Lanka,Allrounder,21.0,1,3750.0,113.8,185.0,5.08,48.7,GT,1.5
Pranav Reddy,41,South Africa,Wicketkeeper,473.5,20,9872.0,128.2,0.0,0.0,35.77,GT,0.2
Karthik Sharma,36,India,Allrounder,473.5,18,7236.0,112.9,476.0,6.0,33.41,RR,11.0
Nikhil Sharma,38,Australia,Wicketkeeper,29.0,1,3844.0,145.1,0.0,0.0,53.85,MI,7.0
Harshit Chopra,20,Sri Lanka,Bowler,18.0,1,1379.0,118.6,481.0,5.67,49.63,SRH,7.0
Manoj Reddy,33,India,Allrounder,377.0,14,4274.0,128.1,79.0,6.49,28.08,DC,10.0
Amit Kulkarni,35,South Africa,Wicketkeeper,473.5,17,7292.0,139.6,0.0,0.0,38.62,MI,0.2
Rohan Deshmukh,26,England,Bowler,84.0,3,3635.0,141.8,735.0,7.07,27.53,KKR,1.5
Amit Khan,31,England,Allrounder,154.0,10,6789.0,143.0,211.0,7.5,32.11,SRH,0.2
Karthik Singh,31,India,Bowler,122.0,7,3378.0,95.2,809.0,4.66,35.78,SRH,0.5
Harshit Chopra,41,India,Bowler,255.0,9,3405.0,128.3,799.0,5.34,26.58,RR,1.0
Harshit Naidu,35,Australia,Allrounder,94.0,6,8418.0,110.5,106.0,8.01,27.93,MI,2.0
Arjun Singh,28,South Africa,Bowler,20.0,1,3094.0,124.9,465.0,5.83,27.53,LSG,1.0
Pranav Reddy,27,West Indies,Batter,208.0,9,12387.0,105.2,7.0,6.95,45.15,KKR,0.2
Irfan Chopra,42,South Africa,Wicketkeeper,460.0,22,7793.0,141.2,0.0,0.0,36.18,CSK,0.5
Amit Deshmukh,34,India,Bowler,200.0,12,3482.0,139.2,862.0,6.71,24.84,MI,0.5
Nikhil Singh,22,India,Wicketkeeper,60.0,4,7316.0,153.0,0.0,0.0,48.74,MI,11.0
Sandeep Khan,38,Sri Lanka,Allrounder,434.0,17,5794.0,106.2,232.0,5.72,24.4,LSG,5.0
Sameer Yadav,42,England,Batter,346.0,16,5403.0,139.9,1.0,6.48,36.44,RR,11.0
Vikas Verma,24,Australia,Wicketkeeper,117.0,6,6729.0,142.0,0.0,0.0,46.12,SRH,2.0
Aditya Deshmukh,30,India,Wicketkeeper,161.0,9,11301.0,131.3,0.0,0.0,44.02,KKR,1.0
Vikas Singh,20,South Africa,Bowler,17.0,1,1952.0,113.7,811.0,4.07,42.32,LSG,7.0
Sameer Yadav,41,Sri Lanka,Wicketkeeper,39.0,2,7086.0,95.6,0.0,0.0,21.15,MI,1.5
Sameer Reddy,29,South Africa,Wicketkeeper,233.0,8,4726.0,146.1,0.0,0.0,43.94,RCB,1.0
Karthik Chopra,30,India,Wicketkeeper,92.0,4,11581.0,110.9,0.0,0.0,44.08,DC,1.0
Rohan Shetty,37,England,Wicketkeeper,396.0,16,6966.0,142.5,0.0,0.0,30.74,LSG,0.5
Rohan Malik,39,England,Bowler,185.0,10,2406.0,151.0,442.0,4.14,32.08,GT,1.0
Harshit Verma,24,India,Wicketkeeper,90.0,4,8878.0,101.4,0.0,0.0,37.21,CSK,1.5
Rohan Sharma,32,India,Wicketkeeper,107.0,7,10364.0,141.1,0.0,0.0,27.76,SRH,5.0
Rahul Verma,31,Sri Lanka,Allrounder,164.0,8,3136.0,109.6,192.0,5.94,54.71,PBKS,0.2
Harshit Naidu,20,India,Allrounder,16.0,1,6595.0,129.5,341.0,5.69,52.38,KKR,0.5
Nikhil Malik,19,India,Batter,28.0,1,9104.0,153.3,12.0,6.51,53.16,SRH,7.0
Vikas Deshmukh,29,Australia,Bowler,222.0,9,1000.0,107.9,617.0,7.36,42.19,SRH,0.5
Vikas Singh,28,India,Allrounder,191.0,7,2566.0,154.2,250.0,7.66,26.31,RCB,1.5
Irfan Sharma,31,Sri Lanka,Batter,15.0,1,12349.0,115.3,2.0,8.68,26.15,SRH,10.0
Irfan Verma,20,England,Bowler,28.0,1,318.0,142.6,160.0,5.6,36.27,PBKS,0.5
Irfan Singh,37,India,Wicketkeeper,307.0,17,7714.0,127.3,0.0,0.0,54.83,MI,0.2
Harshit Khan,34,South Africa,Wicketkeeper,159.0,7,3753.0,118.9,0.0,0.0,41.54,SRH,2.0
Karthik Reddy,27,West Indies,Wicketkeeper,127.0,5,10874.0,116.9,0.0,0.0,33.75,MI,1.0
Rohan Deshmukh,33,South Africa,Batter,267.0,11,13997.0,151.3,12.0,8.43,38.98,LSG,3.0
Aditya Singh,35,England,Batter,126.0,5,8621.0,100.4,11.0,8.69,27.39,RCB,7.0
Aditya Iyer,18,India,Allrounder,15.0,1,7480.0,96.2,132.0,6.76,28.85,KKR,0.5
Manoj Khan,36,India,Wicketkeeper,130.0,6,7058.0,126.0,0.0,0.0,20.52,SRH,3.0
Nikhil Chopra,33,India,Bowler,204.0,11,274.0,125.8,339.0,5.01,40.06,RR,2.0
Vikas Khan,19,West Indies,Batter,27.0,1,9161.0,133.7,1.0,9.24,34.52,MI,0.5
Karthik Malik,27,India,Allrounder,190.0,8,6339.0,142.1,469.0,8.26,27.0,KKR,3.0
Aditya Deshmukh,20,England,Wicketkeeper,35.0,2,6778.0,102.9,0.0,0.0,43.65,GT,1.0
Irfan Iyer,32,India,Allrounder,116.0,5,6461.0,142.4,174.0,6.96,45.86,CSK,2.0
Sameer Khan,27,India,Batter,55.0,2,11266.0,154.2,15.0,8.19,38.68,RCB,0.2
Rahul Chopra,38,South Africa,Allrounder,159.0,8,8602.0,144.7,482.0,5.4,28.81,RR,2.0
Rahul Yadav,33,India,Allrounder,237.0,8,4502.0,152.4,79.0,7.72,44.39,MI,1.0
Sandeep Singh,34,England,Batter,130.0,7,7383.0,122.6,13.0,8.09,32.75,GT,7.0
Ankit Yadav,42,West Indies,Batter,302.0,11,8974.0,133.2,5.0,7.24,46.29,PBKS,0.2
Arjun Mehta,40,England,Wicketkeeper,116.0,4,3448.0,135.7,0.0,0.0,26.94,DC,2.0
Aditya Khan,36,India,Allrounder,447.0,17,4205.0,142.5,224.0,6.73,36.65,MI,2.0
Karthik Singh,34,India,Wicketkeeper,73.0,4,11315.0,127.2,0.0,0.0,46.99,PBKS,5.0
Rohan Chopra,24,India,Bowler,16.0,1,2999.0,119.6,136.0,6.51,51.34,PBKS,3.0
Irfan Verma,24,India,Batter,108.0,5,5082.0,154.7,5.0,6.57,24.16,RR,5.0
Aditya Mehta,27,Sri Lanka,Batter,60.0,3,3852.0,148.4,3.0,6.05,28.57,DC,7.0
Sandeep Naidu,23,Australia,Allrounder,17.0,1,2213.0,143.7,191.0,7.55,50.06,KKR,10.0
Vikas Yadav,41,England,Batter,359.0,13,8838.0,112.6,11.0,9.47,44.86,MI,1.0
Ankit Yadav,24,India,Batter,16.0,1,8034.0,119.4,9.0,6.4,49.68,CSK,3.0
Arjun Patel,18,India,Wicketkeeper,28.0,1,8407.0,117.1,0.0,0.0,40.69,MI,7.0
Pranav Shetty,37,England,Allrounder,473.5,18,4832.0,133.8,419.0,6.76,54.05,DC,11.0
Aditya Shetty,40,England,Bowler,287.0,14,490.0,129.4,877.5,4.21,50.21,SRH,10.0
Sandeep Reddy,35,Australia,Batter,133.0,6,5501.0,99.7,1.0,7.68,39.62,PBKS,1.5
Sameer Mehta,31,India,Batter,128.0,5,4714.0,104.3,12.0,7.16,49.72,MI,0.5
Amit Sharma,38,India,Batter,235.0,13,13881.0,151.0,8.0,7.83,48.21,GT,2.0
Arjun Iyer,22,West Indies,Wicketkeeper,19.0,1,4989.0,136.6,0.0,0.0,20.18,RR,5.0
Ankit Khan,39,India,Wicketkeeper,86.0,3,8742.0,120.7,0.0,0.0,26.91,RR,2.0
Sandeep Sharma,37,India,Wicketkeeper,423.0,19,10635.0,149.6,0.0,0.0,26.11,GT,2.0
Amit Singh,36,India,Batter,53.0,3,13847.0,126.0,11.0,7.0,29.22,PBKS,7.0
Arjun Kulkarni,33,India,Bowler,90.0,3,824.0,130.9,241.0,4.8,23.11,LSG,1.5
Pranav Kulkarni,22,Australia,Batter,25.0,1,13087.0,117.3,15.0,6.2,45.22,LSG,7.0
Harshit Yadav,41,Sri Lanka,Allrounder,90.0,5,2685.0,120.4,352.0,6.94,39.8,GT,2.0
Ankit Iyer,29,England,Allrounder,51.0,2,5692.0,151.2,492.0,6.28,21.92,CSK,1.5
Sameer Kulkarni,38,South Africa,Bowler,15.0,1,3301.0,148.5,469.0,6.56,48.14,GT,2.0
Sandeep Shetty,19,Australia,Batter,15.0,1,9856.0,112.8,11.0,6.64,45.1,RCB,7.0
Karthik Shetty,27,England,Allrounder,125.0,8,7381.0,143.7,336.0,5.29,45.16,RR,0.5
Pranav Chopra,18,West Indies,Batter,25.0,1,10137.0,101.0,12.0,8.55,45.12,PBKS,0.5
Amit Patel,40,England,Bowler,225.0,9,1767.0,144.9,217.0,6.58,21.46,RR,11.0
Arjun Chopra,25,Sri Lanka,Wicketkeeper,123.0,5,8194.0,96.4,0.0,0.0,33.06,GT,0.5
Rahul Yadav,31,India,Bowler,286.0,12,2650.0,128.5,211.0,4.57,52.11,RR,3.0
Rahul Shetty,22,West Indies,Batter,27.0,1,3149.0,145.7,8.0,7.37,20.01,KKR,3.0
Pranav Shetty,33,India,Allrounder,402.0,14,6230.0,96.8,355.0,5.59,31.49,LSG,2.0
Vikas Singh,18,Australia,Batter,25.0,1,14957.0,100.8,7.0,9.18,41.22,MI,5.0
Rohan Patel,35,India,Allrounder,123.0,6,5265.0,151.3,454.0,6.58,24.29,PBKS,1.0
Vikas Verma,36,India,Allrounder,47.0,2,3460.0,96.8,341.0,5.74,35.19,LSG,3.0
Karthik Yadav,29,England,Wicketkeeper,53.0,2,6121.0,111.7,0.0,0.0,50.45,CSK,1.5
Amit Shetty,22,Australia,Wicketkeeper,115.0,4,10864.0,131.3,0.0,0.0,41.49,GT,5.0
Irfan Kulkarni,42,South Africa,Wicketkeeper,424.0,17,8725.0,126.9,0.0,0.0,23.21,GT,0.5
Nikhil Khan,40,England,Bowler,473.5,22,2717.0,155.0,270.0,5.69,49.23,RCB,3.0
Aditya Chopra,23,India,Bowler,142.0,5,894.0,144.4,237.0,7.4,23.61,CSK,0.5
Amit Reddy,25,West Indies,Bowler,66.0,3,1749.0,95.2,628.0,4.86,30.62,GT,1.0
Karthik Khan,41,Sri Lanka,Wicketkeeper,278.0,10,2802.0,101.5,0.0,0.0,36.55,RR,0.5
Ankit Shetty,37,India,Allrounder,317.0,13,3702.0,147.5,415.0,7.37,46.22,GT,0.5
Ankit Iyer,26,India,Wicketkeeper,135.0,6,5787.0,151.3,0.0,0.0,21.89,MI,7.0
Sameer Singh,20,India,Allrounder,59.0,2,5620.0,134.7,398.0,5.04,30.13,DC,1.0
Arjun Deshmukh,37,Australia,Allrounder,262.0,16,7118.0,114.9,72.0,5.89,29.44,LSG,10.0
Arjun Reddy,40,South Africa,Allrounder,473.5,21,4147.0,121.4,429.0,6.79,37.93,RCB,11.0
Harshit Mehta,21,Sri Lanka,Batter,72.0,3,7213.0,118.2,10.0,8.35,28.8,PBKS,3.0
Ankit Shetty,25,India,Wicketkeeper,67.0,3,9640.0,105.0,0.0,0.0,32.23,DC,0.5
Karthik Chopra,27,South Africa,Wicketkeeper,37.0,2,2630.0,139.5,0.0,0.0,46.48,PBKS,1.5
Aditya Chopra,19,India,Allrounder,18.0,1,4744.0,109.0,441.0,7.33,40.58,RCB,7.0
Harshit Deshmukh,24,Sri Lanka,Batter,19.0,1,5827.0,124.1,8.0,8.0,39.25,DC,1.5
Harshit Chopra,22,Australia,Allrounder,54.0,2,6929.0,128.9,347.0,6.72,45.04,KKR,0.2
Manoj Chopra,23,West Indies,Wicketkeeper,109.0,4,6662.0,101.6,0.0,0.0,46.24,CSK,3.0
Rahul Shetty,31,India,Batter,235.0,11,3132.0,99.0,6.0,6.48,54.16,GT,7.0
Rahul Malik,24,India,Batter,73.0,3,6965.0,98.6,11.0,9.35,35.51,DC,7.0
Aditya Naidu,34,England,Wicketkeeper,278.0,13,6779.0,106.2,0.0,0.0,36.99,MI,0.5
Ankit Yadav,26,India,Batter,155.0,7,3670.0,152.0,13.0,8.91,42.2,PBKS,5.0
Sameer Deshmukh,33,India,Allrounder,336.0,14,2614.0,131.2,64.0,6.24,30.92,RR,1.0
Manoj Khan,38,India,Bowler,192.0,11,2454.0,147.2,787.0,7.46,39.54,SRH,0.5
Karthik Deshmukh,22,West Indies,Wicketkeeper,68.0,3,3197.0,114.5,0.0,0.0,30.27,RCB,10.0
Ankit Deshmukh,23,West Indies,Allrounder,22.0,1,8552.0,143.9,50.0,5.12,35.76,KKR,1.0
Ankit Malik,39,West Indies,Wicketkeeper,275.0,16,3963.0,114.5,0.0,0.0,36.49,DC,1.0
Manoj Verma,23,England,Bowler,85.0,4,1956.0,102.5,736.0,7.11,50.02,KKR,0.2
Aditya Reddy,34,Sri Lanka,Allrounder,140.0,9,8309.0,151.8,286.0,8.14,33.91,CSK,10.0
Nikhil Chopra,28,Sri Lanka,Batter,45.0,2,9138.0,117.4,11.0,6.76,31.65,MI,7.0
Rohan Patel,20,India,Allrounder,25.0,1,3187.0,131.4,384.0,5.62,36.68,SRH,3.0
Nikhil Chopra,21,West Indies,Allrounder,54.0,2,7012.0,96.9,429.0,8.03,42.54,RCB,5.0
Pranav Mehta,25,Australia,Allrounder,131.0,5,5144.0,140.6,262.0,7.67,51.01,LSG,0.5
Nikhil Khan,29,Sri Lanka,Allrounder,107.0,7,4462.0,150.7,206.0,7.55,31.64,CSK,2.0
Pranav Malik,27,India,Bowler,130.0,5,2199.0,95.8,562.0,5.91,20.24,SRH,1.5
Ankit Malik,39,India,Batter,276.0,16,14893.0,101.0,0.0,6.84,29.11,RR,0.2
Karthik Reddy,36,Australia,Batter,163.0,9,8665.0,96.7,6.0,6.62,51.83,KKR,2.0
Karthik Patel,29,India,Wicketkeeper,178.0,10,4516.0,95.5,0.0,0.0,45.76,CSK,10.0
Karthik Malik,28,Australia,Wicketkeeper,108.0,5,6438.0,104.1,0.0,0.0,51.93,KKR,0.2
Aditya Chopra,39,India,Allrounder,56.0,3,4386.0,134.2,227.0,8.12,43.53,LSG,1.0
Manoj Verma,32,India,Allrounder,222.0,9,3714.0,154.1,371.0,5.02,50.72,MI,0.5
Rohan Patel,41,West Indies,Wicketkeeper,473.5,21,8629.0,148.7,0.0,0.0,43.07,RR,1.0
Sandeep Yadav,32,West Indies,Allrounder,83.0,4,4554.0,148.6,218.0,6.21,30.2,RCB,10.0
Karthik Deshmukh,35,Australia,Allrounder,30.0,1,4466.0,101.0,296.0,6.97,52.27,PBKS,2.0
Manoj Sharma,21,West Indies,Wicketkeeper,61.0,3,4426.0,103.4,0.0,0.0,27.87,RCB,2.0
Sandeep Yadav,42,Australia,Wicketkeeper,161.0,7,2530.0,128.5,0.0,0.0,46.74,KKR,7.0
Rahul Verma,27,Sri Lanka,Wicketkeeper,18.0,1,6669.0,132.2,0.0,0.0,28.12,RR,0.5
Aditya Shetty,41,Australia,Wicketkeeper,271.0,16,11609.0,95.1,0.0,0.0,46.5,KKR,2.0
Amit Chopra,29,Sri Lanka,Allrounder,126.0,6,4554.0,143.6,405.0,8.45,36.11,KKR,2.0
Rahul Naidu,42,India,Batter,350.0,13,9361.0,119.6,3.0,9.16,38.37,CSK,3.0
Ankit Mehta,18,India,Wicketkeeper,18.0,1,9681.0,123.6,0.0,0.0,35.67,CSK,11.0
Karthik Mehta,41,India,Wicketkeeper,45.0,2,11396.0,141.5,0.0,0.0,38.44,SRH,7.0
Arjun Singh,31,India,Bowler,281.0,12,3702.0,110.5,800.0,5.2,21.32,DC,1.5
Nikhil Shetty,22,West Indies,Allrounder,28.0,1,5146.0,108.8,245.0,7.04,25.18,KKR,7.0
Vikas Shetty,39,Sri Lanka,Allrounder,150.0,8,4514.0,135.9,490.0,7.29,46.33,RR,0.5
Amit Naidu,39,Sri Lanka,Wicketkeeper,212.0,12,4676.0,125.2,0.0,0.0,51.29,CSK,0.2
Harshit Patel,35,India,Allrounder,207.0,7,4329.0,143.4,459.0,8.28,42.25,KKR,0.5
Rahul Verma,21,India,Batter,29.0,1,8077.0,154.0,5.0,7.06,29.59,KKR,1.5
Nikhil Yadav,33,South Africa,Allrounder,222.0,11,4069.0,121.5,285.0,5.71,21.99,RR,2.0
Karthik Shetty,40,Australia,Wicketkeeper,473.5,19,2866.0,153.7,0.0,0.0,40.6,MI,3.0
Pranav Sharma,24,India,Batter,136.0,6,13303.0,134.3,13.0,7.95,37.4,LSG,10.0
Manoj Malik,29,West Indies,Bowler,179.0,9,3990.0,131.7,430.0,4.12,45.07,CSK,2.0
Sameer Deshmukh,23,Australia,Bowler,105.0,4,3188.0,140.4,877.5,5.58,27.95,LSG,2.0
Manoj Mehta,20,India,Wicketkeeper,19.0,1,4604.0,108.3,0.0,0.0,25.65,MI,0.2
Rohan Kulkarni,24,England,Batter,57.0,2,5606.0,145.8,12.0,7.3,48.98,RCB,0.2
Harshit Kulkarni,20,India,Wicketkeeper,25.0,1,7515.0,118.0,0.0,0.0,40.62,GT,3.0
Rohan Kulkarni,30,South Africa,Wicketkeeper,137.0,6,6018.0,138.2,0.0,0.0,28.44,SRH,2.0
Rohan Verma,23,India,Allrounder,78.0,3,2299.0,153.3,448.0,5.59,41.61,MI,7.0
Rahul Yadav,42,Sri Lanka,Allrounder,441.0,22,5687.0,115.3,49.0,8.43,44.61,RR,0.5
Amit Yadav,39,West Indies,Bowler,190.0,11,2826.0,110.7,687.0,4.85,37.92,GT,0.2
Arjun Verma,24,West Indies,Wicketkeeper,109.0,4,7078.0,114.2,0.0,0.0,25.87,MI,2.0
Manoj Kulkarni,33,India,Allrounder,30.0,2,2110.0,97.1,173.0,5.92,44.65,RCB,1.0
Vikas Yadav,39,Australia,Bowler,285.0,17,3683.0,100.7,179.0,5.87,26.01,DC,0.2
Sandeep Chopra,21,South Africa,Wicketkeeper,15.0,1,5704.0,101.2,0.0,0.0,41.44,KKR,5.0
Sameer Verma,18,Sri Lanka,Wicketkeeper,16.0,1,11888.0,100.7,0.0,0.0,46.4,LSG,0.2
Manoj Patel,18,India,Wicketkeeper,29.0,1,8680.0,96.2,0.0,0.0,28.73,GT,3.0
Karthik Reddy,22,India,Batter,85.0,3,9816.0,138.1,5.0,9.12,22.55,LSG,1.0
Amit Verma,21,West Indies,Bowler,57.0,2,2114.0,124.6,484.0,7.12,49.64,GT,0.5
Rahul Chopra,35,India,Allrounder,31.0,2,3352.0,135.9,493.0,7.1,54.77,RR,1.5
Irfan Verma,39,South Africa,Wicketkeeper,122.0,6,9535.0,108.9,0.0,0.0,41.84,DC,7.0
Nikhil Mehta,32,South Africa,Batter,79.0,5,8290.0,97.4,7.0,7.61,20.51,MI,1.5
Harshit Khan,37,India,Wicketkeeper,30.0,1,2753.0,102.2,0.0,0.0,42.72,SRH,5.0
Ankit Malik,25,Sri Lanka,Bowler,88.0,3,217.0,128.2,206.0,6.16,21.11,MI,0.5
Arjun Mehta,35,India,Allrounder,70.0,3,5963.0,150.5,112.0,6.64,33.92,MI,7.0
Amit Naidu,36,India,Wicketkeeper,225.0,13,7941.0,132.5,0.0,0.0,47.29,SRH,1.0
Pranav Khan,25,India,Bowler,25.0,1,3901.0,126.2,255.0,6.98,50.03,RR,5.0
Sandeep Patel,30,India,Bowler,29.0,1,1502.0,148.3,877.5,5.49,28.41,RR,3.0
Irfan Malik,26,India,Bowler,21.0,1,3164.0,98.2,456.0,5.06,47.85,PBKS,10.0
Vikas Kulkarni,35,India,Allrounder,120.0,8,4844.0,108.7,225.0,6.46,28.11,PBKS,1.5
Irfan Patel,32,Australia,Allrounder,81.0,4,3578.0,145.0,233.0,8.15,39.37,LSG,0.2
Rahul Sharma,36,India,Allrounder,143.0,7,1885.0,123.5,453.0,7.16,33.71,RCB,0.2
Sameer Chopra,42,India,Bowler,50.0,3,2340.0,102.5,418.0,7.48,34.65,KKR,7.0
Nikhil Mehta,29,India,Wicketkeeper,221.0,9,9934.0,115.7,0.0,0.0,37.44,CSK,3.0
Rahul Malik,21,India,Wicketkeeper,36.0,2,3035.0,122.5,0.0,0.0,38.16,LSG,7.0
Sameer Sharma,29,Australia,Wicketkeeper,114.0,7,4622.0,103.4,0.0,0.0,37.96,PBKS,1.0
Ankit Patel,26,Australia,Batter,174.0,7,6798.0,106.1,10.0,6.85,22.27,RR,1.5
Manoj Chopra,24,India,Wicketkeeper,54.0,2,11631.0,140.8,0.0,0.0,34.96,SRH,0.2
Karthik Naidu,32,India,Wicketkeeper,197.0,13,8853.0,132.6,0.0,0.0,45.47,RR,11.0
Ankit Kulkarni,26,Sri Lanka,Allrounder,103.0,4,6702.0,123.2,382.0,7.38,33.58,PBKS,5.0
Pranav Shetty,25,India,Batter,110.0,7,6729.0,133.4,7.0,7.32,37.32,LSG,10.0
Aditya Malik,23,England,Wicketkeeper,76.0,3,6825.0,145.9,0.0,0.0,50.61,LSG,1.0
Rohan Chopra,28,West Indies,Batter,57.0,2,3707.0,103.2,9.0,6.6,42.06,SRH,3.0
Irfan Patel,40,India,Bowler,313.0,15,1585.0,96.1,100.0,5.14,51.1,GT,5.0
Karthik Sharma,28,England,Bowler,149.0,5,2941.0,150.8,386.0,4.86,45.11,LSG,1.0
Rahul Patel,33,Sri Lanka,Batter,178.0,7,10744.0,107.1,12.0,8.67,28.2,CSK,7.0
Rohan Kulkarni,27,South Africa,Allrounder,163.0,8,5279.0,105.3,116.0,6.82,30.69,DC,11.0
Sandeep Reddy,34,India,Bowler,300.0,15,2076.0,104.6,425.0,5.22,27.18,PBKS,10.0
Nikhil Sharma,26,West Indies,Bowler,23.0,1,3918.0,105.0,781.0,7.0,21.0,PBKS,5.0
Aditya Reddy,30,South Africa,Allrounder,232.0,9,7427.0,153.6,342.0,7.2,31.59,CSK,1.0
Sameer Malik,41,India,Bowler,411.0,20,2127.0,129.2,215.0,4.45,51.72,RR,1.0
Amit Mehta,31,Sri Lanka,Wicketkeeper,311.0,13,9693.0,142.0,0.0,0.0,41.79,LSG,11.0
Amit Shetty,37,South Africa,Wicketkeeper,216.0,12,8664.0,113.9,0.0,0.0,38.97,KKR,0.2
Nikhil Iyer,25,India,Wicketkeeper,102.0,4,3899.0,100.5,0.0,0.0,43.76,LSG,5.0
Ankit Patel,19,West Indies,Bowler,28.0,1,706.0,152.9,271.0,6.76,29.11,RCB,5.0
Arjun Khan,39,Australia,Wicketkeeper,36.0,2,5186.0,96.1,0.0,0.0,39.1,RCB,3.0
Amit Shetty,25,India,Bowler,49.0,2,2414.0,142.4,315.0,6.69,26.78,RCB,11.0
Amit Shetty,26,India,Wicketkeeper,123.0,5,11773.0,110.7,0.0,0.0,37.94,RR,1.0
Manoj Mehta,26,India,Batter,72.0,4,8587.0,146.6,14.0,7.16,36.58,DC,1.5
Harshit Iyer,35,Australia,Allrounder,218.0,13,2618.0,129.8,298.0,7.8,47.06,PBKS,0.2
Aditya Malik,28,India,Wicketkeeper,110.0,4,8767.0,115.0,0.0,0.0,49.1,CSK,2.0
Rohan Chopra,26,England,Allrounder,106.0,5,2373.0,127.8,99.0,5.96,27.49,LSG,1.0
Rohan Iyer,36,England,Batter,414.0,17,5345.0,114.1,0.0,7.66,29.33,DC,1.5
Manoj Shetty,28,India,Wicketkeeper,83.0,4,7956.0,153.0,0.0,0.0,25.6,SRH,7.0
Arjun Chopra,18,West Indies,Wicketkeeper,27.0,1,2949.0,142.2,0.0,0.0,54.45,LSG,10.0
Vikas Deshmukh,39,India,Batter,111.0,6,5004.0,136.9,7.0,6.07,28.85,PBKS,0.5
Sameer Khan,20,England,Batter,47.0,2,9574.0,119.2,13.0,6.14,52.73,MI,1.5
Arjun Shetty,24,West Indies,Bowler,136.0,5,653.0,130.3,611.0,4.04,37.55,LSG,10.0
Rohan Shetty,33,Australia,Batter,96.0,4,8935.0,100.0,13.0,9.06,43.85,RCB,0.2
Karthik Khan,23,South Africa,Batter,114.0,5,7922.0,135.1,3.0,8.38,52.98,PBKS,0.2
Vikas Shetty,31,West Indies,Bowler,15.0,1,1929.0,97.5,84.0,7.13,36.49,RCB,0.5
Aditya Sharma,18,West Indies,Batter,30.0,1,8115.0,113.6,10.0,7.39,35.8,RCB,3.0
Amit Iyer,39,India,Bowler,50.0,3,2962.0,120.9,580.0,5.46,54.27,RCB,0.5
Rohan Patel,29,Australia,Allrounder,142.0,5,5581.0,150.3,357.0,5.31,36.81,RR,11.0
Irfan Khan,22,South Africa,Batter,28.0,1,5156.0,144.8,14.0,8.18,32.62,SRH,2.0
Ankit Iyer,28,Sri Lanka,Batter,23.0,1,7518.0,119.6,5.0,7.51,33.12,RR,2.0
Amit Naidu,19,England,Wicketkeeper,24.0,1,11394.0,150.5,0.0,0.0,49.01,GT,1.0
Nikhil Singh,24,Sri Lanka,Batter,34.0,2,6897.0,101.5,6.0,6.38,34.98,GT,2.0
Manoj Sharma,30,Australia,Batter,220.0,9,10297.0,132.1,4.0,6.35,25.03,MI,5.0
Karthik Patel,25,West Indies,Wicketkeeper,40.0,2,10694.0,126.3,0.0,0.0,20.25,SRH,5.0
Amit Patel,40,India,Wicketkeeper,106.0,4,4250.0,114.0,0.0,0.0,43.7,DC,5.0
Nikhil Malik,36,India,Wicketkeeper,217.0,14,4615.0,124.0,0.0,0.0,54.24,LSG,3.0
Amit Patel,29,India,Bowler,47.0,2,2964.0,116.5,818.0,7.32,21.59,GT,10.0
Vikas Deshmukh,29,Sri Lanka,Bowler,45.0,3,3405.0,149.7,355.0,7.21,48.72,RCB,7.0
Nikhil Singh,36,India,Wicketkeeper,180.0,7,4189.0,102.7,0.0,0.0,54.93,GT,5.0
Sameer Singh,28,India,Allrounder,244.0,9,8400.0,138.5,148.0,5.91,51.78,MI,0.2
Rohan Mehta,37,India,Batter,426.0,15,10645.0,149.5,10.0,6.82,30.83,RCB,0.2
Harshit Verma,32,Australia,Batter,146.0,5,10663.0,111.9,7.0,9.42,53.37,RCB,0.5
Manoj Iyer,36,India,Bowler,342.0,14,3791.0,137.6,638.0,4.2,38.62,DC,5.0
Sandeep Verma,25,Sri Lanka,Batter,147.0,6,6860.0,108.4,13.0,7.67,44.7,PBKS,2.0
Sandeep Khan,40,Australia,Wicketkeeper,273.0,15,7508.0,106.4,0.0,0.0,39.35,SRH,2.0
Irfan Verma,24,Sri Lanka,Allrounder,156.0,6,5558.0,152.3,124.0,5.89,21.0,PBKS,10.0
Karthik Patel,37,South Africa,Allrounder,387.0,13,7324.0,109.5,475.0,5.7,34.49,DC,10.0
Irfan Iyer,27,India,Batter,108.0,4,6709.0,124.5,8.0,6.81,50.54,PBKS,10.0
Sandeep Verma,35,South Africa,Allrounder,16.0,1,6632.0,129.8,55.0,7.49,23.12,LSG,1.0
Amit Mehta,41,South Africa,Allrounder,52.0,2,4402.0,105.0,287.0,7.43,47.52,MI,5.0
Sandeep Verma,25,South Africa,Wicketkeeper,84.0,4,4767.0,110.0,0.0,0.0,34.6,RCB,1.0
Nikhil Iyer,22,India,Allrounder,71.0,3,7905.0,146.5,346.0,6.23,24.43,CSK,0.5
Aditya Verma,25,India,Batter,25.0,1,5429.0,103.5,14.0,7.98,44.67,CSK,0.5
Harshit Naidu,25,India,Batter,27.0,1,8091.0,121.1,2.0,9.17,37.08,RCB,1.5
Manoj Mehta,26,India,Allrounder,201.0,8,2038.0,126.3,307.0,8.25,37.07,CSK,2.0
Vikas Singh,26,West Indies,Bowler,62.0,3,1836.0,136.4,877.5,6.2,23.74,PBKS,7.0
Nikhil Chopra,27,England,Bowler,84.0,3,1709.0,121.1,780.0,7.12,22.53,KKR,0.2
Harshit Naidu,31,England,Wicketkeeper,243.0,12,2825.0,142.2,0.0,0.0,33.19,MI,5.0
Harshit Khan,23,Australia,Wicketkeeper,44.0,2,6371.0,101.0,0.0,0.0,42.18,RCB,3.0
Amit Deshmukh,30,India,Batter,167.0,6,12220.0,148.3,0.0,9.08,53.52,KKR,1.0
Manoj Verma,36,South Africa,Batter,32.0,2,13566.0,95.1,9.0,9.04,33.31,LSG,2.0
Arjun Naidu,27,England,Wicketkeeper,65.0,3,6756.0,144.1,0.0,0.0,32.82,KKR,1.0
Sandeep Kulkarni,39,India,Allrounder,42.0,2,6572.0,131.4,292.0,7.11,32.78,KKR,3.0
Aditya Reddy,37,England,Batter,109.0,5,12353.0,125.2,7.0,9.17,36.27,LSG,2.0
Vikas Kulkarni,37,South Africa,Allrounder,180.0,7,1657.0,124.6,181.0,8.49,26.24,PBKS,0.5
Harshit Deshmukh,28,India,Bowler,92.0,4,1920.0,143.8,651.0,5.95,47.19,DC,0.2
Karthik Yadav,40,West Indies,Allrounder,132.0,8,8806.0,137.5,153.0,7.76,28.9,KKR,3.0
Vikas Verma,25,India,Wicketkeeper,21.0,1,3326.0,146.7,0.0,0.0,51.27,DC,10.0
Rohan Patel,23,India,Wicketkeeper,39.0,2,10293.0,106.6,0.0,0.0,24.57,RCB,1.5
Vikas Deshmukh,26,India,Allrounder,16.0,1,3480.0,147.1,157.0,8.41,51.26,LSG,5.0
Sameer Patel,29,India,Allrounder,19.0,1,3536.0,127.5,460.0,8.1,42.62,RR,5.0
Irfan Sharma,22,India,Batter,68.0,3,8840.0,98.1,10.0,7.91,46.09,LSG,10.0
Harshit Mehta,35,India,Batter,309.0,16,5488.0,133.9,4.0,7.77,37.59,SRH,7.0
Manoj Verma,38,India,Allrounder,190.0,10,4541.0,105.3,456.0,6.72,29.75,MI,3.0
Ankit Yadav,29,India,Bowler,60.0,2,1991.0,106.7,869.0,4.6,54.05,GT,5.0
Irfan Yadav,34,India,Batter,67.0,3,14722.0,111.2,7.0,6.54,40.67,DC,10.0
Nikhil Verma,41,Sri Lanka,Allrounder,401.0,22,4229.0,104.2,394.0,7.14,47.78,MI,1.5
Ankit Naidu,33,South Africa,Allrounder,320.0,14,8033.0,109.2,158.0,7.75,30.1,MI,1.5
Rohan Reddy,23,India,Bowler,130.0,5,492.0,144.5,842.0,7.56,44.42,KKR,0.2
Pranav Kulkarni,31,England,Batter,90.0,3,10087.0,120.1,7.0,6.29,39.58,GT,7.0
Irfan Shetty,28,Sri Lanka,Batter,72.0,3,4198.0,121.9,10.0,6.66,41.04,CSK,7.0
Amit Singh,19,West Indies,Bowler,27.0,1,2051.0,141.9,447.0,5.24,49.42,PBKS,0.2
Nikhil Naidu,39,India,Wicketkeeper,471.0,21,5610.0,114.4,0.0,0.0,49.35,LSG,3.0
Amit Khan,39,India,Wicketkeeper,200.0,7,3121.0,101.2,0.0,0.0,49.32,GT,2.0
Sameer Verma,21,India,Batter,16.0,1,6547.0,100.0,4.0,6.53,42.46,RR,0.2
Arjun Mehta,33,India,Batter,281.0,14,9401.0,149.5,3.0,7.65,32.71,KKR,11.0
Manoj Chopra,30,West Indies,Batter,106.0,4,8772.0,125.0,2.0,7.01,35.96,LSG,0.5
Sameer Mehta,34,England,Wicketkeeper,340.0,12,3076.0,115.7,0.0,0.0,44.28,CSK,0.2
Ankit Reddy,39,West Indies,Wicketkeeper,367.0,19,8729.0,140.6,0.0,0.0,49.85,GT,3.0
Amit Naidu,33,Sri Lanka,Batter,55.0,3,3029.0,111.0,3.0,9.4,45.06,RCB,5.0
Sandeep Kulkarni,39,Sri Lanka,Wicketkeeper,203.0,10,8262.0,118.7,0.0,0.0,43.7,KKR,0.2
Karthik Chopra,31,India,Batter,143.0,5,6636.0,154.6,1.0,7.67,45.51,KKR,5.0
Sameer Chopra,42,England,Wicketkeeper,221.0,13,6682.0,152.1,0.0,0.0,49.22,PBKS,3.0
Manoj Naidu,29,Australia,Bowler,124.0,5,1969.0,143.9,349.0,7.43,36.07,MI,0.2
Manoj Chopra,36,South Africa,Wicketkeeper,44.0,2,8604.0,110.1,0.0,0.0,32.96,GT,0.5
Sameer Patel,20,South Africa,Wicketkeeper,39.0,2,8305.0,96.2,0.0,0.0,38.34,MI,3.0
Pranav Mehta,31,South Africa,Allrounder,21.0,1,3987.0,126.5,167.0,6.77,54.09,DC,1.0
Sameer Kulkarni,42,India,Batter,82.0,3,5401.0,104.7,0.0,9.19,32.91,LSG,10.0
Ankit Chopra,41,South Africa,Bowler,40.0,2,3106.0,116.6,877.5,5.61,47.95,DC,7.0
Aditya Naidu,24,India,Wicketkeeper,30.0,2,5777.0,126.4,0.0,0.0,40.02,LSG,11.0
Aditya Chopra,21,India,Wicketkeeper,48.0,2,5135.0,146.2,0.0,0.0,48.21,LSG,1.0
Rohan Chopra,31,India,Allrounder,30.0,2,8480.0,137.8,92.0,5.46,35.24,LSG,11.0
Sandeep Singh,22,England,Batter,65.0,3,3389.0,98.0,1.0,7.03,37.05,SRH,2.0
Arjun Deshmukh,28,West Indies,Batter,101.0,5,12306.0,110.1,15.0,7.24,44.31,CSK,1.5
Vikas Chopra,30,Sri Lanka,Wicketkeeper,199.0,11,7576.0,141.2,0.0,0.0,28.57,GT,0.2
Vikas Sharma,30,Australia,Wicketkeeper,37.0,2,11120.0,98.0,0.0,0.0,49.71,KKR,0.2
Amit Sharma,25,India,Batter,142.0,7,6660.0,151.2,10.0,6.03,41.97,PBKS,5.0
Nikhil Khan,23,India,Allrounder,137.0,5,7165.0,109.8,405.0,6.13,20.32,KKR,2.0
Nikhil Mehta,26,England,Wicketkeeper,38.0,2,9271.0,109.1,0.0,0.0,24.82,RR,1.0
Arjun Mehta,42,India,Bowler,286.0,13,408.0,105.0,614.0,6.33,38.5,LSG,3.0
Sandeep Singh,37,Sri Lanka,Bowler,278.0,13,2588.0,112.9,493.0,6.24,21.23,RCB,1.0
Sandeep Yadav,19,India,Bowler,22.0,1,3672.0,96.6,373.0,4.14,45.87,CSK,3.0
Aditya Naidu,19,India,Wicketkeeper,20.0,1,8388.0,114.1,0.0,0.0,47.87,LSG,1.5
Irfan Verma,20,West Indies,Batter,57.0,2,13306.0,122.2,5.0,7.51,37.95,MI,7.0
Ankit Patel,42,South Africa,Batter,473.5,17,3711.0,111.4,3.0,8.5,24.26,RR,7.0
Karthik Chopra,23,Australia,Bowler,54.0,2,1128.0,114.6,577.0,6.11,35.49,GT,2.0
Nikhil Chopra,38,India,Batter,473.5,20,4358.0,124.6,10.0,8.26,41.71,RR,1.5
Nikhil Singh,22,Australia,Wicketkeeper,79.0,4,7463.0,127.7,0.0,0.0,45.89,GT,1.5
Sandeep Shetty,22,West Indies,Bowler,19.0,1,1028.0,127.1,629.0,6.68,43.76,SRH,7.0
Aditya Patel,35,Sri Lanka,Bowler,255.0,13,1892.0,120.9,158.0,7.32,34.45,KKR,1.5
Vikas Patel,27,West Indies,Batter,94.0,6,14394.0,130.0,4.0,8.67,22.49,MI,0.5
Pranav Mehta,30,Australia,Wicketkeeper,196.0,11,6572.0,148.5,0.0,0.0,21.08,MI,0.2
Amit Reddy,39,India,Wicketkeeper,420.0,19,9941.0,139.9,0.0,0.0,46.56,MI,2.0
Irfan Mehta,20,India,Batter,25.0,1,9199.0,98.2,4.0,9.34,40.89,PBKS,2.0
Arjun Chopra,27,Australia,Wicketkeeper,128.0,8,3241.0,120.7,0.0,0.0,31.57,KKR,7.0
Rohan Patel,25,India,Batter,78.0,3,4698.0,128.8,3.0,6.32,36.77,KKR,1.0
Amit Singh,35,India,Allrounder,70.0,4,4079.0,131.7,365.0,5.37,45.83,MI,1.5
Rohan Verma,21,India,Batter,46.0,2,8917.0,149.3,13.0,8.69,34.33,LSG,7.0
Harshit Khan,18,Sri Lanka,Batter,18.0,1,7848.0,146.9,14.0,9.34,30.38,RR,7.0
Amit Yadav,34,Australia,Batter,208.0,7,8794.0,121.1,12.0,6.56,34.07,MI,1.5
Sandeep Shetty,26,Sri Lanka,Wicketkeeper,131.0,6,10239.0,129.5,0.0,0.0,40.42,RCB,2.0
Karthik Deshmukh,37,India,Batter,191.0,9,6519.0,125.6,14.0,8.62,23.67,SRH,1.0
Amit Mehta,26,India,Wicketkeeper,88.0,5,6247.0,146.5,0.0,0.0,30.84,KKR,10.0
Rahul Iyer,30,Australia,Allrounder,198.0,12,1535.0,102.1,466.0,8.4,53.54,RR,0.2
Sandeep Reddy,30,England,Bowler,22.0,1,3851.0,108.9,146.0,4.35,21.63,LSG,10.0
Ankit Naidu,40,India,Batter,359.0,21,14230.0,146.0,1.0,8.47,35.19,RR,5.0
Pranav Singh,20,South Africa,Wicketkeeper,18.0,1,5215.0,150.7,0.0,0.0,40.66,SRH,3.0
Amit Reddy,28,India,Wicketkeeper,63.0,4,7102.0,132.8,0.0,0.0,49.59,SRH,0.2
Karthik Mehta,32,West Indies,Wicketkeeper,123.0,5,11000.0,112.8,0.0,0.0,32.4,SRH,2.0
Arjun Patel,36,India,Allrounder,198.0,9,4820.0,149.1,453.0,8.17,54.18,LSG,2.0
Sameer Khan,21,Sri Lanka,Batter,15.0,1,4176.0,102.6,14.0,9.16,48.83,LSG,0.5
Pranav Naidu,33,Australia,Bowler,347.0,13,808.0,154.4,286.0,5.56,36.53,DC,5.0
Rahul Khan,19,Sri Lanka,Batter,18.0,1,12400.0,126.8,13.0,7.94,31.26,MI,11.0
Nikhil Sharma,19,India,Allrounder,23.0,1,3847.0,148.7,190.0,5.26,48.09,RCB,3.0
Irfan Mehta,20,Sri Lanka,Allrounder,38.0,2,3363.0,141.6,158.0,5.49,41.9,RR,5.0
Pranav Mehta,25,England,Allrounder,137.0,6,2825.0,110.2,157.0,6.43,50.09,RR,0.2
Harshit Kulkarni,36,India,Wicketkeeper,106.0,4,6336.0,137.0,0.0,0.0,39.17,CSK,2.0
Sameer Khan,29,Australia,Batter,99.0,4,14382.0,100.5,5.0,8.13,36.59,CSK,0.2
Ankit Yadav,30,India,Wicketkeeper,322.0,11,10325.0,106.6,0.0,0.0,27.29,RR,3.0
Rahul Naidu,38,Australia,Bowler,420.0,15,1751.0,149.7,791.0,6.51,34.13,KKR,10.0
Aditya Deshmukh,22,India,Wicketkeeper,80.0,3,8217.0,107.5,0.0,0.0,42.71,RCB,5.0
Pranav Yadav,34,India,Allrounder,317.0,13,6897.0,139.9,455.0,8.05,50.41,PBKS,0.2
Pranav Patel,30,India,Wicketkeeper,196.0,9,6980.0,127.2,0.0,0.0,46.32,SRH,1.5
Sameer Shetty,36,South Africa,Batter,161.0,7,3546.0,115.9,13.0,6.49,33.63,LSG,3.0
Arjun Kulkarni,18,Sri Lanka,Allrounder,22.0,1,8256.0,150.7,203.0,6.79,50.6,MI,2.0
Rahul Khan,32,South Africa,Bowler,184.0,10,1388.0,105.4,105.0,4.51,32.52,MI,7.0
Sameer Khan,30,Australia,Bowler,280.0,12,1238.0,131.9,490.0,5.1,51.6,DC,7.0
Amit Patel,24,England,Wicketkeeper,121.0,5,10462.0,152.7,0.0,0.0,42.88,SRH,3.0
Rohan Kulkarni,18,Sri Lanka,Bowler,18.0,1,2966.0,126.5,633.0,7.19,27.29,RCB,1.5
Ankit Singh,30,India,Bowler,147.0,7,97.0,128.3,716.0,5.99,45.99,RCB,1.0
Amit Sharma,23,India,Batter,102.0,4,3907.0,117.1,2.0,6.77,32.74,MI,0.2
Manoj Patel,28,Sri Lanka,Batter,129.0,7,12205.0,121.6,8.0,9.36,46.43,PBKS,1.5
Rahul Malik,26,India,Bowler,31.0,2,2754.0,110.9,837.0,6.85,40.02,KKR,2.0
Pranav Shetty,35,West Indies,Bowler,410.0,17,2727.0,123.5,464.0,7.4,53.08,KKR,5.0
Karthik Iyer,36,India,Wicketkeeper,32.0,2,3505.0,107.9,0.0,0.0,22.6,KKR,5.0
Karthik Kulkarni,26,India,Batter,127.0,5,8944.0,145.9,10.0,9.12,54.74,LSG,0.2
Nikhil Iyer,41,India,Batter,407.0,14,11688.0,151.2,4.0,8.38,48.94,RCB,1.5
Vikas Shetty,22,West Indies,Wicketkeeper,27.0,1,7209.0,145.7,0.0,0.0,39.92,MI,0.5
Rahul Kulkarni,21,India,Wicketkeeper,34.0,2,5606.0,117.9,0.0,0.0,52.71,KKR,0.5
Aditya Kulkarni,31,India,Batter,129.0,5,11302.0,127.3,6.0,7.51,35.61,RR,7.0
Manoj Malik,28,South Africa,Batter,220.0,10,3244.0,123.2,7.0,7.98,21.68,LSG,0.2
Aditya Mehta,22,India,Batter,40.0,2,5292.0,121.7,4.0,9.09,40.61,KKR,2.0
Sameer Patel,38,South Africa,Wicketkeeper,349.0,13,6438.0,103.4,0.0,0.0,20.12,RCB,0.5
Nikhil Malik,32,England,Allrounder,192.0,10,3027.0,137.3,200.0,5.86,23.47,PBKS,10.0
Harshit Verma,23,Australia,Wicketkeeper,141.0,5,7061.0,149.5,0.0,0.0,27.53,SRH,3.0
Harshit Deshmukh,42,South Africa,Wicketkeeper,184.0,8,4350.0,107.3,0.0,0.0,26.35,GT,1.0
Harshit Yadav,21,India,Allrounder,28.0,1,3609.0,141.3,52.0,5.05,50.63,KKR,2.0
Ankit Chopra,37,Sri Lanka,Batter,298.0,17,8471.0,106.3,10.0,8.15,29.98,LSG,5.0
Harshit Kulkarni,40,India,Batter,303.0,12,11694.0,152.3,15.0,7.67,28.66,RR,11.0
Sameer Singh,37,India,Bowler,52.0,2,622.0,121.4,96.0,6.78,30.42,PBKS,1.0
Vikas Naidu,40,India,Wicketkeeper,240.0,9,5425.0,122.4,0.0,0.0,22.49,RCB,10.0
Aditya Sharma,41,India,Wicketkeeper,243.0,13,7808.0,142.9,0.0,0.0,28.52,KKR,10.0
Arjun Shetty,34,India,Batter,231.0,10,8647.0,99.1,15.0,8.54,53.43,CSK,10.0
Aditya Naidu,32,India,Bowler,349.0,13,3402.0,148.0,447.0,4.73,48.33,PBKS,3.0
Harshit Singh,33,India,Allrounder,275.0,14,7396.0,123.7,271.0,8.39,45.46,MI,3.0
Rahul Naidu,26,South Africa,Batter,60.0,2,10471.0,106.1,0.0,7.3,35.51,KKR,2.0
Sandeep Singh,24,Sri Lanka,Wicketkeeper,145.0,6,4205.0,104.9,0.0,0.0,54.37,RR,5.0
Arjun Verma,21,India,Allrounder,21.0,1,1750.0,130.4,447.0,5.34,41.93,RCB,3.0
Manoj Yadav,18,West Indies,Allrounder,19.0,1,6235.0,134.7,125.0,6.88,24.07,CSK,5.0
Arjun Naidu,38,India,Bowler,163.0,9,161.0,112.2,563.0,6.11,52.91,KKR,2.0
Rahul Iyer,39,India,Bowler,473.0,17,1446.0,153.4,860.0,6.9,21.31,LSG,5.0
Sandeep Iyer,27,Sri Lanka,Allrounder,169.0,9,1553.0,106.7,72.0,6.0,20.39,CSK,7.0
Arjun Verma,37,West Indies,Batter,345.0,15,7151.0,135.7,2.0,6.85,28.09,RCB,0.5
Karthik Mehta,31,India,Bowler,326.0,11,1620.0,148.3,414.0,5.93,44.28,RR,7.0
Ankit Singh,20,India,Allrounder,15.0,1,4477.0,117.3,493.0,6.38,35.95,MI,3.0
Nikhil Verma,20,Australia,Batter,19.0,1,5110.0,133.0,13.0,6.62,32.75,GT,7.0
Amit Yadav,23,India,Batter,44.0,2,5205.0,140.4,4.0,8.98,41.37,RR,2.0
Sandeep Deshmukh,25,India,Batter,45.0,3,14557.0,107.6,6.0,7.27,47.17,GT,1.5
Sameer Malik,39,India,Bowler,251.0,9,1355.0,108.5,289.0,5.85,26.83,SRH,10.0
Harshit Mehta,36,West Indies,Wicketkeeper,61.0,4,4332.0,104.9,0.0,0.0,47.2,RCB,1.0
Vikas Patel,31,South Africa,Wicketkeeper,336.0,12,8816.0,108.7,0.0,0.0,38.43,RR,7.0
Amit Yadav,35,India,Allrounder,305.0,16,4562.0,129.8,182.0,6.58,50.7,KKR,2.0
Manoj Patel,26,South Africa,Batter,38.0,2,12507.0,122.1,14.0,9.04,20.54,RR,2.0
Rohan Shetty,18,West Indies,Allrounder,15.0,1,2317.0,131.4,208.0,6.49,39.52,DC,1.0
Karthik Reddy,41,India,Batter,473.5,21,9764.0,104.2,5.0,8.28,42.63,SRH,3.0
Rohan Patel,34,England,Bowler,15.0,1,1301.0,140.0,98.0,4.69,31.87,MI,1.5
Nikhil Mehta,38,India,Wicketkeeper,399.0,20,4501.0,137.6,0.0,0.0,21.68,RR,0.2
Ankit Iyer,28,India,Allrounder,53.0,3,6912.0,137.3,446.0,6.43,27.94,KKR,1.0
Arjun Malik,35,India,Allrounder,44.0,2,6807.0,132.8,267.0,7.78,40.56,GT,0.2
Ankit Khan,38,India,Bowler,228.0,10,2035.0,123.9,494.0,5.34,40.91,SRH,11.0
Nikhil Singh,23,India,Bowler,50.0,3,474.0,136.9,417.0,5.8,35.18,CSK,11.0
Ankit Chopra,42,India,Allrounder,149.0,6,5148.0,107.8,400.0,5.71,20.2,RR,1.5
Amit Yadav,35,Sri Lanka,Wicketkeeper,125.0,6,11208.0,113.1,0.0,0.0,46.21,MI,5.0
Amit Verma,36,West Indies,Bowler,15.0,1,2894.0,107.1,857.0,7.02,53.57,DC,1.5
Irfan Chopra,36,India,Batter,444.0,16,8070.0,150.0,4.0,7.76,44.74,RR,5.0
Ankit Deshmukh,23,Australia,Bowler,121.0,5,2442.0,100.1,265.0,6.75,27.7,DC,7.0
Nikhil Reddy,19,England,Allrounder,29.0,1,5562.0,138.0,346.0,5.03,32.06,LSG,11.0
Pranav Yadav,37,West Indies,Batter,59.0,3,3300.0,115.3,9.0,8.75,48.68,LSG,2.0
Manoj Iyer,42,Australia,Wicketkeeper,248.0,11,4205.0,102.8,0.0,0.0,26.07,LSG,7.0
Arjun Mehta,20,West Indies,Batter,48.0,2,10614.0,119.5,1.0,7.19,32.2,DC,1.0
Pranav Khan,42,India,Allrounder,67.0,4,7861.0,100.8,145.0,7.67,32.29,RCB,11.0
Amit Sharma,24,India,Wicketkeeper,77.0,4,10012.0,145.2,0.0,0.0,22.34,GT,0.2
Sandeep Kulkarni,31,West Indies,Batter,315.0,11,13115.0,154.2,7.0,9.3,23.1,GT,3.0
Manoj Khan,18,India,Allrounder,22.0,1,7484.0,117.3,468.0,6.02,47.17,MI,5.0
Karthik Patel,36,South Africa,Bowler,473.5,16,199.0,133.7,877.5,6.26,46.51,DC,5.0
Aditya Chopra,25,England,Wicketkeeper,58.0,2,4884.0,102.1,0.0,0.0,49.16,GT,0.5
Arjun Kulkarni,34,West Indies,Wicketkeeper,246.0,12,6347.0,137.3,0.0,0.0,40.21,MI,10.0
Aditya Yadav,36,India,Wicketkeeper,390.0,15,2566.0,148.4,0.0,0.0,44.51,CSK,0.5
Nikhil Verma,33,Australia,Wicketkeeper,110.0,4,7033.0,107.1,0.0,0.0,35.04,PBKS,3.0
Irfan Shetty,28,Australia,Allrounder,134.0,8,8463.0,98.3,62.0,6.73,53.41,SRH,1.0
Aditya Reddy,32,South Africa,Bowler,186.0,7,3158.0,136.8,431.0,4.49,37.72,RCB,1.0
Harshit Naidu,27,India,Allrounder,104.0,4,4703.0,150.5,55.0,5.09,49.81,DC,3.0
Ankit Mehta,41,India,Bowler,267.0,9,1349.0,108.7,721.0,5.99,24.26,GT,2.0
Karthik Shetty,38,South Africa,Batter,471.0,19,11294.0,110.3,10.0,7.27,37.73,PBKS,0.5
Sameer Kulkarni,32,England,Bowler,241.0,9,2727.0,129.5,877.5,7.67,51.15,LSG,0.5
Karthik Chopra,35,India,Wicketkeeper,64.0,3,3138.0,134.1,0.0,0.0,36.63,SRH,2.0
Amit Naidu,33,Sri Lanka,Bowler,329.0,14,3921.0,123.3,477.0,7.25,50.4,MI,5.0
Ankit Kulkarni,21,India,Bowler,76.0,3,2080.0,102.7,627.0,5.11,49.94,CSK,10.0
Sandeep Yadav,24,West Indies,Bowler,80.0,4,1157.0,148.3,93.0,6.23,52.82,KKR,0.2
Nikhil Mehta,25,England,Wicketkeeper,34.0,2,11582.0,98.2,0.0,0.0,37.53,PBKS,1.5
Vikas Patel,28,South Africa,Bowler,25.0,1,801.0,132.6,242.0,5.42,47.78,RCB,0.2
Aditya Kulkarni,32,India,Allrounder,78.0,4,6604.0,128.4,270.0,5.98,44.81,DC,0.2
Vikas Iyer,22,India,Batter,62.0,3,10898.0,143.8,15.0,6.47,41.21,RCB,5.0
Harshit Mehta,20,India,Wicketkeeper,48.0,2,6481.0,152.0,0.0,0.0,31.88,DC,3.0
Ankit Singh,40,India,Allrounder,218.0,12,1801.0,125.4,60.0,5.38,23.0,LSG,0.5
Rohan Patel,31,South Africa,Wicketkeeper,39.0,2,6849.0,153.2,0.0,0.0,21.35,KKR,1.0
Harshit Naidu,29,India,Allrounder,190.0,10,2382.0,126.5,322.0,7.64,32.9,RR,0.2
Pranav Iyer,36,India,Batter,227.0,8,9856.0,132.3,10.0,6.23,40.48,LSG,7.0
Rahul Khan,18,India,Wicketkeeper,19.0,1,11364.0,111.9,0.0,0.0,51.86,RCB,11.0
Ankit Reddy,38,Australia,Batter,173.0,8,12133.0,122.0,11.0,7.06,39.03,SRH,0.5
Sameer Verma,25,England,Batter,131.0,6,8572.0,150.9,10.0,6.35,33.11,DC,1.0
Vikas Deshmukh,19,South Africa,Wicketkeeper,15.0,1,10687.0,99.8,0.0,0.0,33.56,DC,10.0
Sameer Shetty,33,India,Allrounder,202.0,8,2621.0,125.8,289.0,7.1,44.31,KKR,10.0
Rohan Kulkarni,31,India,Batter,61.0,4,11512.0,112.1,5.0,6.19,48.67,RR,2.0
Nikhil Reddy,40,South Africa,Wicketkeeper,233.0,8,11721.0,99.8,0.0,0.0,49.94,RCB,0.2
Sandeep Sharma,18,Sri Lanka,Bowler,26.0,1,3886.0,145.1,425.0,4.35,32.63,PBKS,0.2
Rahul Naidu,39,India,Wicketkeeper,28.0,1,10073.0,131.7,0.0,0.0,25.35,PBKS,3.0
Pranav Patel,18,India,Allrounder,16.0,1,3197.0,108.0,339.0,5.23,24.47,RCB,1.5
Nikhil Sharma,24,South Africa,Allrounder,83.0,3,5396.0,125.9,497.0,6.09,40.61,LSG,0.2
Sandeep Deshmukh,23,West Indies,Wicketkeeper,21.0,1,6393.0,142.4,0.0,0.0,42.97,MI,3.0
Nikhil Deshmukh,42,India,Bowler,473.5,22,3767.0,119.7,466.0,6.31,36.58,MI,0.2
Rahul Sharma,38,India,Bowler,312.0,20,1967.0,145.5,167.0,5.58,28.05,DC,7.0
Amit Malik,23,West Indies,Wicketkeeper,34.0,2,4880.0,95.3,0.0,0.0,42.8,CSK,1.0
Karthik Deshmukh,34,India,Wicketkeeper,178.0,8,3387.0,107.1,0.0,0.0,51.15,SRH,0.2
Karthik Deshmukh,28,West Indies,Allrounder,131.0,5,7965.0,99.6,125.0,8.01,23.72,GT,3.0
Manoj Yadav,35,India,Batter,141.0,5,14365.0,131.6,0.0,7.73,29.62,RCB,1.5
Nikhil Chopra,20,Australia,Wicketkeeper,23.0,1,9315.0,138.0,0.0,0.0,40.82,CSK,11.0
Arjun Mehta,40,India,Allrounder,399.0,14,8717.0,96.5,178.0,6.14,46.26,DC,3.0
Irfan Mehta,33,India,Batter,187.0,7,9989.0,145.1,8.0,6.75,34.71,RR,1.0
Sameer Malik,32,India,Allrounder,68.0,3,5276.0,147.4,151.0,7.02,50.23,DC,5.0
Aditya Verma,32,Sri Lanka,Wicketkeeper,201.0,9,2730.0,117.3,0.0,0.0,27.31,LSG,1.0
Manoj Singh,32,Sri Lanka,Allrounder,29.0,1,7852.0,121.0,484.0,7.71,26.72,LSG,10.0
Sandeep Khan,19,West Indies,Batter,29.0,1,5509.0,106.9,9.0,9.17,20.9,PBKS,1.5
Harshit Mehta,22,West Indies,Batter,110.0,4,5402.0,132.3,12.0,6.07,43.16,RCB,3.0
Rohan Patel,39,India,Wicketkeeper,45.0,3,8096.0,113.7,0.0,0.0,31.2,LSG,0.2
Pranav Chopra,24,India,Batter,81.0,4,9343.0,135.8,12.0,7.19,22.03,RR,2.0
Harshit Yadav,35,South Africa,Batter,448.0,17,8007.0,108.4,15.0,9.25,54.99,MI,7.0
Sandeep Naidu,36,West Indies,Batter,228.0,12,5018.0,141.3,5.0,6.6,27.82,PBKS,7.0
Arjun Kulkarni,42,India,Bowler,230.0,9,2753.0,147.5,782.0,4.31,50.06,DC,1.0
Harshit Sharma,26,India,Wicketkeeper,49.0,2,11615.0,119.2,0.0,0.0,44.58,MI,1.0
Arjun Naidu,39,India,Batter,255.0,9,3019.0,146.2,12.0,7.95,31.03,CSK,7.0
Ankit Iyer,33,Sri Lanka,Batter,329.0,14,13630.0,124.1,3.0,7.83,32.39,CSK,10.0
Irfan Verma,41,Australia,Wicketkeeper,37.0,2,6185.0,148.5,0.0,0.0,25.81,CSK,0.2
Aditya Naidu,31,South Africa,Allrounder,250.0,9,7229.0,129.6,117.0,5.52,43.01,PBKS,2.0
Rahul Kulkarni,38,England,Wicketkeeper,167.0,10,4000.0,106.7,0.0,0.0,33.68,CSK,1.5
Pranav Naidu,19,India,Batter,30.0,1,12097.0,109.8,11.0,9.31,43.39,CSK,10.0
Ankit Sharma,18,England,Batter,24.0,1,12262.0,121.9,15.0,8.59,52.81,RCB,0.2
Amit Patel,23,India,Bowler,49.0,2,3691.0,122.5,561.0,6.8,39.93,CSK,0.5
Rohan Kulkarni,29,England,Wicketkeeper,208.0,10,9418.0,136.6,0.0,0.0,40.73,LSG,5.0
Aditya Verma,28,India,Wicketkeeper,238.0,10,4979.0,147.7,0.0,0.0,32.49,SRH,0.2
Pranav Kulkarni,30,India,Allrounder,237.0,11,2183.0,107.8,247.0,6.05,21.32,RCB,2.0
Harshit Deshmukh,27,Sri Lanka,Allrounder,39.0,2,1822.0,147.2,446.0,5.15,43.74,KKR,2.0
Sameer Khan,39,India,Batter,297.0,12,13036.0,131.9,7.0,8.31,49.72,KKR,1.5
Harshit Shetty,32,Sri Lanka,Wicketkeeper,292.0,13,11242.0,123.8,0.0,0.0,50.46,RR,1.5
Harshit Khan,21,West Indies,Wicketkeeper,65.0,3,8127.0,116.6,0.0,0.0,52.43,CSK,3.0
Harshit Shetty,33,Australia,Batter,348.0,13,13769.0,110.4,1.0,8.45,39.74,LSG,0.5
Nikhil Deshmukh,29,West Indies,Allrounder,265.0,9,2145.0,103.3,180.0,6.87,40.69,RR,3.0
Vikas Malik,26,West Indies,Batter,27.0,1,5800.0,98.1,9.0,7.1,53.2,DC,7.0
Karthik Verma,41,England,Allrounder,30.0,2,6127.0,147.6,356.0,7.25,43.66,SRH,7.0
Vikas Iyer,36,England,Wicketkeeper,394.0,18,7699.0,116.4,0.0,0.0,37.94,SRH,0.5
Rahul Khan,22,India,Batter,104.0,4,3929.0,152.6,11.0,8.37,28.88,MI,0.5
Manoj Kulkarni,40,West Indies,Allrounder,84.0,3,6037.0,150.4,382.0,8.06,43.46,RR,1.0
Irfan Iyer,41,India,Bowler,256.0,11,3386.0,118.9,670.0,7.54,53.36,MI,1.5
Amit Malik,31,India,Bowler,50.0,2,1126.0,97.5,789.0,6.67,51.74,LSG,2.0
Sameer Iyer,35,South Africa,Batter,23.0,1,5537.0,122.6,11.0,7.7,39.83,RCB,5.0
Amit Singh,37,Australia,Bowler,379.0,16,3384.0,123.1,247.0,4.57,49.09,DC,0.2
Sameer Shetty,36,India,Wicketkeeper,327.0,17,3552.0,95.9,0.0,0.0,29.55,GT,0.2
Pranav Verma,42,West Indies,Wicketkeeper,221.0,10,9821.0,95.1,0.0,0.0,34.55,PBKS,1.5
Rohan Iyer,27,India,Batter,163.0,7,4698.0,142.9,15.0,8.55,53.08,PBKS,5.0
Pranav Naidu,41,India,Allrounder,404.0,18,5020.0,110.3,80.0,7.13,52.35,RCB,0.5
Ankit Chopra,32,Australia,Wicketkeeper,67.0,3,4860.0,141.5,0.0,0.0,40.1,CSK,5.0
Karthik Malik,37,West Indies,Wicketkeeper,156.0,6,9954.0,136.7,0.0,0.0,52.35,RR,1.0
Karthik Singh,36,Australia,Wicketkeeper,438.0,18,10900.0,137.7,0.0,0.0,32.89,SRH,10.0
Rahul Yadav,26,India,Allrounder,134.0,8,6500.0,97.4,109.0,7.5,33.52,SRH,10.0
Manoj Khan,41,England,Bowler,473.5,19,745.0,105.0,792.0,5.54,20.81,CSK,1.0
Aditya Mehta,32,Australia,Batter,138.0,6,7082.0,134.3,0.0,6.47,48.08,KKR,1.0
Irfan Chopra,21,Australia,Allrounder,30.0,1,6448.0,115.8,164.0,8.46,40.98,SRH,2.0
Manoj Patel,31,England,Allrounder,284.0,12,6041.0,105.0,451.0,8.28,45.12,MI,1.0
Aditya Khan,30,India,Bowler,74.0,3,115.0,100.3,753.0,6.87,50.14,KKR,5.0
Arjun Sharma,31,India,Allrounder,103.0,6,4602.0,97.0,57.0,7.85,23.19,DC,7.0
Pranav Khan,22,India,Wicketkeeper,37.0,2,3366.0,97.9,0.0,0.0,31.72,SRH,5.0
Harshit Khan,24,India,Bowler,94.0,4,1695.0,126.9,730.0,5.94,29.37,LSG,7.0
Rohan Naidu,38,South Africa,Allrounder,114.0,6,8558.0,117.1,72.0,8.19,21.59,DC,1.5
Vikas Chopra,21,Sri Lanka,Batter,20.0,1,12135.0,126.9,15.0,7.05,34.29,CSK,0.5
Manoj Patel,35,Australia,Wicketkeeper,41.0,2,10866.0,111.4,0.0,0.0,24.6,DC,5.0
Manoj Yadav,28,South Africa,Wicketkeeper,218.0,9,7357.0,144.1,0.0,0.0,54.87,DC,1.5
Pranav Malik,20,West Indies,Bowler,20.0,1,1386.0,117.9,222.0,5.25,41.63,GT,5.0
Manoj Mehta,20,England,Wicketkeeper,23.0,1,8891.0,138.1,0.0,0.0,33.72,CSK,1.0
Sandeep Chopra,36,India,Allrounder,401.0,17,5178.0,128.6,492.0,8.17,35.76,GT,0.2
Amit Yadav,19,India,Bowler,20.0,1,3336.0,152.2,711.0,6.46,47.81,MI,11.0
Harshit Deshmukh,35,India,Batter,415.0,15,5610.0,114.9,0.0,6.14,36.47,RCB,0.5
Arjun Reddy,24,India,Wicketkeeper,110.0,4,9750.0,113.9,0.0,0.0,44.51,SRH,11.0
Sandeep Reddy,41,England,Wicketkeeper,287.0,16,10220.0,144.6,0.0,0.0,45.6,GT,11.0
Amit Deshmukh,22,India,Wicketkeeper,60.0,4,10787.0,154.4,0.0,0.0,29.54,KKR,7.0
Irfan Verma,33,India,Bowler,215.0,8,29.0,141.0,496.0,7.32,32.68,LSG,5.0
Irfan Yadav,23,England,Bowler,122.0,5,1967.0,101.2,328.0,6.79,47.63,SRH,3.0
Vikas Kulkarni,28,Sri Lanka,Bowler,168.0,7,2639.0,112.5,810.0,6.02,42.95,RCB,10.0
Rohan Singh,42,England,Batter,46.0,2,8840.0,107.6,15.0,8.25,21.06,KKR,1.0
Harshit Naidu,24,India,Bowler,20.0,1,2255.0,129.2,432.0,5.65,50.68,KKR,2.0
Aditya Iyer,32,India,Allrounder,19.0,1,4212.0,126.7,215.0,8.25,46.38,SRH,3.0
Arjun Mehta,28,Sri Lanka,Wicketkeeper,133.0,5,3133.0,121.4,0.0,0.0,46.11,KKR,2.0
Manoj Naidu,27,West Indies,Batter,57.0,2,4132.0,117.3,11.0,6.72,42.2,GT,2.0
Manoj Malik,36,India,Allrounder,345.0,14,4702.0,138.3,470.0,5.06,49.24,LSG,1.5
Rohan Verma,28,Australia,Batter,200.0,7,13995.0,121.9,13.0,7.4,49.79,GT,3.0
Vikas Iyer,33,India,Bowler,356.0,12,667.0,112.3,370.0,6.95,31.34,RCB,7.0
Arjun Naidu,35,India,Allrounder,167.0,11,6900.0,128.8,474.0,7.38,25.68,LSG,0.5
Pranav Mehta,31,England,Bowler,82.0,3,3441.0,149.0,687.0,5.18,44.09,SRH,10.0
Manoj Verma,39,Sri Lanka,Bowler,240.0,9,98.0,141.0,731.0,7.75,52.97,CSK,5.0
Amit Patel,35,India,Bowler,222.0,11,3520.0,141.3,330.0,4.82,20.71,RCB,7.0
Aditya Patel,36,West Indies,Batter,473.5,17,4492.0,123.2,12.0,8.35,32.14,KKR,3.0
Ankit Reddy,22,India,Bowler,40.0,2,3649.0,146.3,641.0,7.28,20.78,GT,7.0
Arjun Kulkarni,42,India,Batter,68.0,3,6579.0,117.1,6.0,8.13,34.55,CSK,0.2
Ankit Reddy,32,India,Bowler,91.0,5,2604.0,113.6,751.0,7.16,53.01,LSG,7.0
Arjun Shetty,32,India,Bowler,160.0,8,3792.0,134.8,470.0,4.68,43.52,LSG,0.2
Pranav Mehta,29,Sri Lanka,Wicketkeeper,298.0,10,7346.0,110.1,0.0,0.0,31.37,DC,10.0
Nikhil Singh,29,England,Allrounder,167.0,8,1708.0,140.7,496.0,7.92,31.52,PBKS,11.0
Aditya Kulkarni,28,India,Bowler,162.0,6,2908.0,98.7,726.0,6.03,27.31,RR,1.0
Rohan Chopra,20,Australia,Batter,58.0,2,4217.0,100.2,7.0,7.7,49.52,DC,0.5
Aditya Singh,37,England,Bowler,216.0,12,3313.0,151.6,143.0,6.73,44.27,RCB,7.0
Harshit Shetty,32,South Africa,Bowler,245.0,11,394.0,128.3,148.0,7.57,41.01,MI,1.0
Rohan Malik,37,Sri Lanka,Batter,127.0,6,14641.0,133.5,9.0,9.42,21.08,DC,10.0
Harshit Yadav,28,India,Batter,75.0,3,13332.0,149.3,12.0,8.53,47.85,CSK,0.2
Karthik Yadav,42,West Indies,Allrounder,473.5,20,2659.0,135.3,193.0,7.04,54.66,CSK,0.5
Pranav Malik,19,India,Allrounder,17.0,1,7937.0,135.0,126.0,5.32,29.92,KKR,11.0
Amit Deshmukh,41,India,Allrounder,261.0,10,3413.0,131.5,188.0,7.24,25.37,RCB,5.0
Rahul Iyer,38,West Indies,Allrounder,16.0,1,4463.0,132.3,407.0,5.72,24.49,MI,7.0
Karthik Mehta,39,India,Allrounder,180.0,6,1720.0,145.1,184.0,5.93,31.45,DC,1.5
Rahul Iyer,33,India,Allrounder,233.0,10,3977.0,151.5,248.0,6.71,27.95,KKR,5.0
Harshit Patel,18,Australia,Batter,22.0,1,7292.0,131.4,11.0,7.36,46.44,KKR,3.0
Vikas Mehta,33,South Africa,Bowler,52.0,2,720.0,149.9,552.0,7.43,47.18,PBKS,3.0
Rahul Iyer,31,India,Wicketkeeper,209.0,9,4604.0,108.7,0.0,0.0,20.87,LSG,5.0
Amit Shetty,21,India,Bowler,21.0,1,2058.0,103.5,165.0,5.46,44.86,RCB,3.0
Rohan Mehta,25,West Indies,Batter,16.0,1,5666.0,97.6,1.0,8.31,49.28,SRH,2.0
Nikhil Reddy,35,Australia,Batter,439.0,17,5585.0,120.9,6.0,6.87,43.38,RR,1.0
Pranav Mehta,21,India,Batter,77.0,3,5524.0,121.5,2.0,7.5,22.3,PBKS,7.0
Ankit Reddy,39,India,Bowler,117.0,7,1811.0,140.9,235.0,5.53,52.03,GT,1.0
Sameer Malik,25,Sri Lanka,Wicketkeeper,111.0,7,7421.0,119.8,0.0,0.0,34.83,RR,5.0
Rahul Sharma,40,West Indies,Wicketkeeper,81.0,3,4011.0,137.2,0.0,0.0,53.0,KKR,1.0
Rohan Sharma,37,India,Wicketkeeper,67.0,4,6418.0,111.0,0.0,0.0,35.41,DC,3.0
Amit Shetty,41,Australia,Bowler,207.0,7,1079.0,131.6,686.0,7.02,23.87,KKR,5.0
Karthik Patel,29,West Indies,Batter,165.0,7,9403.0,106.2,11.0,8.2,37.86,SRH,0.5
Ankit Shetty,19,England,Wicketkeeper,29.0,1,4990.0,126.7,0.0,0.0,50.67,RCB,0.2
Harshit Deshmukh,25,India,Wicketkeeper,27.0,1,2927.0,122.7,0.0,0.0,29.78,KKR,0.5
Pranav Chopra,24,India,Wicketkeeper,173.0,6,3398.0,108.9,0.0,0.0,50.6,MI,3.0
Vikas Shetty,28,South Africa,Batter,230.0,8,6371.0,120.6,1.0,6.6,26.55,PBKS,7.0
Amit Sharma,31,Australia,Wicketkeeper,156.0,7,9002.0,141.4,0.0,0.0,36.6,DC,0.2
Irfan Deshmukh,30,India,Bowler,220.0,11,2826.0,116.7,552.0,5.33,49.83,RCB,5.0
Rahul Deshmukh,19,West Indies,Wicketkeeper,15.0,1,2932.0,128.2,0.0,0.0,45.13,DC,1.5
Rohan Kulkarni,36,West Indies,Batter,347.0,16,6242.0,149.1,7.0,9.14,31.5,CSK,2.0
Vikas Malik,23,South Africa,Allrounder,40.0,2,8787.0,96.5,313.0,8.33,33.19,CSK,10.0
Rohan Khan,42,West Indies,Allrounder,381.0,16,3078.0,111.5,359.0,8.14,29.56,GT,1.5
Karthik Singh,38,India,Bowler,163.0,6,2018.0,131.7,270.0,5.15,35.34,PBKS,2.0
Pranav Singh,22,England,Bowler,62.0,3,1458.0,148.7,403.0,6.76,43.6,GT,0.2
Sameer Mehta,21,India,Batter,21.0,1,8092.0,151.0,5.0,6.72,29.26,RR,0.2
Karthik Chopra,42,India,Wicketkeeper,190.0,8,10512.0,104.0,0.0,0.0,23.15,GT,1.0
Sandeep Yadav,24,India,Bowler,62.0,4,1057.0,101.8,791.0,6.14,24.86,GT,0.2
Karthik Singh,25,Australia,Allrounder,86.0,4,4949.0,111.9,500.0,6.05,41.15,GT,3.0
Aditya Verma,26,South Africa,Wicketkeeper,134.0,7,10546.0,144.0,0.0,0.0,46.65,MI,2.0
Amit Reddy,42,India,Bowler,74.0,3,1363.0,109.7,433.0,5.0,53.8,KKR,3.0
Karthik Reddy,23,India,Wicketkeeper,108.0,5,8371.0,95.5,0.0,0.0,50.79,CSK,0.5
Arjun Patel,34,Australia,Batter,214.0,10,4302.0,151.8,11.0,6.7,31.98,MI,1.0
Aditya Verma,32,South Africa,Batter,49.0,3,4190.0,137.4,13.0,7.54,40.57,KKR,5.0
Rahul Verma,35,India,Batter,245.0,13,9144.0,128.2,2.0,7.11,45.57,RR,11.0
Aditya Deshmukh,20,England,Wicketkeeper,25.0,1,8067.0,97.5,0.0,0.0,20.39,CSK,0.2
Manoj Singh,40,India,Allrounder,473.5,21,5602.0,102.9,166.0,6.6,43.25,SRH,10.0
Sameer Malik,30,Sri Lanka,Allrounder,250.0,9,2233.0,121.0,176.0,5.75,26.92,KKR,3.0
Sameer Shetty,18,England,Allrounder,23.0,1,4268.0,102.0,473.0,6.92,20.81,SRH,3.0
Harshit Reddy,36,India,Wicketkeeper,239.0,12,2613.0,98.1,0.0,0.0,53.4,CSK,2.0
Pranav Iyer,20,Sri Lanka,Wicketkeeper,19.0,1,6113.0,103.5,0.0,0.0,44.8,RCB,0.2
Sameer Verma,34,India,Wicketkeeper,361.0,13,9791.0,99.1,0.0,0.0,23.79,RCB,0.2
Harshit Chopra,41,West Indies,Wicketkeeper,152.0,7,3406.0,125.5,0.0,0.0,36.27,KKR,3.0
Amit Shetty,36,India,Wicketkeeper,231.0,11,2981.0,152.1,0.0,0.0,53.07,PBKS,1.5
Manoj Kulkarni,42,India,Batter,473.5,22,4859.0,131.1,2.0,8.73,35.92,DC,10.0
Irfan Khan,24,India,Allrounder,77.0,4,8186.0,151.8,310.0,6.25,41.1,CSK,2.0
Vikas Malik,38,Sri Lanka,Allrounder,143.0,9,1627.0,108.9,393.0,7.03,21.63,LSG,0.5
Sameer Mehta,31,England,Wicketkeeper,90.0,3,4533.0,151.7,0.0,0.0,30.98,DC,5.0
Rohan Verma,27,South Africa,Allrounder,72.0,3,6219.0,101.9,208.0,6.55,49.29,PBKS,1.0
Aditya Shetty,27,England,Batter,72.0,3,5136.0,145.0,15.0,6.1,24.91,LSG,3.0
Amit Patel,28,India,Batter,86.0,3,10320.0,138.8,6.0,9.1,25.76,RR,5.0
Nikhil Kulkarni,26,England,Wicketkeeper,149.0,5,5516.0,128.9,0.0,0.0,30.94,SRH,10.0
Irfan Reddy,25,West Indies,Batter,59.0,3,5659.0,146.6,13.0,6.62,34.12,KKR,7.0
Pranav Kulkarni,26,India,Batter,131.0,8,10290.0,105.2,0.0,7.39,33.41,CSK,5.0
Sandeep Kulkarni,32,Australia,Batter,221.0,9,10347.0,116.8,12.0,9.05,53.31,PBKS,5.0
Irfan Verma,20,Australia,Batter,24.0,1,4472.0,103.7,9.0,9.31,26.21,PBKS,11.0
Aditya Singh,23,West Indies,Allrounder,36.0,2,6742.0,118.6,149.0,8.02,20.15,RCB,1.0
Aditya Singh,33,Sri Lanka,Wicketkeeper,81.0,3,11589.0,111.4,0.0,0.0,40.92,RR,0.2
Amit Khan,21,South Africa,Bowler,65.0,3,1549.0,103.0,360.0,7.04,23.87,RCB,1.0
Rahul Malik,38,England,Wicketkeeper,357.0,15,11681.0,150.3,0.0,0.0,46.29,MI,0.5
Amit Kulkarni,22,Australia,Wicketkeeper,17.0,1,2533.0,130.4,0.0,0.0,46.92,GT,5.0
Rahul Reddy,33,India,Batter,256.0,12,9575.0,140.5,8.0,7.5,33.01,MI,3.0
Rahul Mehta,26,India,Batter,112.0,7,12446.0,138.7,14.0,6.85,34.69,GT,3.0
Aditya Shetty,29,Sri Lanka,Bowler,102.0,5,3930.0,116.0,829.0,7.73,52.26,SRH,0.2
Aditya Iyer,42,Sri Lanka,Allrounder,473.5,22,3895.0,109.5,326.0,8.27,47.94,KKR,5.0
Amit Sharma,39,West Indies,Wicketkeeper,383.0,16,4482.0,121.0,0.0,0.0,52.11,LSG,1.5
Vikas Iyer,38,India,Allrounder,95.0,5,2208.0,139.7,424.0,6.58,36.34,DC,5.0
Arjun Iyer,38,South Africa,Batter,473.5,18,12367.0,107.0,1.0,6.8,34.89,RCB,3.0
Manoj Deshmukh,37,India,Wicketkeeper,348.0,14,9551.0,140.3,0.0,0.0,41.18,CSK,1.5
Irfan Mehta,29,Sri Lanka,Bowler,64.0,4,1678.0,111.9,394.0,6.62,36.85,DC,0.5
Rahul Shetty,30,India,Bowler,213.0,11,2797.0,144.1,842.0,4.17,54.65,CSK,0.2
Karthik Sharma,33,Sri Lanka,Batter,16.0,1,11646.0,95.7,13.0,7.42,25.94,KKR,7.0
Sandeep Sharma,40,India,Bowler,356.0,14,3948.0,131.7,607.0,6.48,47.58,LSG,10.0
Nikhil Iyer,25,Sri Lanka,Allrounder,64.0,3,5930.0,140.8,265.0,5.89,44.08,RR,5.0
Nikhil Reddy,31,India,Bowler,286.0,11,3270.0,127.7,373.0,5.23,25.15,DC,0.2
Manoj Singh,39,India,Allrounder,244.0,9,5357.0,147.9,242.0,6.58,34.74,LSG,2.0
Rahul Shetty,29,West Indies,Allrounder,206.0,11,5613.0,130.4,92.0,7.94,26.72,PBKS,5.0
Karthik Naidu,32,England,Allrounder,150.0,10,8537.0,125.4,452.0,7.03,33.95,PBKS,7.0
Ankit Shetty,19,India,Allrounder,16.0,1,3022.0,120.0,263.0,5.42,22.55,RCB,0.2
Amit Yadav,23,South Africa,Bowler,102.0,4,3899.0,120.0,341.0,4.38,30.69,RCB,0.2
Karthik Yadav,29,India,Allrounder,84.0,3,8958.0,117.5,406.0,8.24,46.53,KKR,5.0
Harshit Shetty,42,India,Wicketkeeper,53.0,2,8743.0,126.8,0.0,0.0,44.64,SRH,1.5
Manoj Chopra,25,India,Batter,86.0,3,5432.0,151.5,8.0,6.91,38.55,DC,1.0
Ankit Patel,32,England,Wicketkeeper,195.0,7,11641.0,144.9,0.0,0.0,32.78,RCB,0.2
Amit Deshmukh,24,India,Batter,85.0,4,14851.0,135.4,13.0,6.35,20.27,DC,3.0
Sandeep Naidu,37,India,Bowler,132.0,7,1056.0,106.6,212.0,5.81,41.96,RR,7.0
Sandeep Shetty,22,India,Wicketkeeper,74.0,3,4790.0,153.8,0.0,0.0,36.25,GT,11.0
Sandeep Singh,25,India,Bowler,66.0,4,144.0,125.5,318.0,7.11,37.35,PBKS,3.0
Irfan Shetty,25,India,Wicketkeeper,159.0,6,7614.0,150.8,0.0,0.0,51.15,CSK,2.0
Sameer Khan,22,India,Allrounder,53.0,2,5151.0,112.8,45.0,7.75,39.08,CSK,0.2
Vikas Khan,26,India,Bowler,100.0,4,2567.0,121.6,630.0,4.85,36.95,KKR,3.0
Ankit Reddy,34,India,Allrounder,151.0,7,6789.0,148.8,289.0,7.91,34.51,MI,1.5
Karthik Yadav,35,India,Allrounder,26.0,1,7666.0,146.7,391.0,5.06,26.1,LSG,3.0
Manoj Mehta,39,West Indies,Wicketkeeper,61.0,4,8826.0,132.3,0.0,0.0,20.87,RR,1.5
Rohan Verma,27,India,Allrounder,137.0,6,5509.0,154.2,380.0,6.4,23.52,RCB,1.0
Karthik Mehta,40,South Africa,Bowler,418.0,18,123.0,113.4,410.0,5.61,51.68,RCB,0.2
Pranav Malik,24,India,Bowler,172.0,6,3971.0,109.3,696.0,7.3,22.84,LSG,1.0
Nikhil Yadav,31,India,Allrounder,269.0,9,6055.0,115.2,149.0,7.19,43.52,SRH,0.2
Vikas Mehta,38,Sri Lanka,Batter,473.5,19,6566.0,103.0,6.0,6.11,44.02,LSG,0.5
Vikas Iyer,20,West Indies,Batter,41.0,2,12529.0,146.5,13.0,6.74,22.05,MI,11.0
Pranav Kulkarni,29,India,Batter,132.0,6,3191.0,154.9,12.0,6.75,35.16,CSK,2.0
Pranav Kulkarni,31,South Africa,Wicketkeeper,187.0,7,9999.0,137.2,0.0,0.0,26.39,CSK,3.0
Manoj Naidu,25,Australia,Wicketkeeper,81.0,3,11953.0,131.6,0.0,0.0,45.41,MI,10.0
Vikas Iyer,39,England,Wicketkeeper,315.0,18,2515.0,113.9,0.0,0.0,49.01,GT,11.0
Sandeep Verma,25,Sri Lanka,Allrounder,123.0,5,2883.0,118.3,118.0,7.11,39.52,RCB,3.0
Nikhil Shetty,21,India,Allrounder,59.0,2,7046.0,104.9,266.0,7.02,34.1,RR,7.0
Vikas Mehta,27,Australia,Wicketkeeper,99.0,4,8018.0,115.6,0.0,0.0,34.03,PBKS,1.5
Vikas Chopra,37,England,Batter,232.0,10,7685.0,124.0,13.0,8.66,52.91,PBKS,1.0
Vikas Patel,29,India,Allrounder,170.0,7,5518.0,119.9,151.0,6.03,47.54,LSG,2.0
Aditya Malik,19,India,Bowler,19.0,1,3015.0,127.8,558.0,6.07,21.87,MI,5.0
Vikas Kulkarni,24,England,Wicketkeeper,107.0,4,8898.0,118.9,0.0,0.0,29.48,RCB,5.0
Aditya Deshmukh,39,India,Bowler,411.0,15,837.0,113.5,371.0,7.8,50.96,RCB,1.0
Nikhil Yadav,34,India,Allrounder,334.0,15,6968.0,115.5,240.0,7.37,39.02,PBKS,0.5
Amit Mehta,18,Australia,Batter,28.0,1,9493.0,148.0,0.0,8.94,25.61,CSK,3.0
Irfan Deshmukh,41,South Africa,Bowler,304.0,15,1246.0,115.1,853.0,5.29,21.47,RCB,0.5
Pranav Naidu,32,England,Bowler,352.0,13,1487.0,146.3,725.0,6.27,33.36,GT,3.0
Manoj Shetty,26,India,Wicketkeeper,49.0,2,5741.0,139.4,0.0,0.0,41.97,CSK,5.0
Rohan Khan,33,West Indies,Wicketkeeper,33.0,2,2737.0,117.5,0.0,0.0,24.94,DC,5.0
Irfan Yadav,27,South Africa,Wicketkeeper,145.0,6,11915.0,137.6,0.0,0.0,49.91,SRH,5.0
Harshit Yadav,27,West Indies,Wicketkeeper,131.0,5,11496.0,136.2,0.0,0.0,20.63,KKR,10.0
Arjun Mehta,19,England,Bowler,27.0,1,1788.0,99.2,433.0,4.82,39.96,CSK,2.0
Arjun Shetty,20,Sri Lanka,Wicketkeeper,29.0,1,3983.0,140.4,0.0,0.0,23.87,SRH,5.0
Karthik Verma,36,Australia,Bowler,436.0,17,177.0,128.3,700.0,7.19,44.15,KKR,3.0
Nikhil Yadav,30,India,Allrounder,236.0,9,2792.0,100.0,422.0,8.4,51.54,GT,0.5
Vikas Sharma,28,South Africa,Bowler,23.0,1,1610.0,118.6,702.0,4.48,49.8,GT,0.2
Sameer Yadav,38,India,Allrounder,135.0,6,3557.0,125.4,310.0,8.17,40.79,SRH,1.0
Sandeep Patel,30,India,Allrounder,241.0,10,4685.0,145.0,56.0,7.48,24.25,RCB,2.0
Rahul Sharma,25,West Indies,Wicketkeeper,80.0,5,5933.0,143.6,0.0,0.0,36.84,GT,3.0
Nikhil Verma,28,South Africa,Wicketkeeper,75.0,5,7409.0,122.0,0.0,0.0,34.84,RR,7.0
Karthik Reddy,36,Sri Lanka,Bowler,38.0,2,1882.0,151.7,520.0,5.94,39.19,SRH,0.5
Pranav Deshmukh,41,South Africa,Batter,326.0,19,6051.0,105.8,5.0,9.34,45.34,MI,0.5
Harshit Yadav,21,South Africa,Batter,52.0,2,8128.0,135.7,11.0,8.84,41.24,PBKS,11.0
Pranav Mehta,35,India,Batter,411.0,14,7959.0,146.7,3.0,7.98,48.76,CSK,0.2
Vikas Yadav,28,India,Bowler,241.0,9,2927.0,145.9,812.0,4.46,34.49,DC,2.0
Rahul Malik,39,West Indies,Batter,275.0,13,8171.0,147.2,0.0,6.89,35.12,KKR,3.0
Nikhil Singh,42,India,Bowler,15.0,1,433.0,110.8,111.0,7.07,20.14,LSG,3.0
Harshit Singh,20,India,Allrounder,17.0,1,8964.0,101.0,231.0,6.73,46.4,LSG,0.2
Aditya Khan,35,Australia,Wicketkeeper,49.0,2,11809.0,111.6,0.0,0.0,35.53,MI,0.2
Vikas Khan,42,England,Batter,303.0,19,8836.0,112.2,10.0,6.3,47.35,RR,0.2
Pranav Malik,21,India,Batter,81.0,3,9746.0,133.8,14.0,6.53,52.11,PBKS,3.0
Rahul Naidu,20,West Indies,Wicketkeeper,30.0,2,7598.0,135.8,0.0,0.0,48.39,CSK,3.0
Aditya Iyer,37,England,Bowler,77.0,5,2008.0,110.0,798.0,4.41,51.31,GT,1.0
Rahul Iyer,21,India,Wicketkeeper,58.0,3,4801.0,137.9,0.0,0.0,42.38,PBKS,3.0
Nikhil Singh,20,India,Allrounder,16.0,1,6108.0,119.9,486.0,7.32,21.56,RCB,7.0
Pranav Sharma,42,Sri Lanka,Batter,153.0,9,10719.0,135.7,15.0,8.75,36.55,KKR,0.2
Manoj Iyer,29,Australia,Allrounder,136.0,9,4683.0,115.2,244.0,8.15,30.3,LSG,2.0
Sameer Reddy,21,India,Bowler,22.0,1,3755.0,142.8,140.0,7.32,38.02,RCB,5.0
Rahul Reddy,30,Sri Lanka,Allrounder,173.0,10,2876.0,107.9,96.0,5.46,42.97,DC,1.0
Amit Malik,21,West Indies,Wicketkeeper,50.0,3,4489.0,118.1,0.0,0.0,49.28,MI,1.0
Irfan Kulkarni,39,India,Bowler,100.0,5,242.0,143.3,266.0,7.61,33.21,PBKS,3.0
Nikhil Deshmukh,28,India,Wicketkeeper,144.0,6,4968.0,142.3,0.0,0.0,32.3,RCB,10.0
Irfan Kulkarni,25,South Africa,Allrounder,18.0,1,8428.0,97.0,50.0,5.58,33.5,DC,7.0
Nikhil Shetty,36,West Indies,Batter,207.0,13,7721.0,109.3,11.0,9.16,27.23,RR,3.0
Rahul Patel,18,India,Bowler,21.0,1,3246.0,96.5,512.0,7.69,47.5,RCB,5.0
Harshit Verma,18,West Indies,Wicketkeeper,15.0,1,6647.0,114.3,0.0,0.0,21.31,MI,1.5
Sameer Chopra,26,Sri Lanka,Batter,118.0,7,7205.0,103.4,1.0,9.21,39.31,MI,5.0
Rohan Reddy,42,England,Bowler,404.0,18,1148.0,98.9,659.0,5.04,21.75,PBKS,2.0
Amit Mehta,29,West Indies,Wicketkeeper,16.0,1,9282.0,101.9,0.0,0.0,22.5,DC,0.5
Ankit Reddy,22,West Indies,Allrounder,74.0,4,7105.0,124.1,356.0,7.66,32.0,RR,5.0
Nikhil Kulkarni,38,Sri Lanka,Allrounder,402.0,18,2660.0,150.7,351.0,6.46,51.88,CSK,3.0
Sandeep Kulkarni,26,India,Allrounder,39.0,2,6581.0,148.1,223.0,7.5,31.19,PBKS,1.5
Sameer Reddy,32,England,Wicketkeeper,258.0,14,11243.0,117.9,0.0,0.0,41.48,RCB,10.0
Harshit Reddy,27,India,Wicketkeeper,232.0,8,8158.0,132.4,0.0,0.0,36.86,PBKS,0.2
Manoj Malik,24,Sri Lanka,Batter,19.0,1,11592.0,154.2,12.0,7.4,48.74,SRH,1.0
Pranav Deshmukh,21,West Indies,Allrounder,40.0,2,6271.0,138.6,47.0,6.52,29.43,RR,0.2
Nikhil Shetty,22,South Africa,Bowler,65.0,4,495.0,116.1,856.0,4.38,34.1,LSG,7.0
Harshit Deshmukh,30,South Africa,Bowler,160.0,7,32.0,143.9,866.0,4.06,32.57,GT,5.0
Rohan Shetty,24,West Indies,Bowler,83.0,3,3758.0,99.4,726.0,6.21,26.12,RR,1.5
Pranav Sharma,39,South Africa,Wicketkeeper,304.0,14,8700.0,148.4,0.0,0.0,41.3,MI,5.0
Irfan Kulkarni,23,India,Wicketkeeper,70.0,4,3530.0,152.0,0.0,0.0,54.96,SRH,1.5
Vikas Patel,29,England,Bowler,138.0,8,1120.0,112.9,263.0,5.41,50.04,RCB,5.0
Ankit Malik,24,India,Bowler,45.0,3,2134.0,132.8,408.0,7.79,47.83,RR,2.0
Nikhil Reddy,41,Sri Lanka,Allrounder,347.0,17,2384.0,116.3,225.0,7.74,40.1,MI,2.0
Amit Kulkarni,19,India,Bowler,25.0,1,815.0,136.3,865.0,7.17,20.74,DC,10.0
Arjun Verma,20,South Africa,Batter,15.0,1,8396.0,103.7,7.0,7.18,28.15,DC,1.0
Sandeep Iyer,27,India,Bowler,83.0,3,348.0,97.2,230.0,7.44,27.69,MI,0.5
Sameer Deshmukh,36,India,Allrounder,205.0,9,8944.0,132.0,397.0,6.08,38.69,KKR,3.0
Irfan Sharma,38,Sri Lanka,Allrounder,77.0,3,3322.0,104.9,175.0,5.76,28.29,GT,11.0
Sameer Malik,40,West Indies,Wicketkeeper,124.0,7,7476.0,125.2,0.0,0.0,29.49,LSG,1.5
Sameer Patel,19,West Indies,Batter,19.0,1,6736.0,122.8,2.0,9.32,22.06,RR,0.2
Arjun Patel,24,India,Batter,111.0,4,14158.0,114.7,12.0,8.55,42.87,CSK,1.5
Manoj Singh,22,West Indies,Bowler,84.0,3,3091.0,129.2,525.0,5.06,47.03,LSG,2.0
Ankit Chopra,24,Sri Lanka,Allrounder,126.0,6,7859.0,110.7,485.0,8.25,31.72,LSG,0.5
Vikas Shetty,29,West Indies,Wicketkeeper,78.0,3,11235.0,122.9,0.0,0.0,52.45,SRH,5.0
Irfan Kulkarni,22,England,Wicketkeeper,39.0,2,7340.0,149.1,0.0,0.0,23.15,RCB,11.0
Pranav Singh,41,England,Bowler,104.0,6,276.0,124.7,557.0,4.5,23.73,KKR,2.0
Ankit Sharma,34,Australia,Batter,133.0,6,8988.0,103.9,7.0,7.21,42.26,KKR,1.5
Arjun Naidu,35,India,Bowler,389.0,17,1807.0,154.8,486.0,7.61,33.13,RCB,2.0
Sameer Reddy,33,West Indies,Wicketkeeper,121.0,7,11352.0,130.9,0.0,0.0,49.97,CSK,0.2
Ankit Deshmukh,35,Sri Lanka,Allrounder,260.0,16,7422.0,136.4,380.0,5.41,34.31,GT,10.0
Ankit Yadav,22,India,Wicketkeeper,27.0,1,11600.0,107.4,0.0,0.0,34.1,MI,2.0
Rahul Singh,29,South Africa,Bowler,182.0,10,390.0,136.7,752.0,4.29,28.85,RCB,1.5
Irfan Verma,38,Australia,Wicketkeeper,55.0,2,6814.0,113.7,0.0,0.0,24.24,MI,5.0
Amit Shetty,25,India,Batter,23.0,1,7688.0,124.6,11.0,9.03,40.03,RR,2.0
Ankit Deshmukh,22,Australia,Allrounder,77.0,4,3177.0,119.6,149.0,6.99,26.74,LSG,5.0
Harshit Patel,20,India,Batter,37.0,2,6981.0,102.6,8.0,8.61,23.64,DC,0.2
Nikhil Reddy,36,Sri Lanka,Bowler,232.0,15,377.0,107.5,105.0,6.7,30.74,PBKS,7.0
Harshit Kulkarni,42,India,Bowler,39.0,2,1235.0,122.0,694.0,5.81,44.8,SRH,11.0
Aditya Deshmukh,37,England,Allrounder,448.0,16,6018.0,133.7,407.0,7.18,44.99,GT,5.0
Aditya Chopra,31,West Indies,Batter,188.0,11,10801.0,114.3,12.0,7.02,35.33,GT,11.0
Ankit Mehta,19,India,Batter,30.0,1,12945.0,154.1,8.0,7.08,48.49,PBKS,0.5
Sameer Yadav,24,India,Wicketkeeper,91.0,4,7226.0,104.9,0.0,0.0,20.2,GT,2.0
Vikas Patel,36,India,Bowler,35.0,2,938.0,109.6,696.0,4.16,24.0,RCB,3.0
Sameer Khan,28,India,Batter,112.0,5,10380.0,146.5,6.0,7.87,45.79,LSG,3.0
Aditya Khan,39,India,Allrounder,111.0,4,4746.0,119.0,324.0,5.75,37.78,GT,2.0
Karthik Deshmukh,32,Australia,Wicketkeeper,75.0,5,10020.0,143.6,0.0,0.0,49.37,LSG,1.5
Manoj Reddy,18,South Africa,Wicketkeeper,15.0,1,2561.0,149.6,0.0,0.0,37.82,DC,0.5
Aditya Iyer,39,West Indies,Wicketkeeper,443.0,15,5033.0,136.7,0.0,0.0,23.91,RCB,1.5
Rahul Mehta,21,West Indies,Bowler,28.0,1,3543.0,109.9,630.0,6.15,35.11,KKR,0.5
Harshit Naidu,23,South Africa,Allrounder,76.0,4,7302.0,110.4,444.0,7.22,21.83,RCB,5.0
Vikas Malik,24,Australia,Bowler,121.0,5,2637.0,96.3,680.0,4.04,20.29,CSK,0.5
Pranav Shetty,31,South Africa,Bowler,252.0,10,2703.0,109.4,486.0,4.42,27.74,CSK,0.2
Vikas Patel,19,India,Allrounder,23.0,1,6852.0,113.4,175.0,8.45,24.46,RCB,3.0
Nikhil Khan,24,India,Allrounder,52.0,3,5766.0,146.5,376.0,6.91,43.73,GT,3.0
Rahul Iyer,27,India,Allrounder,120.0,7,1738.0,128.7,486.0,6.04,45.02,SRH,10.0
Karthik Chopra,30,Sri Lanka,Bowler,184.0,12,1257.0,135.0,652.0,6.77,50.48,MI,3.0
Rohan Kulkarni,40,India,Wicketkeeper,130.0,8,9230.0,147.2,0.0,0.0,40.26,GT,1.5
Sameer Singh,41,England,Allrounder,311.0,11,3613.0,133.5,125.0,6.5,48.64,GT,7.0
Nikhil Shetty,20,India,Wicketkeeper,21.0,1,9219.0,95.3,0.0,0.0,54.72,KKR,3.0
Ankit Mehta,24,India,Wicketkeeper,152.0,6,9049.0,106.0,0.0,0.0,36.46,LSG,0.2
Karthik Naidu,32,India,Wicketkeeper,151.0,7,11658.0,147.3,0.0,0.0,27.88,DC,3.0
Irfan Shetty,31,India,Bowler,45.0,2,1052.0,103.0,689.0,5.81,33.83,SRH,10.0
Harshit Malik,20,India,Bowler,60.0,2,2243.0,116.8,748.0,4.67,33.07,GT,1.5
Manoj Shetty,35,India,Bowler,199.0,10,821.0,154.7,702.0,7.77,24.02,LSG,1.0
Irfan Reddy,37,England,Wicketkeeper,15.0,1,3043.0,138.6,0.0,0.0,21.81,MI,0.5
Vikas Mehta,21,England,Batter,24.0,1,11612.0,101.3,0.0,6.11,53.79,MI,0.5
Aditya Yadav,27,Australia,Bowler,138.0,5,2533.0,106.6,240.0,7.58,25.66,RR,2.0
Nikhil Mehta,42,India,Allrounder,45.0,3,8577.0,125.9,411.0,5.84,39.94,CSK,3.0
Harshit Khan,34,Australia,Batter,312.0,13,14534.0,140.4,0.0,6.78,30.83,RR,0.2
Sameer Naidu,27,West Indies,Allrounder,51.0,2,1719.0,134.4,235.0,8.23,35.27,KKR,10.0
Karthik Kulkarni,32,South Africa,Wicketkeeper,265.0,10,5473.0,142.4,0.0,0.0,48.63,KKR,5.0
Amit Shetty,19,India,Batter,29.0,1,5968.0,115.4,13.0,7.02,52.76,RCB,3.0
Amit Singh,27,South Africa,Bowler,96.0,4,2317.0,97.5,529.0,4.63,35.89,GT,7.0
Nikhil Naidu,23,England,Allrounder,68.0,3,8995.0,141.3,389.0,7.8,52.18,MI,0.2
Sandeep Shetty,32,Sri Lanka,Bowler,151.0,10,485.0,101.0,198.0,6.03,40.6,LSG,2.0
Pranav Mehta,39,Sri Lanka,Allrounder,292.0,11,3184.0,100.6,360.0,7.72,26.04,MI,3.0
Irfan Mehta,23,West Indies,Batter,81.0,4,9656.0,130.6,13.0,6.04,51.04,RR,7.0
Sameer Shetty,42,England,Batter,88.0,3,12911.0,153.9,15.0,8.35,22.21,GT,7.0
Karthik Malik,24,Australia,Wicketkeeper,58.0,3,5687.0,149.2,0.0,0.0,48.49,PBKS,1.0
Sameer Naidu,31,India,Allrounder,123.0,5,3144.0,153.4,116.0,6.1,30.08,CSK,11.0
Pranav Reddy,33,South Africa,Wicketkeeper,208.0,7,6822.0,148.4,0.0,0.0,50.83,DC,0.5
Pranav Deshmukh,41,South Africa,Wicketkeeper,323.0,11,6748.0,140.5,0.0,0.0,39.72,RR,10.0
Aditya Patel,36,England,Wicketkeeper,196.0,9,7006.0,102.2,0.0,0.0,38.62,DC,11.0
Pranav Sharma,32,Australia,Allrounder,78.0,5,7845.0,142.5,226.0,6.25,46.53,RCB,0.5
Sandeep Mehta,25,West Indies,Wicketkeeper,106.0,4,6971.0,149.6,0.0,0.0,20.52,CSK,5.0
Ankit Khan,39,Australia,Wicketkeeper,425.0,17,2942.0,143.5,0.0,0.0,52.85,KKR,0.2
Rohan Chopra,25,Sri Lanka,Allrounder,93.0,4,1559.0,102.8,231.0,7.76,22.84,CSK,2.0
Vikas Deshmukh,25,England,Bowler,126.0,5,2377.0,132.7,273.0,4.08,42.04,GT,2.0
Vikas Reddy,23,South Africa,Batter,113.0,5,11599.0,118.9,1.0,9.45,31.62,PBKS,3.0
Karthik Yadav,40,India,Batter,149.0,9,7502.0,144.5,2.0,8.19,52.79,LSG,10.0
Vikas Iyer,29,India,Wicketkeeper,25.0,1,4193.0,143.2,0.0,0.0,34.93,SRH,5.0
Ankit Chopra,19,West Indies,Wicketkeeper,29.0,1,9575.0,133.1,0.0,0.0,49.97,KKR,2.0
Sameer Reddy,24,Australia,Allrounder,50.0,2,4998.0,108.0,176.0,6.72,25.94,LSG,7.0
Aditya Sharma,40,India,Wicketkeeper,229.0,13,10457.0,95.0,0.0,0.0,45.14,KKR,11.0
Rohan Patel,24,India,Wicketkeeper,81.0,5,11930.0,101.7,0.0,0.0,28.53,DC,0.2
Sameer Patel,27,India,Batter,50.0,2,11015.0,128.6,13.0,7.04,33.93,CSK,11.0
Pranav Malik,19,England,Batter,18.0,1,9418.0,98.3,9.0,8.36,24.34,PBKS,0.2
Karthik Mehta,34,India,Wicketkeeper,267.0,9,5716.0,125.0,0.0,0.0,31.79,LSG,7.0
Manoj Patel,25,Australia,Batter,132.0,7,8266.0,99.0,14.0,7.04,51.35,SRH,1.0
Aditya Naidu,38,India,Allrounder,267.0,12,1687.0,102.3,453.0,7.42,22.28,GT,0.5
Manoj Sharma,29,Sri Lanka,Bowler,172.0,11,2974.0,135.9,493.0,7.7,34.61,RCB,2.0
Manoj Shetty,34,India,Allrounder,363.0,16,2197.0,140.4,365.0,7.46,47.3,LSG,5.0
Sandeep Mehta,40,India,Batter,473.5,18,4554.0,120.8,6.0,7.67,20.39,RCB,1.5
Vikas Naidu,36,Australia,Bowler,83.0,4,2450.0,131.2,740.0,7.52,27.11,LSG,0.2
Pranav Patel,36,India,Allrounder,473.5,17,4868.0,149.9,296.0,8.22,54.62,KKR,3.0
Sameer Deshmukh,32,India,Allrounder,30.0,1,6241.0,154.9,73.0,8.06,28.56,GT,10.0
Irfan Kulkarni,42,India,Wicketkeeper,58.0,2,2990.0,145.5,0.0,0.0,48.81,DC,1.5
Karthik Sharma,31,West Indies,Batter,101.0,5,11812.0,100.9,9.0,6.81,54.28,LSG,0.5
Arjun Yadav,32,India,Allrounder,200.0,9,5739.0,147.3,470.0,6.04,20.14,CSK,2.0
Vikas Reddy,42,Australia,Wicketkeeper,356.0,12,2618.0,96.3,0.0,0.0,36.31,DC,0.2
Karthik Iyer,27,India,Bowler,76.0,5,774.0,136.4,200.0,4.91,39.79,GT,7.0
Harshit Kulkarni,32,Australia,Bowler,197.0,9,3028.0,104.8,164.0,4.29,33.58,RR,7.0
Aditya Mehta,31,Australia,Allrounder,153.0,8,3688.0,142.5,495.0,5.65,34.56,GT,3.0
Amit Yadav,19,India,Bowler,29.0,1,2565.0,124.1,460.0,4.36,23.18,RCB,1.5
Sandeep Reddy,31,India,Allrounder,18.0,1,7588.0,109.4,225.0,5.45,50.08,PBKS,7.0
Sameer Iyer,23,South Africa,Batter,42.0,2,6208.0,144.6,7.0,9.24,31.69,PBKS,3.0
Ankit Malik,18,England,Bowler,23.0,1,3969.0,127.9,83.0,5.04,45.26,RR,7.0
Nikhil Kulkarni,25,India,Wicketkeeper,26.0,1,7008.0,154.6,0.0,0.0,24.6,PBKS,3.0
Vikas Khan,19,India,Wicketkeeper,18.0,1,4891.0,98.0,0.0,0.0,44.3,RCB,7.0
Vikas Patel,38,England,Allrounder,302.0,20,1680.0,145.8,189.0,7.91,43.75,GT,3.0
Pranav Chopra,22,India,Batter,54.0,2,14351.0,125.7,12.0,9.34,51.98,RCB,2.0
Rohan Chopra,34,India,Batter,147.0,5,6891.0,145.8,1.0,9.39,30.84,MI,11.0
Aditya Naidu,29,West Indies,Allrounder,120.0,5,5132.0,127.9,427.0,5.69,35.86,KKR,3.0
Sameer Yadav,33,West Indies,Wicketkeeper,188.0,10,6938.0,147.7,0.0,0.0,23.5,PBKS,3.0
Vikas Chopra,40,England,Allrounder,186.0,11,5889.0,140.1,120.0,5.9,23.32,MI,1.0
Harshit Chopra,33,South Africa,Bowler,62.0,3,3489.0,118.2,214.0,5.22,41.79,RCB,3.0
Arjun Singh,36,England,Batter,273.0,12,13592.0,146.6,14.0,6.55,35.66,RCB,3.0
Ankit Khan,39,India,Batter,272.0,14,3878.0,123.1,3.0,9.21,29.63,DC,0.5
Irfan Verma,36,West Indies,Allrounder,326.0,14,4675.0,95.2,92.0,5.5,38.63,SRH,0.2
Irfan Deshmukh,39,West Indies,Batter,306.0,11,7615.0,118.5,3.0,6.38,40.62,SRH,3.0
Arjun Mehta,40,Australia,Batter,238.0,11,9671.0,105.5,9.0,6.96,47.12,RCB,7.0
Amit Naidu,19,England,Allrounder,26.0,1,7921.0,101.0,220.0,8.31,25.45,RR,3.0
Irfan Singh,37,West Indies,Allrounder,114.0,7,8535.0,97.3,71.0,8.36,54.22,GT,1.0
Karthik Naidu,34,Australia,Bowler,132.0,5,3144.0,147.4,542.0,4.02,30.76,DC,5.0
Rohan Singh,38,India,Wicketkeeper,334.0,16,7150.0,151.3,0.0,0.0,31.09,PBKS,0.2
Vikas Chopra,40,India,Bowler,114.0,4,1181.0,99.8,834.0,6.49,28.48,LSG,2.0
Nikhil Naidu,36,India,Wicketkeeper,122.0,8,10584.0,141.4,0.0,0.0,38.5,PBKS,0.5
Sameer Singh,19,Australia,Allrounder,24.0,1,6162.0,120.7,392.0,8.25,50.44,PBKS,0.5
Sameer Verma,41,South Africa,Wicketkeeper,319.0,14,4672.0,121.9,0.0,0.0,54.27,MI,0.5
Harshit Reddy,24,India,Allrounder,109.0,6,4202.0,114.7,226.0,8.36,51.01,LSG,1.5
Sameer Sharma,36,Sri Lanka,Allrounder,175.0,8,5159.0,107.6,174.0,7.97,41.85,RCB,0.2
Rohan Patel,37,India,Wicketkeeper,30.0,1,4917.0,99.4,0.0,0.0,49.28,RCB,1.5
Ankit Yadav,39,Australia,Wicketkeeper,449.0,16,8526.0,105.5,0.0,0.0,22.48,MI,2.0
Rohan Patel,21,India,Bowler,48.0,3,1388.0,129.6,369.0,5.52,49.92,LSG,2.0
Harshit Verma,29,England,Bowler,169.0,6,3946.0,121.4,424.0,7.7,22.12,DC,1.5
Rahul Reddy,29,India,Bowler,131.0,7,1527.0,128.9,877.5,6.85,35.68,GT,7.0
Manoj Chopra,39,West Indies,Wicketkeeper,450.0,16,8334.0,113.6,0.0,0.0,37.58,CSK,0.5
Harshit Deshmukh,42,India,Allrounder,15.0,1,5618.0,140.4,253.0,6.19,39.04,PBKS,2.0
Rohan Yadav,42,Sri Lanka,Batter,390.0,22,9071.0,127.6,10.0,9.07,28.34,MI,0.2
Harshit Iyer,39,Sri Lanka,Allrounder,389.0,16,3396.0,128.4,154.0,7.98,27.24,MI,0.2
Sameer Sharma,30,India,Wicketkeeper,152.0,9,9385.0,132.4,0.0,0.0,32.52,PBKS,3.0
Rahul Sharma,19,England,Batter,21.0,1,12784.0,122.2,2.0,8.96,45.43,DC,3.0
Irfan Yadav,20,India,Allrounder,20.0,1,4825.0,118.8,185.0,5.33,54.41,RCB,10.0
Pranav Kulkarni,19,India,Bowler,28.0,1,995.0,104.6,591.0,7.07,29.72,KKR,3.0
Sameer Sharma,36,West Indies,Bowler,47.0,2,2606.0,134.0,538.0,5.25,46.49,KKR,11.0
Arjun Chopra,34,India,Batter,157.0,6,7868.0,125.6,9.0,8.62,48.38,PBKS,0.2
Harshit Shetty,32,Sri Lanka,Batter,245.0,9,9622.0,102.4,7.0,7.53,39.76,RR,0.2
Aditya Sharma,41,India,Bowler,211.0,9,2099.0,142.6,796.0,7.62,40.25,GT,0.2
Sandeep Deshmukh,20,South Africa,Allrounder,24.0,1,5438.0,150.8,182.0,7.26,34.99,RR,0.5
Rohan Malik,22,Australia,Allrounder,89.0,4,6810.0,153.6,326.0,6.16,50.22,CSK,3.0
Harshit Naidu,24,South Africa,Bowler,142.0,6,981.0,122.8,532.0,5.23,34.53,PBKS,5.0
Pranav Deshmukh,37,Sri Lanka,Batter,278.0,11,7953.0,152.5,8.0,6.52,34.15,GT,0.2
Rohan Reddy,37,Sri Lanka,Bowler,330.0,19,1253.0,106.4,343.0,7.33,39.18,GT,11.0
Harshit Mehta,30,England,Bowler,213.0,10,376.0,140.9,414.0,4.09,40.33,PBKS,7.0
Rohan Kulkarni,28,India,Wicketkeeper,183.0,7,7073.0,132.5,0.0,0.0,21.81,RCB,1.0
Harshit Shetty,18,India,Wicketkeeper,27.0,1,6895.0,107.7,0.0,0.0,22.6,PBKS,0.2
Manoj Reddy,42,India,Wicketkeeper,347.0,19,11310.0,112.3,0.0,0.0,41.96,GT,0.5
Vikas Kulkarni,23,Australia,Bowler,42.0,2,2294.0,131.7,582.0,6.15,39.22,RCB,0.5
Vikas Naidu,22,India,Batter,45.0,2,14583.0,109.7,8.0,6.96,24.8,KKR,0.5
Vikas Chopra,19,Sri Lanka,Batter,24.0,1,14580.0,132.0,10.0,8.97,26.53,RR,2.0
Amit Khan,33,England,Bowler,218.0,9,2392.0,147.4,474.0,4.67,46.0,SRH,1.0
Pranav Reddy,39,Sri Lanka,Wicketkeeper,293.0,11,8813.0,134.6,0.0,0.0,34.24,DC,1.5
Sameer Singh,35,India,Batter,19.0,1,9481.0,153.8,15.0,6.92,47.9,DC,11.0
Pranav Verma,38,Australia,Allrounder,264.0,14,4893.0,145.9,154.0,6.06,46.56,PBKS,5.0
Ankit Reddy,23,Australia,Batter,87.0,4,8818.0,120.6,6.0,7.04,26.51,MI,11.0
Amit Sharma,26,India,Bowler,86.0,5,2805.0,138.4,602.0,4.42,29.36,SRH,0.5
Karthik Deshmukh,31,England,Allrounder,137.0,8,1915.0,154.7,167.0,7.87,22.68,MI,1.5
Nikhil Chopra,28,India,Batter,55.0,2,8575.0,143.1,13.0,7.66,47.61,DC,3.0
Vikas Yadav,29,West Indies,Batter,246.0,11,3813.0,115.9,2.0,8.66,35.88,DC,0.2
Sameer Iyer,38,West Indies,Bowler,256.0,9,3682.0,153.4,513.0,6.26,31.46,RCB,0.2
Sandeep Malik,31,India,Bowler,251.0,12,527.0,111.2,292.0,7.51,54.62,LSG,5.0
Amit Reddy,24,West Indies,Batter,84.0,5,11045.0,122.8,1.0,8.35,41.47,CSK,5.0
Sandeep Mehta,19,West Indies,Bowler,23.0,1,1431.0,111.5,550.0,5.04,23.97,MI,2.0
Ankit Mehta,38,India,Wicketkeeper,235.0,10,4674.0,101.8,0.0,0.0,32.17,PBKS,2.0
Ankit Mehta,33,South Africa,Bowler,18.0,1,3921.0,131.5,195.0,6.9,23.59,PBKS,2.0
Sameer Chopra,27,India,Allrounder,79.0,4,8605.0,131.1,43.0,7.98,53.63,KKR,0.2
Aditya Khan,38,India,Wicketkeeper,296.0,16,3157.0,135.2,0.0,0.0,26.13,DC,1.5
Nikhil Shetty,31,India,Batter,33.0,2,9577.0,133.9,14.0,7.66,20.99,RCB,0.5
Irfan Naidu,27,Australia,Bowler,147.0,6,979.0,102.8,238.0,4.06,28.81,MI,0.2
Rahul Mehta,19,Sri Lanka,Bowler,24.0,1,1019.0,124.2,877.5,5.63,24.83,RCB,11.0
Manoj Reddy,20,South Africa,Wicketkeeper,16.0,1,5375.0,135.4,0.0,0.0,40.86,DC,3.0
Rahul Khan,25,England,Wicketkeeper,40.0,2,10858.0,112.7,0.0,0.0,20.48,RR,5.0
Rohan Naidu,18,England,Bowler,25.0,1,613.0,118.5,511.0,4.3,25.39,DC,1.0
Pranav Yadav,32,Sri Lanka,Batter,48.0,3,5358.0,132.7,14.0,7.32,39.15,RR,1.5
Amit Sharma,41,South Africa,Batter,305.0,11,10986.0,115.6,1.0,6.81,41.49,DC,1.0
Ankit Naidu,31,India,Batter,195.0,10,4363.0,140.2,2.0,9.01,39.37,MI,0.2
Harshit Iyer,30,England,Bowler,222.0,8,3259.0,116.9,272.0,5.38,50.78,KKR,0.5
Amit Kulkarni,36,Australia,Bowler,187.0,8,1154.0,154.3,831.0,4.15,43.25,DC,7.0
Irfan Malik,36,England,Batter,286.0,11,3918.0,97.3,14.0,8.38,41.19,RR,5.0
Sandeep Malik,36,West Indies,Bowler,208.0,10,131.0,101.3,231.0,5.84,29.73,MI,3.0
Pranav Verma,26,West Indies,Wicketkeeper,66.0,3,7921.0,148.4,0.0,0.0,39.25,RR,2.0
Sandeep Deshmukh,41,Australia,Batter,64.0,4,13689.0,99.4,2.0,7.45,44.99,CSK,10.0
Harshit Singh,28,India,Batter,103.0,5,6118.0,131.8,9.0,8.46,37.86,MI,0.2
Vikas Reddy,30,India,Bowler,90.0,6,1293.0,130.6,573.0,5.65,28.17,KKR,1.0
Vikas Naidu,40,India,Allrounder,327.0,12,8214.0,130.3,316.0,8.29,30.89,CSK,1.5
Harshit Verma,27,Sri Lanka,Wicketkeeper,59.0,2,9855.0,122.0,0.0,0.0,48.2,KKR,7.0
Harshit Naidu,19,Australia,Batter,29.0,1,4007.0,112.6,3.0,6.57,43.78,CSK,11.0
Arjun Khan,23,India,Bowler,85.0,3,3357.0,142.6,658.0,5.2,24.57,KKR,1.0
Karthik Kulkarni,41,England,Batter,337.0,16,11670.0,99.1,3.0,8.67,20.44,GT,10.0
Ankit Sharma,32,India,Wicketkeeper,168.0,7,6378.0,148.9,0.0,0.0,40.35,DC,7.0
Amit Shetty,40,India,Bowler,462.0,19,2953.0,109.0,451.0,5.34,41.59,MI,1.0
Nikhil Shetty,36,India,Wicketkeeper,60.0,3,3706.0,125.5,0.0,0.0,54.71,GT,1.5
Sameer Reddy,33,Sri Lanka,Bowler,157.0,10,2126.0,133.1,696.0,7.74,35.5,SRH,2.0
Amit Reddy,40,Australia,Allrounder,225.0,9,8283.0,135.9,116.0,6.72,23.56,DC,11.0
Sameer Malik,41,Sri Lanka,Bowler,170.0,11,2719.0,99.5,589.0,5.25,22.57,DC,0.5
Nikhil Verma,30,India,Batter,91.0,6,10683.0,124.1,10.0,6.69,47.47,RR,7.0
Karthik Patel,31,India,Bowler,71.0,3,106.0,115.1,858.0,5.84,22.88,PBKS,1.5
Rahul Chopra,22,West Indies,Batter,115.0,4,3327.0,111.3,3.0,7.93,41.52,RR,5.0
Irfan Sharma,18,India,Wicketkeeper,23.0,1,11867.0,153.6,0.0,0.0,23.9,PBKS,2.0
Amit Sharma,18,India,Wicketkeeper,30.0,1,9155.0,107.7,0.0,0.0,36.56,KKR,3.0
Ankit Khan,39,Sri Lanka,Batter,149.0,6,11043.0,141.3,15.0,9.39,51.44,GT,7.0
Pranav Mehta,19,India,Allrounder,27.0,1,5649.0,154.5,106.0,6.17,23.6,LSG,7.0
Manoj Kulkarni,21,South Africa,Allrounder,24.0,1,5055.0,146.3,54.0,5.19,52.45,PBKS,10.0
Pranav Singh,33,England,Bowler,169.0,8,2848.0,101.8,877.5,4.34,21.16,PBKS,0.2
Sandeep Sharma,36,India,Bowler,73.0,4,1508.0,107.6,490.0,4.4,53.95,DC,5.0
Harshit Verma,25,India,Wicketkeeper,150.0,7,3235.0,135.1,0.0,0.0,47.25,GT,0.5
Rahul Reddy,19,Australia,Allrounder,28.0,1,6734.0,127.1,282.0,7.72,47.91,LSG,2.0
Arjun Iyer,24,Sri Lanka,Batter,76.0,3,7294.0,113.9,14.0,8.09,39.64,MI,3.0
Nikhil Yadav,27,England,Wicketkeeper,203.0,8,11512.0,127.0,0.0,0.0,48.82,DC,2.0
Ankit Reddy,27,Sri Lanka,Bowler,108.0,4,508.0,119.7,261.0,7.73,46.72,PBKS,2.0
Irfan Patel,29,India,Batter,48.0,3,14420.0,141.6,12.0,6.35,33.0,PBKS,11.0
Sandeep Reddy,26,India,Batter,178.0,7,4458.0,116.8,13.0,6.14,41.37,LSG,0.5
Ankit Yadav,36,India,Bowler,185.0,7,312.0,150.4,331.0,4.45,22.72,CSK,5.0
Arjun Yadav,42,England,Wicketkeeper,471.0,18,11189.0,150.8,0.0,0.0,44.75,CSK,1.5
Vikas Yadav,22,England,Allrounder,71.0,4,4969.0,118.4,393.0,6.15,45.93,DC,0.5
Nikhil Kulkarni,23,West Indies,Bowler,30.0,1,1038.0,135.3,571.0,6.29,33.62,SRH,0.5
Sandeep Chopra,34,South Africa,Batter,97.0,4,13886.0,154.4,6.0,7.71,27.49,RCB,11.0
Karthik Yadav,27,India,Batter,106.0,6,5251.0,112.5,7.0,7.46,46.78,PBKS,10.0
Arjun Reddy,20,India,Wicketkeeper,55.0,2,6502.0,140.8,0.0,0.0,30.24,DC,10.0
Ankit Malik,36,England,Wicketkeeper,218.0,9,10402.0,99.9,0.0,0.0,20.4,CSK,11.0
Aditya Naidu,40,India,Wicketkeeper,473.5,22,7425.0,120.6,0.0,0.0,34.36,PBKS,0.5
Pranav Verma,24,Australia,Bowler,25.0,1,845.0,123.2,438.0,7.76,28.97,KKR,1.5
Rahul Deshmukh,25,Sri Lanka,Batter,120.0,5,3518.0,124.5,4.0,9.12,40.97,DC,5.0
Nikhil Verma,32,India,Batter,57.0,3,9234.0,118.0,11.0,6.33,53.05,GT,2.0
Manoj Iyer,32,Australia,Allrounder,215.0,11,3134.0,115.7,335.0,7.06,41.9,PBKS,2.0
Sameer Malik,21,India,Wicketkeeper,55.0,2,11033.0,149.6,0.0,0.0,29.59,LSG,1.5
Amit Reddy,35,Australia,Allrounder,223.0,11,7840.0,152.5,336.0,6.77,26.03,PBKS,3.0
Harshit Patel,38,India,Allrounder,139.0,9,3956.0,131.9,114.0,7.52,43.79,CSK,3.0
Rohan Mehta,33,England,Wicketkeeper,266.0,13,4961.0,116.1,0.0,0.0,30.99,KKR,0.5
Irfan Chopra,21,West Indies,Batter,28.0,1,13015.0,107.9,3.0,8.39,34.69,MI,2.0
Ankit Naidu,24,India,Bowler,46.0,2,1256.0,95.5,877.5,4.72,53.95,DC,3.0
Rahul Singh,34,India,Batter,57.0,3,7908.0,153.2,14.0,7.51,24.91,LSG,3.0
Pranav Patel,29,Australia,Batter,192.0,7,5643.0,107.1,12.0,8.06,47.65,RR,0.5
Sameer Singh,23,South Africa,Allrounder,55.0,3,1526.0,101.8,131.0,7.74,51.92,SRH,5.0
Aditya Verma,21,India,Allrounder,19.0,1,6936.0,131.8,167.0,5.68,54.5,RR,0.2
Karthik Malik,36,Sri Lanka,Batter,213.0,10,13918.0,152.4,9.0,9.09,31.99,MI,1.5
Manoj Khan,25,England,Wicketkeeper,61.0,3,10237.0,101.3,0.0,0.0,26.59,CSK,7.0
Manoj Sharma,39,West Indies,Batter,57.0,2,4261.0,142.6,1.0,7.75,25.26,KKR,3.0
Rahul Reddy,32,England,Allrounder,184.0,10,2110.0,114.4,172.0,7.31,31.94,KKR,1.0
Amit Khan,38,India,Bowler,63.0,3,2593.0,123.0,189.0,6.52,48.42,RCB,5.0
Rahul Reddy,33,India,Wicketkeeper,167.0,6,8028.0,104.4,0.0,0.0,47.65,GT,3.0
Arjun Deshmukh,31,Australia,Batter,90.0,5,6141.0,106.6,6.0,6.22,42.97,DC,7.0
Manoj Singh,39,India,Wicketkeeper,171.0,7,8079.0,146.3,0.0,0.0,28.84,CSK,5.0
Sameer Reddy,37,West Indies,Allrounder,52.0,3,5098.0,127.2,371.0,6.15,27.41,DC,3.0
Aditya Naidu,37,India,Allrounder,96.0,4,1987.0,141.4,400.0,7.84,25.09,GT,2.0
Nikhil Iyer,28,India,Allrounder,82.0,3,8567.0,141.5,99.0,6.62,31.81,RCB,0.5
Sandeep Mehta,38,Australia,Allrounder,92.0,4,2424.0,98.0,188.0,7.22,41.3,PBKS,1.0
Harshit Patel,21,West Indies,Batter,60.0,2,8928.0,144.8,12.0,6.53,32.44,KKR,2.0
Rohan Malik,36,South Africa,Batter,146.0,7,5520.0,145.5,0.0,6.99,21.76,RCB,3.0
Rahul Naidu,21,India,Batter,19.0,1,3846.0,117.2,9.0,7.39,29.97,SRH,2.0
Nikhil Chopra,40,West Indies,Wicketkeeper,250.0,10,9106.0,149.7,0.0,0.0,46.28,GT,1.0
Arjun Patel,29,India,Allrounder,268.0,10,3028.0,137.9,449.0,5.22,38.46,GT,0.2
Pranav Reddy,37,England,Bowler,120.0,4,2484.0,113.8,184.0,7.42,40.1,LSG,2.0
Aditya Kulkarni,31,India,Allrounder,115.0,5,3067.0,124.4,447.0,6.75,35.96,PBKS,1.0
Sameer Patel,22,India,Batter,16.0,1,11476.0,140.3,10.0,6.72,35.8,MI,5.0
Ankit Reddy,22,India,Batter,58.0,2,6863.0,110.6,9.0,9.35,43.9,GT,0.2
Sameer Deshmukh,23,India,Allrounder,93.0,5,8720.0,134.8,411.0,8.29,50.49,CSK,3.0
Sandeep Reddy,41,India,Wicketkeeper,197.0,9,5090.0,144.6,0.0,0.0,32.6,LSG,11.0
Vikas Khan,18,India,Allrounder,22.0,1,5898.0,104.4,257.0,7.1,38.74,SRH,0.5
Irfan Naidu,32,South Africa,Batter,202.0,13,8094.0,139.6,4.0,6.81,38.48,LSG,2.0
Pranav Deshmukh,37,South Africa,Wicketkeeper,165.0,7,7454.0,119.7,0.0,0.0,29.41,RR,0.2
Irfan Iyer,19,India,Wicketkeeper,29.0,1,8038.0,154.9,0.0,0.0,22.51,MI,3.0
Amit Yadav,23,India,Batter,68.0,3,4196.0,108.0,0.0,6.15,53.99,KKR,3.0
Sameer Iyer,40,Sri Lanka,Wicketkeeper,400.0,22,8146.0,153.8,0.0,0.0,42.92,SRH,2.0
Ankit Verma,26,South Africa,Wicketkeeper,87.0,3,11213.0,147.8,0.0,0.0,27.49,MI,3.0
Karthik Malik,36,India,Bowler,179.0,7,2256.0,103.6,406.0,7.69,23.54,RR,10.0
Arjun Kulkarni,40,West Indies,Bowler,111.0,6,3256.0,129.4,603.0,4.43,47.33,MI,0.5
Pranav Yadav,36,Sri Lanka,Wicketkeeper,175.0,7,9487.0,117.0,0.0,0.0,54.23,RCB,0.2
Sameer Deshmukh,34,Australia,Wicketkeeper,20.0,1,6305.0,121.1,0.0,0.0,25.27,CSK,10.0
Rahul Chopra,29,England,Bowler,194.0,8,963.0,135.7,152.0,5.77,49.13,PBKS,3.0
Pranav Patel,20,England,Bowler,37.0,2,1279.0,130.6,804.0,5.74,29.36,KKR,10.0
Ankit Sharma,32,India,Batter,306.0,12,10855.0,154.2,11.0,8.26,21.72,LSG,3.0
Pranav Mehta,18,South Africa,Allrounder,21.0,1,7908.0,128.7,217.0,8.1,28.82,PBKS,7.0
Aditya Reddy,32,India,Wicketkeeper,135.0,7,11459.0,152.3,0.0,0.0,36.92,RCB,2.0
Rahul Mehta,18,West Indies,Allrounder,23.0,1,7560.0,105.9,223.0,6.16,28.56,SRH,5.0
Sameer Singh,26,England,Bowler,66.0,3,412.0,131.9,280.0,7.16,51.96,PBKS,10.0
Aditya Singh,24,India,Batter,134.0,6,7819.0,102.3,3.0,6.81,20.21,PBKS,3.0
Pranav Deshmukh,36,India,Bowler,401.0,14,2883.0,154.9,181.0,5.93,44.32,DC,0.5
Rohan Singh,18,India,Wicketkeeper,28.0,1,6258.0,113.5,0.0,0.0,50.69,MI,1.0
Irfan Singh,30,Australia,Batter,98.0,6,11048.0,95.9,7.0,8.74,48.59,CSK,0.5
Sandeep Yadav,33,India,Bowler,332.0,15,3547.0,104.0,798.0,5.14,27.92,SRH,1.0
Irfan Sharma,33,India,Wicketkeeper,265.0,14,11429.0,123.1,0.0,0.0,34.87,KKR,1.0
Karthik Patel,21,India,Batter,26.0,1,8033.0,105.3,14.0,7.01,46.68,GT,3.0
Sameer Iyer,41,India,Allrounder,412.0,22,5114.0,141.7,423.0,8.47,30.36,MI,3.0
Vikas Shetty,28,India,Wicketkeeper,168.0,10,3936.0,109.7,0.0,0.0,27.62,LSG,2.0
Rahul Khan,27,West Indies,Bowler,92.0,4,1649.0,128.1,245.0,4.52,41.19,CSK,3.0
Aditya Shetty,25,Australia,Wicketkeeper,15.0,1,2938.0,137.3,0.0,0.0,43.81,DC,0.2
Arjun Shetty,25,India,Batter,195.0,7,9840.0,114.8,9.0,7.02,43.85,CSK,0.2
Pranav Sharma,35,India,Batter,197.0,12,11205.0,107.8,4.0,7.22,33.1,CSK,0.5
Amit Chopra,27,Sri Lanka,Allrounder,31.0,2,2603.0,100.3,305.0,5.95,49.05,MI,2.0
Manoj Kulkarni,26,Sri Lanka,Batter,173.0,7,10300.0,108.2,6.0,8.99,22.27,GT,0.5
Nikhil Mehta,23,Sri Lanka,Allrounder,15.0,1,3217.0,107.7,380.0,7.59,33.77,PBKS,1.0
Vikas Kulkarni,22,Sri Lanka,Allrounder,23.0,1,3245.0,108.6,410.0,5.22,47.75,SRH,2.0
Sandeep Patel,24,South Africa,Allrounder,68.0,3,2043.0,107.4,485.0,7.82,31.76,CSK,7.0
Irfan Reddy,19,India,Allrounder,15.0,1,6652.0,99.5,189.0,5.47,54.73,CSK,0.2
Vikas Singh,21,England,Batter,29.0,1,12358.0,127.5,9.0,8.29,46.79,DC,5.0
Harshit Iyer,22,India,Wicketkeeper,26.0,1,9434.0,145.4,0.0,0.0,48.24,RCB,5.0
Sandeep Kulkarni,42,Sri Lanka,Wicketkeeper,473.5,22,3757.0,96.0,0.0,0.0,26.54,MI,7.0
Aditya Chopra,40,Sri Lanka,Wicketkeeper,471.0,17,10300.0,134.3,0.0,0.0,33.15,LSG,10.0
Irfan Patel,41,West Indies,Allrounder,347.0,15,5306.0,134.9,376.0,8.44,53.48,KKR,0.2
Nikhil Chopra,20,West Indies,Bowler,22.0,1,2517.0,146.8,547.0,4.77,31.25,MI,0.5
Rohan Chopra,38,India,Batter,94.0,6,7504.0,104.5,11.0,9.46,38.07,LSG,10.0
Ankit Singh,21,South Africa,Allrounder,77.0,3,8123.0,121.0,464.0,7.77,36.38,GT,2.0
Rohan Patel,20,West Indies,Bowler,58.0,2,2808.0,120.5,111.0,7.75,41.14,GT,3.0
Harshit Verma,33,India,Wicketkeeper,177.0,10,8198.0,98.3,0.0,0.0,49.48,CSK,5.0
Arjun Singh,33,India,Allrounder,340.0,13,2368.0,119.2,432.0,7.27,20.57,PBKS,5.0
Pranav Reddy,35,India,Bowler,257.0,11,3688.0,95.8,365.0,6.25,20.04,RCB,10.0
Nikhil Iyer,27,India,Bowler,103.0,4,2308.0,106.3,403.0,6.34,26.72,LSG,11.0
Vikas Chopra,26,South Africa,Wicketkeeper,29.0,1,2638.0,134.2,0.0,0.0,21.88,DC,5.0
Pranav Patel,22,India,Wicketkeeper,29.0,1,11657.0,113.8,0.0,0.0,25.23,DC,1.0
Amit Kulkarni,39,England,Bowler,224.0,9,2944.0,134.7,424.0,6.2,45.24,DC,10.0
Rohan Verma,42,Sri Lanka,Allrounder,217.0,8,5728.0,100.4,402.0,5.89,22.75,CSK,0.2
Karthik Deshmukh,36,West Indies,Wicketkeeper,347.0,14,5199.0,120.6,0.0,0.0,53.1,GT,1.0
Harshit Khan,38,India,Batter,133.0,5,5291.0,110.4,0.0,6.76,23.53,CSK,10.0
Karthik Shetty,26,India,Allrounder,20.0,1,3917.0,135.8,246.0,7.12,42.5,MI,1.0
Ankit Kulkarni,21,West Indies,Wicketkeeper,89.0,3,2755.0,146.7,0.0,0.0,37.02,LSG,1.0
Aditya Verma,26,South Africa,Batter,43.0,2,10921.0,112.4,2.0,6.47,43.19,GT,0.5
Rohan Iyer,34,India,Allrounder,407.0,14,3894.0,126.9,193.0,7.15,43.9,RR,7.0
Nikhil Chopra,33,Sri Lanka,Allrounder,17.0,1,2441.0,147.9,452.0,7.23,40.51,RR,2.0
Karthik Shetty,18,India,Wicketkeeper,22.0,1,5072.0,141.7,0.0,0.0,28.7,CSK,5.0
Aditya Verma,28,India,Batter,220.0,8,3477.0,149.1,14.0,8.37,33.5,SRH,1.0
Irfan Reddy,25,West Indies,Allrounder,48.0,2,6526.0,138.5,487.0,7.73,22.08,RR,5.0
Nikhil Shetty,33,India,Allrounder,328.0,11,7855.0,102.8,69.0,7.04,53.86,CSK,7.0
Harshit Naidu,26,West Indies,Batter,119.0,4,12664.0,101.6,4.0,8.84,24.26,LSG,1.0
Rohan Naidu,26,Australia,Bowler,172.0,7,496.0,115.7,187.0,6.26,21.22,CSK,2.0
Rahul Chopra,39,Australia,Batter,136.0,7,5226.0,118.3,7.0,7.9,23.54,RR,0.5
Aditya Reddy,20,India,Allrounder,46.0,2,7948.0,149.9,103.0,7.81,46.48,DC,11.0
Nikhil Patel,23,India,Allrounder,61.0,4,3513.0,108.0,178.0,7.88,29.23,LSG,5.0
Rohan Yadav,25,England,Wicketkeeper,153.0,7,10184.0,107.5,0.0,0.0,46.78,RCB,10.0
Vikas Reddy,27,England,Allrounder,17.0,1,8670.0,138.0,372.0,8.32,50.85,RCB,1.0
Rahul Patel,39,Australia,Bowler,88.0,5,2609.0,118.3,148.0,6.43,34.9,DC,7.0
Pranav Iyer,21,South Africa,Batter,45.0,3,11008.0,96.9,3.0,6.26,44.34,CSK,7.0
Pranav Mehta,25,India,Wicketkeeper,94.0,6,8406.0,121.3,0.0,0.0,39.33,KKR,5.0
Pranav Verma,22,India,Batter,50.0,2,9944.0,111.6,14.0,7.95,36.66,SRH,11.0
Irfan Yadav,38,Australia,Allrounder,205.0,8,2614.0,118.3,201.0,6.65,48.72,GT,1.5
Rahul Malik,42,India,Batter,385.0,14,8122.0,131.2,9.0,7.58,51.34,RR,0.5
Harshit Deshmukh,26,West Indies,Wicketkeeper,62.0,3,7897.0,147.0,0.0,0.0,51.16,MI,5.0
Harshit Shetty,28,West Indies,Wicketkeeper,69.0,4,9077.0,111.2,0.0,0.0,21.22,DC,5.0
Amit Chopra,34,Australia,Allrounder,149.0,5,8193.0,111.7,476.0,5.91,51.83,MI,3.0
Sandeep Shetty,39,India,Batter,199.0,10,8690.0,99.9,11.0,8.27,24.74,KKR,0.5
Arjun Sharma,36,England,Allrounder,232.0,8,6782.0,132.8,127.0,5.54,45.74,KKR,2.0
Amit Khan,34,England,Allrounder,16.0,1,8650.0,151.4,294.0,8.01,27.06,LSG,1.0
Nikhil Kulkarni,40,India,Batter,473.5,22,7247.0,109.4,9.0,7.08,32.56,LSG,2.0
Rohan Deshmukh,22,Sri Lanka,Bowler,76.0,3,1976.0,129.5,339.0,7.48,45.84,LSG,5.0
Rohan Shetty,27,India,Wicketkeeper,79.0,5,7515.0,124.4,0.0,0.0,21.01,PBKS,5.0
Amit Reddy,31,South Africa,Batter,147.0,5,11717.0,127.3,4.0,6.22,45.16,CSK,1.0
Sandeep Deshmukh,30,England,Wicketkeeper,121.0,5,5906.0,107.9,0.0,0.0,45.27,LSG,2.0
Harshit Khan,33,England,Bowler,235.0,8,2668.0,119.7,377.0,7.08,46.12,GT,1.0
Nikhil Patel,38,India,Batter,200.0,13,7164.0,135.7,0.0,7.41,46.74,RCB,0.5
Rohan Shetty,32,India,Allrounder,83.0,3,5064.0,115.7,62.0,8.47,34.39,DC,7.0
Nikhil Malik,20,India,Batter,34.0,2,13358.0,107.2,8.0,6.58,44.27,PBKS,10.0
Nikhil Iyer,32,India,Wicketkeeper,26.0,1,4206.0,150.0,0.0,0.0,33.81,RR,1.5
Vikas Patel,40,India,Allrounder,295.0,16,2578.0,112.1,230.0,5.63,35.93,RR,5.0
Vikas Kulkarni,19,West Indies,Allrounder,23.0,1,3690.0,109.0,119.0,6.02,45.76,PBKS,10.0
Sandeep Kulkarni,32,South Africa,Allrounder,158.0,9,7941.0,127.4,475.0,5.03,47.78,KKR,7.0
Nikhil Reddy,33,England,Allrounder,228.0,10,6452.0,131.2,397.0,5.93,43.41,SRH,0.5
Irfan Naidu,41,India,Allrounder,224.0,12,5175.0,121.8,411.0,7.29,32.13,GT,11.0
Karthik Deshmukh,24,India,Batter,146.0,6,14949.0,140.5,3.0,8.93,31.24,SRH,1.5
Irfan Iyer,34,India,Bowler,140.0,8,873.0,99.3,694.0,4.39,23.3,SRH,1.5
Karthik Reddy,24,Sri Lanka,Bowler,86.0,4,3760.0,98.1,357.0,6.21,31.79,MI,0.2
Amit Verma,40,England,Allrounder,26.0,1,2313.0,112.7,81.0,7.64,46.72,RR,2.0
Vikas Chopra,23,India,Wicketkeeper,77.0,5,8237.0,139.7,0.0,0.0,28.6,MI,0.2
Arjun Deshmukh,18,India,Bowler,16.0,1,1953.0,139.9,873.0,6.77,33.91,PBKS,1.0
Nikhil Singh,38,West Indies,Allrounder,184.0,10,5123.0,126.3,439.0,5.74,52.25,RCB,1.0
Harshit Verma,31,India,Wicketkeeper,199.0,8,5943.0,133.4,0.0,0.0,26.05,RCB,7.0
Sameer Shetty,28,Sri Lanka,Bowler,99.0,5,2995.0,120.6,877.5,6.59,40.7,KKR,10.0
Nikhil Reddy,22,India,Bowler,65.0,4,3378.0,125.9,432.0,6.79,48.49,PBKS,1.0
Sandeep Reddy,21,Sri Lanka,Batter,29.0,1,5705.0,131.9,2.0,8.53,25.28,CSK,7.0
Aditya Chopra,26,South Africa,Allrounder,110.0,4,8310.0,151.2,215.0,7.93,24.79,RR,7.0
Ankit Khan,24,Sri Lanka,Batter,75.0,4,4825.0,110.5,0.0,7.71,46.41,DC,7.0
Arjun Mehta,29,India,Batter,49.0,3,12111.0,103.5,14.0,8.53,50.7,GT,0.5
Amit Naidu,25,India,Allrounder,22.0,1,5326.0,142.8,270.0,5.63,35.99,PBKS,5.0
Nikhil Naidu,25,Australia,Bowler,17.0,1,3039.0,104.5,398.0,5.25,25.87,KKR,11.0
Sameer Shetty,34,Sri Lanka,Batter,260.0,11,12937.0,128.0,0.0,8.32,24.27,RCB,5.0
Arjun Deshmukh,34,India,Wicketkeeper,82.0,5,10234.0,101.8,0.0,0.0,22.53,CSK,1.5
Arjun Kulkarni,22,India,Batter,57.0,2,5566.0,137.7,3.0,8.6,22.05,LSG,2.0
Sandeep Yadav,34,England,Allrounder,240.0,9,7827.0,100.1,59.0,6.96,51.63,PBKS,5.0
Rahul Malik,22,West Indies,Bowler,53.0,2,1902.0,136.9,439.0,7.45,52.42,DC,2.0
Karthik Shetty,21,India,Allrounder,36.0,2,2870.0,144.7,140.0,7.84,39.94,PBKS,0.2
Irfan Sharma,18,Australia,Wicketkeeper,17.0,1,10116.0,113.4,0.0,0.0,27.62,PBKS,1.0
Harshit Deshmukh,28,India,Bowler,22.0,1,3820.0,132.7,104.0,5.24,26.04,SRH,7.0
Karthik Kulkarni,19,West Indies,Wicketkeeper,30.0,1,7817.0,110.5,0.0,0.0,36.38,DC,10.0
Amit Mehta,28,India,Allrounder,212.0,9,4246.0,130.3,62.0,5.82,52.31,DC,0.5
Sameer Yadav,27,South Africa,Bowler,199.0,8,1193.0,135.0,773.0,6.84,40.4,RR,11.0
Sandeep Chopra,30,England,Wicketkeeper,51.0,3,11350.0,124.3,0.0,0.0,26.53,RR,1.5
Amit Verma,21,West Indies,Bowler,38.0,2,3135.0,109.9,758.0,7.4,23.2,KKR,5.0
Sameer Reddy,28,India,Allrounder,30.0,1,8682.0,105.5,237.0,7.63,33.02,RCB,5.0
Nikhil Malik,26,Australia,Allrounder,66.0,4,4987.0,103.2,441.0,5.1,26.06,KKR,7.0
Rohan Sharma,40,West Indies,Wicketkeeper,368.0,13,11670.0,98.3,0.0,0.0,42.98,LSG,11.0
Arjun Singh,39,Australia,Allrounder,368.0,14,2117.0,117.4,424.0,7.93,50.61,LSG,1.0
Pranav Shetty,20,Sri Lanka,Wicketkeeper,19.0,1,9525.0,107.8,0.0,0.0,31.39,RR,7.0
Nikhil Yadav,27,Sri Lanka,Wicketkeeper,47.0,2,7694.0,104.0,0.0,0.0,41.72,PBKS,0.5
Amit Patel,24,Australia,Wicketkeeper,96.0,4,5985.0,120.2,0.0,0.0,41.46,RCB,5.0
Ankit Kulkarni,21,West Indies,Allrounder,34.0,2,8822.0,127.7,172.0,7.67,41.97,PBKS,5.0
Rohan Naidu,25,Australia,Batter,62.0,4,10904.0,112.9,6.0,9.27,32.57,CSK,5.0
Harshit Chopra,30,England,Batter,140.0,6,12501.0,131.7,5.0,8.51,26.25,LSG,1.0
Harshit Sharma,31,India,Bowler,300.0,12,3902.0,123.1,293.0,5.43,34.68,KKR,10.0
Sandeep Singh,28,Sri Lanka,Batter,143.0,8,4185.0,150.5,4.0,6.62,46.68,RR,0.5
Arjun Shetty,25,Sri Lanka,Batter,26.0,1,12617.0,135.8,3.0,7.68,51.4,DC,0.2
Aditya Verma,29,England,Bowler,109.0,4,1590.0,110.0,469.0,4.52,38.99,RCB,5.0
Sameer Malik,18,Sri Lanka,Batter,21.0,1,9672.0,97.2,1.0,8.8,54.44,DC,2.0
Vikas Khan,40,India,Batter,210.0,7,7028.0,116.6,12.0,7.59,30.25,SRH,7.0
Nikhil Chopra,28,South Africa,Bowler,106.0,4,3834.0,142.5,628.0,4.66,53.44,DC,1.5
Irfan Sharma,26,India,Wicketkeeper,174.0,8,3220.0,119.8,0.0,0.0,53.33,LSG,0.5
Manoj Patel,18,India,Allrounder,22.0,1,8642.0,123.9,267.0,7.88,43.59,SRH,7.0
Aditya Mehta,19,Sri Lanka,Allrounder,24.0,1,8805.0,128.5,185.0,6.52,22.03,MI,3.0
Rahul Kulkarni,24,India,Wicketkeeper,92.0,4,10010.0,136.8,0.0,0.0,21.85,RR,0.5
Sameer Singh,31,Sri Lanka,Batter,64.0,3,3101.0,144.5,10.0,8.86,28.3,LSG,5.0
Manoj Patel,26,India,Wicketkeeper,127.0,6,11334.0,114.4,0.0,0.0,36.85,GT,2.0
Rahul Verma,41,Sri Lanka,Allrounder,369.0,16,4461.0,112.2,491.0,7.09,40.74,RCB,3.0
Rohan Patel,25,West Indies,Batter,154.0,6,10702.0,98.3,5.0,7.04,20.09,PBKS,2.0
Pranav Mehta,31,India,Allrounder,100.0,4,2819.0,142.5,109.0,5.35,53.65,RCB,7.0
Nikhil Malik,24,West Indies,Bowler,110.0,6,502.0,125.8,401.0,5.62,25.14,PBKS,7.0
Karthik Deshmukh,36,India,Batter,19.0,1,13843.0,103.7,0.0,7.93,41.39,MI,5.0
Sameer Shetty,27,South Africa,Allrounder,133.0,5,8013.0,106.7,287.0,8.27,46.76,DC,0.2
Rahul Deshmukh,20,South Africa,Allrounder,42.0,2,1557.0,117.5,191.0,5.08,23.88,LSG,7.0
Nikhil Patel,28,South Africa,Bowler,192.0,7,3353.0,105.4,836.0,5.34,33.07,MI,5.0
Pranav Reddy,27,Sri Lanka,Wicketkeeper,141.0,6,8602.0,120.1,0.0,0.0,30.52,LSG,5.0
Manoj Reddy,33,Sri Lanka,Wicketkeeper,280.0,12,3267.0,134.4,0.0,0.0,52.16,SRH,1.5
Amit Chopra,35,India,Bowler,330.0,12,1784.0,106.5,398.0,5.52,29.48,DC,10.0
Rahul Naidu,28,India,Bowler,126.0,6,2347.0,129.3,718.0,7.25,35.93,DC,5.0
Arjun Iyer,35,West Indies,Wicketkeeper,473.5,17,4852.0,104.0,0.0,0.0,35.74,PBKS,0.2
Aditya Verma,32,India,Allrounder,90.0,6,5031.0,151.6,79.0,5.97,50.94,RCB,2.0
Aditya Sharma,39,India,Allrounder,473.5,18,7919.0,126.0,387.0,5.29,27.88,RR,10.0
Harshit Kulkarni,25,India,Wicketkeeper,97.0,6,8724.0,119.6,0.0,0.0,50.69,SRH,0.2
Manoj Malik,33,India,Allrounder,82.0,3,1806.0,115.1,165.0,6.85,27.28,RR,11.0
Vikas Sharma,23,India,Allrounder,21.0,1,6142.0,132.5,460.0,7.8,36.38,KKR,5.0
Sameer Patel,25,India,Batter,55.0,2,11328.0,115.1,8.0,6.76,53.59,MI,3.0
Ankit Verma,39,West Indies,Wicketkeeper,25.0,1,8121.0,126.2,0.0,0.0,34.02,GT,1.0
Ankit Iyer,34,England,Allrounder,279.0,16,6165.0,141.7,241.0,6.82,31.9,SRH,1.0
Rohan Yadav,21,Sri Lanka,Batter,59.0,2,7144.0,130.1,11.0,6.63,43.28,RR,11.0
Ankit Patel,32,West Indies,Bowler,231.0,12,2663.0,147.9,593.0,6.71,32.99,LSG,1.0
Pranav Yadav,32,England,Batter,281.0,12,9950.0,152.5,13.0,6.26,35.23,DC,7.0
Harshit Malik,25,England,Bowler,180.0,6,3625.0,135.0,842.0,6.37,39.13,GT,1.5
Rahul Naidu,35,India,Allrounder,293.0,14,7091.0,140.3,238.0,5.72,48.13,GT,0.5
Harshit Malik,19,India,Batter,23.0,1,9956.0,124.3,9.0,7.94,23.99,RR,0.2
Aditya Iyer,38,India,Wicketkeeper,340.0,16,11292.0,100.0,0.0,0.0,31.88,PBKS,3.0
Arjun Malik,27,India,Wicketkeeper,76.0,3,9996.0,113.7,0.0,0.0,53.38,DC,11.0
Nikhil Deshmukh,24,India,Wicketkeeper,65.0,4,2564.0,142.0,0.0,0.0,43.1,PBKS,1.5
Nikhil Shetty,22,England,Batter,114.0,4,14801.0,105.0,4.0,7.81,54.25,CSK,1.5
Sandeep Patel,18,India,Wicketkeeper,26.0,1,3732.0,117.5,0.0,0.0,23.74,RCB,1.5
Sameer Singh,36,India,Allrounder,56.0,2,3996.0,147.4,457.0,6.73,51.06,RR,3.0
Aditya Iyer,41,India,Wicketkeeper,159.0,9,8901.0,95.7,0.0,0.0,51.02,RCB,2.0
Vikas Kulkarni,28,India,Wicketkeeper,191.0,7,8280.0,111.3,0.0,0.0,21.36,KKR,10.0
Vikas Deshmukh,19,South Africa,Allrounder,19.0,1,4146.0,146.8,163.0,7.97,40.87,RCB,2.0
Rohan Sharma,39,India,Batter,473.5,18,8142.0,143.8,10.0,8.01,47.52,KKR,2.0
Rahul Kulkarni,37,India,Allrounder,286.0,17,2656.0,128.2,492.0,8.12,53.87,SRH,0.5
Vikas Shetty,27,India,Allrounder,259.0,9,3793.0,102.0,228.0,8.49,49.73,DC,11.0
Sandeep Chopra,18,Sri Lanka,Bowler,15.0,1,572.0,118.3,351.0,5.9,41.46,CSK,1.0
Sameer Shetty,26,India,Allrounder,15.0,1,8932.0,125.4,357.0,5.2,50.48,KKR,0.2
Rahul Kulkarni,18,India,Wicketkeeper,22.0,1,7882.0,107.8,0.0,0.0,34.92,GT,5.0
Harshit Malik,40,Sri Lanka,Bowler,200.0,8,2634.0,120.7,305.0,7.57,32.54,LSG,3.0
Ankit Verma,33,South Africa,Allrounder,113.0,7,5084.0,126.2,105.0,6.54,42.12,LSG,2.0
Vikas Singh,32,Australia,Wicketkeeper,161.0,6,4248.0,143.0,0.0,0.0,35.82,DC,2.0
Sandeep Khan,27,South Africa,Batter,174.0,8,4732.0,127.0,10.0,8.86,31.85,RR,7.0
Harshit Shetty,39,India,Bowler,197.0,8,1090.0,138.1,263.0,6.5,39.53,PBKS,0.5
Irfan Iyer,32,England,Batter,195.0,12,13513.0,105.2,3.0,6.2,29.99,MI,7.0
Pranav Yadav,24,India,Bowler,72.0,3,645.0,135.4,563.0,5.07,20.64,PBKS,5.0
Arjun Iyer,37,Sri Lanka,Allrounder,473.5,18,3047.0,110.9,150.0,7.64,30.85,SRH,2.0
Irfan Iyer,40,India,Batter,398.0,19,10371.0,108.0,3.0,7.85,50.96,PBKS,2.0
Sandeep Naidu,40,India,Batter,473.5,20,14416.0,121.7,11.0,6.3,49.73,DC,1.0
Rohan Shetty,28,India,Batter,221.0,8,4467.0,112.5,13.0,8.16,34.73,RCB,5.0
Amit Malik,39,England,Bowler,166.0,6,363.0,153.4,126.0,6.69,51.26,RR,2.0
Vikas Reddy,18,India,Allrounder,27.0,1,3687.0,154.9,188.0,6.2,20.12,SRH,1.5
Aditya Shetty,26,South Africa,Bowler,97.0,4,380.0,144.4,338.0,4.1,26.98,PBKS,3.0
Pranav Sharma,22,India,Batter,35.0,2,10232.0,109.2,12.0,6.21,34.91,LSG,11.0
Ankit Iyer,40,West Indies,Bowler,279.0,17,3470.0,132.5,722.0,6.78,28.32,LSG,2.0
Pranav Naidu,34,India,Allrounder,379.0,15,3288.0,150.6,136.0,6.76,48.53,MI,10.0
Amit Sharma,35,India,Bowler,195.0,12,2726.0,153.9,513.0,5.23,44.8,CSK,1.5
Ankit Chopra,24,Sri Lanka,Bowler,147.0,6,3623.0,97.1,418.0,4.24,25.89,RR,0.2
Arjun Reddy,27,Sri Lanka,Allrounder,126.0,7,6028.0,106.0,376.0,7.55,37.9,MI,0.5
Vikas Verma,27,South Africa,Batter,201.0,8,6548.0,150.3,7.0,6.33,32.04,SRH,2.0
Ankit Kulkarni,23,West Indies,Wicketkeeper,63.0,3,3565.0,149.5,0.0,0.0,53.07,RR,0.5
Aditya Yadav,28,India,Wicketkeeper,134.0,5,7621.0,95.4,0.0,0.0,36.24,DC,0.2
Harshit Patel,33,England,Allrounder,66.0,4,7952.0,149.5,413.0,5.09,38.14,GT,10.0
Ankit Deshmukh,33,England,Wicketkeeper,179.0,7,9191.0,99.5,0.0,0.0,23.86,PBKS,7.0
Amit Shetty,28,India,Batter,162.0,7,8157.0,151.4,4.0,7.34,44.25,KKR,5.0
Aditya Verma,23,Australia,Wicketkeeper,92.0,5,3946.0,147.1,0.0,0.0,32.83,GT,0.5
Sameer Iyer,18,India,Bowler,23.0,1,1386.0,153.5,441.0,4.16,20.6,DC,0.5
Irfan Deshmukh,33,Sri Lanka,Allrounder,389.0,15,2568.0,117.1,157.0,8.32,20.35,KKR,0.2
Amit Verma,33,Australia,Wicketkeeper,123.0,7,9539.0,136.3,0.0,0.0,54.32,MI,5.0
Sandeep Mehta,27,India,Batter,94.0,4,4269.0,104.7,7.0,9.38,26.34,LSG,10.0
Nikhil Chopra,33,India,Bowler,46.0,3,2539.0,133.2,877.0,6.15,45.88,RCB,2.0
Rohan Khan,24,India,Bowler,55.0,3,2487.0,152.5,733.0,4.69,42.36,KKR,0.2
Aditya Kulkarni,29,South Africa,Batter,19.0,1,12125.0,127.4,8.0,8.96,34.5,SRH,2.0
Pranav Kulkarni,18,England,Wicketkeeper,21.0,1,3391.0,153.6,0.0,0.0,40.37,PBKS,1.5
Pranav Kulkarni,35,Sri Lanka,Bowler,328.0,15,1875.0,152.2,783.0,7.29,43.64,SRH,1.5
Karthik Chopra,37,Australia,Batter,24.0,1,9541.0,95.2,13.0,7.92,21.4,RCB,3.0
Aditya Chopra,30,South Africa,Allrounder,192.0,7,8214.0,106.2,42.0,5.7,28.92,KKR,5.0
Vikas Chopra,39,West Indies,Allrounder,366.0,19,8699.0,116.6,389.0,6.07,34.72,RR,0.2
Arjun Singh,41,India,Batter,265.0,12,13374.0,97.5,13.0,6.35,43.59,DC,0.2
Harshit Iyer,23,South Africa,Wicketkeeper,147.0,5,4897.0,127.2,0.0,0.0,35.55,RR,11.0
Karthik Deshmukh,24,Sri Lanka,Allrounder,37.0,2,6677.0,144.7,195.0,7.22,34.97,RCB,1.0
Karthik Sharma,40,Sri Lanka,Bowler,255.0,14,788.0,152.2,877.5,6.44,49.39,SRH,0.2
Pranav Verma,39,South Africa,Allrounder,170.0,8,2363.0,133.7,63.0,6.49,26.2,RR,0.5
Nikhil Deshmukh,29,India,Allrounder,47.0,2,1894.0,153.9,233.0,6.96,38.14,RR,0.2
Arjun Malik,34,South Africa,Bowler,388.0,13,3026.0,119.4,844.0,7.53,54.96,GT,1.5
Rohan Verma,34,Australia,Bowler,467.0,16,77.0,97.5,852.0,6.2,40.54,PBKS,7.0
Rahul Chopra,25,England,Allrounder,143.0,6,8053.0,96.9,84.0,5.96,48.73,RR,1.5
Rohan Sharma,25,West Indies,Allrounder,119.0,6,7196.0,142.8,375.0,5.97,30.09,GT,2.0
Arjun Yadav,25,India,Batter,120.0,7,9472.0,153.4,6.0,6.68,32.66,GT,5.0
Nikhil Patel,26,India,Wicketkeeper,183.0,8,10590.0,131.1,0.0,0.0,41.35,RCB,2.0
Rahul Shetty,37,India,Batter,239.0,8,3455.0,149.9,2.0,7.96,43.61,RCB,10.0
Arjun Shetty,30,India,Batter,61.0,4,3096.0,146.7,4.0,7.41,26.34,DC,10.0
Ankit Iyer,25,India,Batter,99.0,5,6970.0,152.0,12.0,7.9,41.89,KKR,0.2
Rohan Shetty,38,West Indies,Batter,127.0,7,4303.0,134.2,5.0,8.86,49.38,CSK,7.0
Vikas Patel,33,South Africa,Bowler,30.0,1,767.0,111.4,115.0,7.59,25.94,GT,2.0
Nikhil Sharma,21,India,Allrounder,29.0,1,5480.0,137.1,365.0,6.69,27.95,KKR,11.0
Amit Deshmukh,28,India,Batter,188.0,7,12532.0,115.6,2.0,6.01,53.91,CSK,2.0
Irfan Khan,32,India,Allrounder,142.0,7,8462.0,119.1,198.0,7.43,26.74,KKR,11.0
Vikas Shetty,34,Sri Lanka,Allrounder,134.0,8,4553.0,105.2,77.0,6.25,23.72,GT,5.0
Rohan Reddy,28,India,Wicketkeeper,89.0,5,10121.0,149.4,0.0,0.0,54.92,PBKS,1.0
Amit Iyer,38,India,Wicketkeeper,47.0,2,5553.0,104.8,0.0,0.0,21.91,LSG,3.0
Amit Mehta,19,West Indies,Batter,15.0,1,11934.0,122.7,6.0,7.15,27.17,KKR,11.0
Irfan Yadav,27,India,Bowler,42.0,2,2728.0,107.1,777.0,5.15,47.1,RCB,7.0
Irfan Mehta,18,India,Allrounder,23.0,1,7217.0,133.1,78.0,7.49,33.55,KKR,0.2
Pranav Deshmukh,35,India,Bowler,211.0,8,1846.0,153.2,473.0,7.45,26.08,DC,5.0
Pranav Malik,23,India,Bowler,50.0,3,902.0,126.5,194.0,4.85,23.19,CSK,1.5
Nikhil Singh,21,India,Wicketkeeper,46.0,2,6024.0,121.2,0.0,0.0,40.36,SRH,0.2
Pranav Sharma,23,India,Wicketkeeper,85.0,4,9806.0,126.3,0.0,0.0,31.58,MI,2.0
Harshit Reddy,34,West Indies,Batter,86.0,4,5223.0,152.5,0.0,7.9,27.21,LSG,1.0
Ankit Yadav,23,South Africa,Batter,61.0,3,5773.0,97.6,13.0,8.29,22.32,GT,7.0
Sandeep Iyer,32,Australia,Batter,65.0,4,10918.0,101.3,10.0,7.93,20.78,CSK,1.5
Rohan Kulkarni,24,England,Batter,115.0,6,4271.0,128.9,8.0,6.6,44.62,CSK,7.0
Pranav Singh,42,Sri Lanka,Batter,65.0,3,8238.0,135.1,0.0,6.71,26.39,CSK,0.2
Sandeep Chopra,34,South Africa,Allrounder,260.0,9,5158.0,119.7,71.0,7.15,42.88,SRH,1.0
Arjun Verma,25,Sri Lanka,Wicketkeeper,183.0,7,10563.0,154.7,0.0,0.0,52.82,RR,1.0
Amit Kulkarni,19,South Africa,Bowler,23.0,1,2702.0,148.1,381.0,4.02,22.33,LSG,1.0
Ankit Singh,19,India,Bowler,30.0,1,3697.0,111.9,247.0,7.62,33.37,CSK,0.2
Pranav Mehta,32,India,Wicketkeeper,53.0,3,11486.0,100.5,0.0,0.0,23.93,LSG,0.5
Rahul Malik,23,India,Batter,91.0,5,3178.0,151.7,11.0,8.54,41.38,GT,3.0
Rahul Malik,21,Australia,Bowler,15.0,1,1749.0,140.7,280.0,6.72,29.2,KKR,1.0
Rahul Khan,30,India,Batter,228.0,9,3482.0,95.1,5.0,6.16,32.27,PBKS,2.0
Ankit Patel,27,Sri Lanka,Wicketkeeper,23.0,1,10276.0,109.5,0.0,0.0,22.18,MI,1.5
Amit Kulkarni,20,Australia,Wicketkeeper,26.0,1,9707.0,105.8,0.0,0.0,24.36,RR,10.0
Vikas Kulkarni,36,India,Wicketkeeper,411.0,14,6671.0,149.9,0.0,0.0,24.91,MI,10.0
Rohan Kulkarni,19,West Indies,Batter,17.0,1,7037.0,130.6,3.0,7.88,39.02,SRH,2.0
Rahul Shetty,36,England,Batter,52.0,2,9666.0,114.1,15.0,6.35,21.79,SRH,1.5
Karthik Reddy,40,England,Wicketkeeper,228.0,13,6890.0,118.7,0.0,0.0,26.6,MI,0.2
Rahul Naidu,36,India,Batter,219.0,13,10370.0,136.6,13.0,7.97,38.62,CSK,11.0
Sameer Khan,27,Sri Lanka,Batter,95.0,6,5112.0,118.2,4.0,7.52,49.46,LSG,0.2
Rohan Deshmukh,39,India,Batter,144.0,7,10407.0,139.1,5.0,6.77,46.51,DC,1.0
Ankit Malik,32,India,Bowler,127.0,8,2528.0,112.8,441.0,5.59,36.47,KKR,1.0
Arjun Verma,38,West Indies,Bowler,473.5,19,3210.0,97.8,321.0,4.35,23.91,GT,1.5
Sandeep Naidu,29,India,Wicketkeeper,190.0,9,8061.0,106.2,0.0,0.0,37.65,RCB,0.5
Sandeep Deshmukh,40,India,Batter,468.0,16,13033.0,109.1,7.0,8.97,52.73,SRH,7.0
Pranav Reddy,36,West Indies,Wicketkeeper,412.0,17,8793.0,152.3,0.0,0.0,53.56,KKR,0.5
Rohan Iyer,27,India,Allrounder,194.0,9,4114.0,116.8,410.0,7.93,22.54,LSG,3.0
Sandeep Deshmukh,42,India,Allrounder,336.0,13,7505.0,128.5,323.0,6.99,49.75,KKR,0.5
Manoj Iyer,31,Sri Lanka,Wicketkeeper,228.0,11,7963.0,154.8,0.0,0.0,37.79,RCB,0.2
Irfan Verma,25,South Africa,Bowler,185.0,7,647.0,106.2,137.0,5.31,20.17,CSK,10.0
Vikas Yadav,21,India,Wicketkeeper,33.0,2,6789.0,125.5,0.0,0.0,39.44,SRH,0.5
Ankit Reddy,40,Australia,Batter,118.0,5,5900.0,125.3,13.0,8.89,52.08,KKR,7.0
Harshit Malik,24,West Indies,Bowler,86.0,4,745.0,145.4,302.0,6.39,25.19,GT,3.0
Amit Verma,24,Australia,Wicketkeeper,68.0,3,8448.0,146.3,0.0,0.0,43.63,SRH,0.2
Vikas Verma,40,India,Allrounder,65.0,4,2134.0,106.4,93.0,5.6,52.43,SRH,11.0
Sameer Mehta,32,Australia,Allrounder,162.0,6,4223.0,122.8,284.0,5.11,30.97,SRH,1.0
Harshit Malik,38,West Indies,Bowler,286.0,10,2943.0,145.4,386.0,6.53,32.61,MI,7.0
Vikas Chopra,23,England,Wicketkeeper,49.0,3,5144.0,120.6,0.0,0.0,54.37,MI,0.5
Sameer Reddy,37,Sri Lanka,Batter,101.0,4,13001.0,148.8,5.0,8.74,35.36,SRH,7.0
Sandeep Mehta,26,West Indies,Allrounder,161.0,7,2921.0,119.7,169.0,5.82,45.06,PBKS,0.2
Ankit Yadav,32,West Indies,Bowler,306.0,12,1534.0,111.2,863.0,4.42,21.63,PBKS,2.0
Ankit Yadav,38,India,Batter,473.5,19,8178.0,144.6,3.0,7.51,20.86,CSK,7.0
Harshit Chopra,26,Australia,Batter,151.0,6,12319.0,150.9,5.0,8.36,28.29,KKR,10.0
Ankit Naidu,39,India,Batter,153.0,8,8313.0,153.5,6.0,8.43,53.68,GT,10.0
Sandeep Verma,20,Australia,Batter,22.0,1,10838.0,101.0,12.0,6.82,25.19,RR,7.0
Aditya Sharma,23,Australia,Bowler,85.0,3,1702.0,138.5,93.0,6.67,43.6,MI,10.0
Rahul Deshmukh,31,South Africa,Wicketkeeper,208.0,7,9270.0,115.2,0.0,0.0,25.94,CSK,0.5
Sameer Verma,25,India,Wicketkeeper,108.0,6,3546.0,129.8,0.0,0.0,36.93,PBKS,1.0
Manoj Singh,34,South Africa,Batter,259.0,16,7362.0,121.5,14.0,8.55,31.85,CSK,1.0
Rahul Patel,20,England,Batter,30.0,2,5273.0,107.7,6.0,7.03,29.3,RCB,1.5
Amit Khan,20,India,Batter,35.0,2,10874.0,115.8,5.0,6.33,21.28,SRH,1.5
Pranav Iyer,35,India,Bowler,225.0,14,2269.0,139.8,480.0,4.71,31.39,MI,3.0
Sandeep Singh,20,Sri Lanka,Allrounder,49.0,2,4736.0,138.0,430.0,7.34,40.34,CSK,0.5
Arjun Khan,30,India,Wicketkeeper,158.0,10,3510.0,152.5,0.0,0.0,20.75,SRH,5.0
Rahul Verma,38,India,Allrounder,61.0,3,4713.0,152.5,47.0,7.59,50.18,SRH,0.5
Irfan Naidu,38,India,Bowler,420.0,16,3456.0,114.6,626.0,4.64,26.04,RCB,1.0
Nikhil Singh,31,West Indies,Allrounder,52.0,2,8406.0,137.7,204.0,7.1,31.1,RCB,2.0
Karthik Singh,41,South Africa,Allrounder,409.0,20,8835.0,136.5,425.0,6.89,34.75,LSG,7.0
Nikhil Yadav,33,England,Bowler,260.0,12,2043.0,141.3,569.0,7.25,22.26,CSK,5.0
Manoj Naidu,36,India,Bowler,360.0,16,1277.0,109.1,817.0,6.36,39.51,RR,5.0
Ankit Mehta,38,Australia,Batter,106.0,4,14020.0,147.7,3.0,9.35,34.16,KKR,0.5
Irfan Malik,28,India,Allrounder,22.0,1,4293.0,109.1,453.0,6.02,38.64,KKR,3.0
Irfan Iyer,31,England,Batter,321.0,12,13365.0,128.0,13.0,6.4,20.05,GT,0.2
Aditya Sharma,37,South Africa,Wicketkeeper,249.0,13,8352.0,114.4,0.0,0.0,27.7,PBKS,1.5
Amit Khan,27,England,Wicketkeeper,228.0,8,3841.0,153.3,0.0,0.0,45.45,LSG,2.0
Rahul Chopra,23,India,Batter,27.0,1,5706.0,100.6,4.0,7.22,38.09,SRH,0.2
Sameer Patel,30,India,Allrounder,91.0,5,8500.0,127.2,182.0,5.75,49.24,GT,1.0
Amit Chopra,29,India,Allrounder,232.0,10,4820.0,133.0,231.0,7.16,38.94,DC,11.0
Harshit Verma,25,Sri Lanka,Bowler,74.0,3,3128.0,150.9,827.0,7.52,37.95,KKR,11.0
Irfan Naidu,36,England,Batter,247.0,11,10516.0,122.6,7.0,7.07,26.53,RR,1.5
Arjun Shetty,33,India,Allrounder,309.0,15,2122.0,125.0,127.0,7.23,23.62,DC,0.2
Manoj Naidu,23,India,Allrounder,50.0,3,6904.0,123.8,291.0,5.69,51.07,PBKS,0.5
Irfan Naidu,28,India,Bowler,84.0,3,1121.0,135.9,656.0,6.15,31.87,PBKS,1.5
Sameer Iyer,39,South Africa,Allrounder,337.0,14,3587.0,121.8,387.0,7.0,43.07,KKR,11.0
Amit Malik,36,West Indies,Bowler,40.0,2,1102.0,124.6,118.0,4.19,30.36,KKR,0.5
Arjun Verma,32,England,Batter,17.0,1,5111.0,152.7,9.0,7.14,26.39,MI,7.0
Karthik Khan,22,India,Allrounder,113.0,4,7191.0,125.6,318.0,6.09,50.21,DC,0.2
Pranav Mehta,28,South Africa,Bowler,52.0,2,1014.0,139.6,421.0,5.58,49.97,LSG,11.0
Manoj Patel,23,India,Allrounder,130.0,5,7626.0,118.6,125.0,6.09,32.48,SRH,1.5
Arjun Singh,18,India,Batter,27.0,1,7031.0,97.7,6.0,8.91,30.79,RCB,7.0
Rahul Chopra,26,Sri Lanka,Batter,172.0,7,11126.0,128.9,6.0,8.38,35.27,PBKS,1.5
Pranav Reddy,32,India,Bowler,87.0,3,895.0,106.9,788.0,6.05,35.08,DC,3.0
Rahul Deshmukh,34,India,Allrounder,45.0,2,2196.0,149.1,451.0,6.76,29.13,PBKS,0.5
Vikas Malik,30,India,Bowler,26.0,1,1195.0,133.7,368.0,7.3,20.71,KKR,0.5
Manoj Kulkarni,20,India,Bowler,51.0,2,740.0,97.1,773.0,6.75,54.91,RR,10.0
Vikas Naidu,18,West Indies,Batter,16.0,1,14979.0,112.8,5.0,9.05,29.01,GT,10.0
Nikhil Yadav,39,Sri Lanka,Batter,71.0,3,11170.0,116.4,14.0,7.34,33.03,RR,10.0
Irfan Reddy,32,Sri Lanka,Bowler,168.0,8,1274.0,132.3,445.0,5.21,25.75,DC,3.0
Nikhil Khan,29,India,Allrounder,107.0,5,8868.0,143.7,298.0,7.96,36.68,CSK,7.0
Harshit Malik,21,India,Allrounder,67.0,3,7820.0,109.8,418.0,7.98,20.61,SRH,0.2
Sameer Sharma,41,South Africa,Batter,99.0,4,6347.0,122.5,10.0,8.17,39.85,RCB,1.5
Irfan Sharma,29,India,Bowler,72.0,4,2830.0,153.2,335.0,7.42,42.21,GT,1.0
Vikas Singh,24,Australia,Batter,173.0,6,11520.0,100.0,10.0,8.67,25.63,MI,3.0
Amit Iyer,28,Australia,Wicketkeeper,15.0,1,9580.0,139.0,0.0,0.0,35.1,RR,1.5
Manoj Naidu,22,India,Batter,80.0,4,13358.0,113.5,3.0,7.56,41.26,SRH,0.5
Irfan Chopra,41,South Africa,Allrounder,190.0,10,2379.0,132.6,255.0,5.65,26.08,LSG,3.0
Aditya Verma,27,Sri Lanka,Bowler,251.0,9,1020.0,114.8,135.0,4.24,28.09,RCB,7.0
Amit Reddy,23,England,Allrounder,136.0,5,2883.0,98.3,216.0,8.11,26.18,PBKS,1.5
Vikas Deshmukh,23,West Indies,Bowler,21.0,1,1859.0,123.9,553.0,6.09,21.6,DC,0.5
Ankit Chopra,42,West Indies,Bowler,76.0,4,2173.0,154.3,864.0,4.03,43.06,RCB,0.5
Irfan Mehta,35,India,Allrounder,69.0,3,7059.0,123.2,411.0,6.28,29.33,DC,1.0
Aditya Deshmukh,28,Australia,Batter,230.0,10,9448.0,133.9,9.0,7.21,50.9,PBKS,1.0
Harshit Singh,27,India,Allrounder,210.0,7,6285.0,145.4,43.0,5.64,24.25,RCB,5.0
Ankit Iyer,18,India,Batter,27.0,1,11118.0,97.2,11.0,6.75,24.93,SRH,3.0
Sameer Sharma,28,West Indies,Wicketkeeper,150.0,5,10199.0,150.0,0.0,0.0,36.08,MI,5.0
Harshit Sharma,42,Australia,Allrounder,336.0,16,5198.0,152.6,62.0,5.27,50.76,MI,1.5
Manoj Naidu,41,England,Bowler,322.0,20,3042.0,151.0,211.0,6.87,27.7,RCB,7.0
Harshit Deshmukh,34,India,Batter,29.0,1,10922.0,136.4,1.0,8.93,50.44,SRH,0.5
Rohan Deshmukh,38,India,Bowler,412.0,16,1016.0,115.8,188.0,7.03,47.1,RR,2.0
Pranav Verma,31,Sri Lanka,Bowler,48.0,2,2531.0,114.7,210.0,5.0,23.78,CSK,7.0
Sameer Verma,39,Sri Lanka,Wicketkeeper,65.0,3,5407.0,151.1,0.0,0.0,30.19,DC,0.5
Pranav Iyer,33,India,Allrounder,106.0,6,7728.0,118.5,327.0,6.82,53.6,GT,0.2
Pranav Khan,42,England,Wicketkeeper,218.0,13,8317.0,115.1,0.0,0.0,47.25,GT,10.0
Sameer Khan,39,West Indies,Wicketkeeper,59.0,2,10824.0,146.3,0.0,0.0,35.25,RR,1.5
Aditya Naidu,20,England,Allrounder,41.0,2,8347.0,139.9,252.0,6.32,51.95,MI,5.0
Irfan Reddy,39,West Indies,Batter,359.0,14,7940.0,108.6,1.0,8.64,51.09,RR,0.2
Sameer Deshmukh,36,South Africa,Wicketkeeper,152.0,8,9173.0,118.3,0.0,0.0,40.17,KKR,5.0
Nikhil Khan,38,England,Allrounder,18.0,1,7198.0,106.3,251.0,7.91,47.46,DC,1.0
Vikas Mehta,21,South Africa,Bowler,21.0,1,767.0,148.6,214.0,6.27,26.02,DC,0.2
Arjun Iyer,26,South Africa,Batter,167.0,6,9620.0,145.0,2.0,7.47,20.67,DC,3.0
Sandeep Kulkarni,36,Sri Lanka,Batter,114.0,5,12142.0,154.4,12.0,6.39,29.81,RR,1.0
Arjun Naidu,36,West Indies,Allrounder,400.0,16,6468.0,106.0,249.0,8.41,32.64,PBKS,1.5
Nikhil Reddy,41,India,Batter,149.0,7,5654.0,134.5,15.0,8.64,40.34,KKR,0.2
Aditya Yadav,38,India,Allrounder,35.0,2,7741.0,145.6,217.0,6.85,28.22,RR,0.5
Rohan Iyer,36,India,Wicketkeeper,52.0,3,4697.0,121.5,0.0,0.0,25.44,KKR,1.0
Nikhil Khan,33,India,Wicketkeeper,137.0,5,8897.0,130.8,0.0,0.0,28.77,CSK,0.2
Nikhil Malik,24,South Africa,Batter,22.0,1,10646.0,123.3,0.0,7.17,20.94,GT,10.0
Vikas Shetty,34,India,Allrounder,287.0,12,7956.0,136.2,116.0,5.32,35.01,RR,0.2
Manoj Yadav,23,South Africa,Batter,45.0,2,6376.0,136.7,11.0,9.03,20.28,DC,2.0
Manoj Mehta,33,India,Allrounder,218.0,8,6480.0,100.6,306.0,7.16,47.33,SRH,0.5
Harshit Verma,27,India,Batter,36.0,2,5610.0,126.9,15.0,9.47,43.9,CSK,1.0
Harshit Iyer,24,West Indies,Bowler,20.0,1,2905.0,121.3,535.0,4.9,49.96,SRH,10.0
Aditya Shetty,27,India,Bowler,192.0,7,2968.0,110.9,314.0,4.64,35.59,DC,0.5
Rahul Chopra,28,India,Batter,106.0,7,6978.0,117.6,0.0,8.49,52.47,GT,11.0
Arjun Kulkarni,39,India,Allrounder,379.0,14,2049.0,117.2,327.0,5.33,44.81,RR,0.5
Aditya Patel,28,India,Batter,92.0,4,4287.0,134.4,14.0,6.79,25.75,MI,5.0
Harshit Yadav,33,South Africa,Batter,293.0,13,9442.0,102.3,7.0,6.2,52.55,RR,3.0
Karthik Iyer,30,India,Allrounder,228.0,11,2797.0,142.8,252.0,6.93,31.64,GT,10.0
Ankit Sharma,28,India,Allrounder,275.0,10,6506.0,124.7,65.0,7.07,53.1,KKR,3.0
Amit Malik,40,Sri Lanka,Allrounder,136.0,6,3291.0,138.8,216.0,7.62,21.62,KKR,3.0
Pranav Yadav,38,Australia,Batter,199.0,7,8618.0,123.0,4.0,7.92,52.47,RCB,0.5
Manoj Naidu,40,England,Allrounder,237.0,15,8162.0,111.2,452.0,5.9,34.4,MI,0.5
Ankit Reddy,41,Sri Lanka,Batter,191.0,8,4009.0,102.8,14.0,6.85,50.01,GT,10.0
Ankit Iyer,20,Australia,Wicketkeeper,17.0,1,10700.0,128.5,0.0,0.0,50.15,SRH,1.5
Arjun Chopra,29,India,Bowler,90.0,3,302.0,111.9,415.0,7.16,39.17,RCB,1.5
Karthik Naidu,21,Australia,Wicketkeeper,48.0,2,3962.0,100.0,0.0,0.0,52.03,RR,5.0
Manoj Malik,25,Sri Lanka,Batter,86.0,4,8675.0,118.6,4.0,7.41,30.6,DC,1.5
Aditya Shetty,34,India,Bowler,162.0,6,2684.0,110.1,415.0,5.75,33.12,RR,11.0
Sameer Malik,39,Australia,Batter,202.0,9,12509.0,145.1,9.0,8.8,30.65,RCB,5.0
Aditya Malik,24,Sri Lanka,Allrounder,151.0,6,8329.0,147.4,454.0,6.64,21.84,DC,3.0
Aditya Khan,31,West Indies,Batter,173.0,7,10158.0,108.2,10.0,9.11,43.75,KKR,10.0
Harshit Deshmukh,38,India,Batter,259.0,11,12737.0,128.2,11.0,8.04,50.08,CSK,0.2
Arjun Yadav,41,India,Wicketkeeper,339.0,13,8473.0,101.1,0.0,0.0,32.15,RCB,1.0
Manoj Shetty,42,India,Bowler,430.0,19,356.0,143.7,237.0,6.05,27.58,CSK,2.0
Manoj Reddy,38,West Indies,Batter,423.0,15,8360.0,119.0,7.0,8.81,26.61,MI,1.0
Arjun Sharma,31,India,Wicketkeeper,15.0,1,4791.0,140.5,0.0,0.0,23.18,LSG,5.0
Arjun Chopra,18,India,Bowler,20.0,1,46.0,98.8,856.0,5.96,32.47,MI,10.0
Irfan Naidu,36,India,Wicketkeeper,323.0,14,5185.0,131.1,0.0,0.0,39.46,RR,2.0
Vikas Verma,18,West Indies,Wicketkeeper,22.0,1,8649.0,119.3,0.0,0.0,35.02,SRH,1.5
Amit Naidu,29,India,Wicketkeeper,149.0,7,9145.0,108.6,0.0,0.0,35.96,MI,11.0
Harshit Verma,39,South Africa,Wicketkeeper,290.0,11,10336.0,152.2,0.0,0.0,49.77,KKR,2.0
Manoj Malik,19,India,Allrounder,22.0,1,2121.0,96.8,240.0,5.51,52.67,LSG,2.0
Rohan Reddy,26,West Indies,Allrounder,30.0,1,7613.0,127.3,163.0,6.84,47.33,GT,1.5
Harshit Singh,40,West Indies,Batter,473.5,22,11745.0,123.9,3.0,7.1,53.9,GT,10.0
Vikas Patel,19,India,Allrounder,28.0,1,8374.0,104.2,491.0,7.35,24.66,RCB,3.0
Rohan Naidu,31,India,Allrounder,88.0,3,1767.0,141.0,328.0,5.71,30.34,GT,7.0
Rohan Sharma,28,Australia,Batter,233.0,9,5001.0,151.7,10.0,6.07,25.94,MI,7.0
Amit Sharma,37,India,Batter,233.0,15,10385.0,109.2,6.0,6.03,28.23,MI,1.5
Manoj Naidu,34,Australia,Allrounder,292.0,11,3818.0,150.2,164.0,6.48,50.77,KKR,2.0
Irfan Mehta,30,West Indies,Bowler,220.0,10,428.0,119.7,295.0,5.74,39.43,CSK,7.0
Nikhil Reddy,21,India,Allrounder,78.0,3,3294.0,98.1,113.0,5.85,52.87,LSG,1.5
Ankit Verma,21,West Indies,Batter,23.0,1,13727.0,106.9,5.0,6.65,36.54,RCB,7.0
Rahul Patel,29,India,Batter,215.0,11,8789.0,96.1,9.0,7.72,25.18,PBKS,11.0
Sandeep Kulkarni,41,Australia,Allrounder,17.0,1,8264.0,136.0,132.0,6.32,27.99,PBKS,3.0
Nikhil Mehta,28,India,Wicketkeeper,208.0,10,4785.0,120.4,0.0,0.0,39.51,PBKS,5.0
Pranav Reddy,25,South Africa,Wicketkeeper,130.0,5,3094.0,148.3,0.0,0.0,31.41,LSG,7.0
Irfan Deshmukh,38,England,Bowler,213.0,13,3662.0,124.4,286.0,4.51,46.14,GT,7.0
Pranav Yadav,42,Sri Lanka,Batter,290.0,10,6569.0,120.5,14.0,6.38,20.62,PBKS,1.5
Amit Chopra,27,West Indies,Bowler,100.0,5,1668.0,124.0,324.0,4.13,30.44,MI,0.2
Pranav Mehta,23,India,Bowler,98.0,5,1576.0,131.1,850.0,7.21,35.89,LSG,2.0
Sameer Sharma,30,India,Bowler,82.0,4,3823.0,124.8,396.0,5.55,21.42,LSG,5.0
Rahul Yadav,35,India,Allrounder,49.0,3,8157.0,154.9,280.0,8.12,26.35,KKR,2.0
Ankit Naidu,34,South Africa,Batter,325.0,14,11082.0,103.6,2.0,6.42,43.14,LSG,5.0
Harshit Sharma,36,India,Bowler,94.0,5,2173.0,145.9,534.0,6.51,46.31,KKR,1.5
Amit Singh,28,India,Allrounder,150.0,8,7067.0,131.8,468.0,6.57,44.09,GT,3.0
Amit Reddy,18,Sri Lanka,Wicketkeeper,30.0,1,4314.0,125.8,0.0,0.0,36.65,LSG,0.5
Harshit Mehta,37,India,Allrounder,138.0,6,4151.0,128.4,214.0,7.26,42.54,LSG,5.0
Vikas Khan,42,Australia,Batter,372.0,15,9786.0,138.2,15.0,8.14,42.5,RR,3.0
Aditya Deshmukh,26,England,Batter,119.0,6,10415.0,135.9,11.0,7.82,35.73,SRH,0.5
Karthik Deshmukh,42,Australia,Allrounder,176.0,6,8142.0,95.1,461.0,5.85,39.6,SRH,1.0
Sandeep Deshmukh,34,India,Allrounder,89.0,5,8187.0,153.3,306.0,7.07,32.65,RR,5.0
Irfan Patel,29,South Africa,Batter,45.0,2,7090.0,107.1,7.0,7.38,22.47,DC,2.0
Ankit Naidu,35,Australia,Batter,287.0,12,11100.0,110.0,1.0,8.7,41.31,RR,0.5
Pranav Reddy,38,India,Batter,335.0,12,11922.0,123.3,6.0,8.41,50.67,GT,11.0
Irfan Mehta,34,Australia,Batter,160.0,7,8302.0,112.1,1.0,7.55,51.36,KKR,5.0
Arjun Reddy,23,India,Allrounder,118.0,4,6624.0,104.8,193.0,8.02,20.91,CSK,11.0
Vikas Deshmukh,41,India,Wicketkeeper,318.0,12,11971.0,100.4,0.0,0.0,30.03,KKR,2.0
Nikhil Khan,22,India,Allrounder,38.0,2,7802.0,128.5,204.0,8.4,33.06,DC,2.0
Rahul Singh,32,Sri Lanka,Allrounder,19.0,1,4796.0,122.2,138.0,8.11,31.03,DC,10.0
Harshit Iyer,35,India,Bowler,29.0,1,363.0,146.0,466.0,7.58,49.53,SRH,3.0
Harshit Iyer,21,South Africa,Wicketkeeper,82.0,3,10080.0,125.7,0.0,0.0,47.63,GT,5.0
Manoj Deshmukh,41,India,Wicketkeeper,255.0,9,2902.0,105.8,0.0,0.0,40.06,RCB,1.0
Pranav Verma,24,West Indies,Allrounder,146.0,6,7661.0,112.5,485.0,8.44,47.8,LSG,2.0
Arjun Patel,40,India,Wicketkeeper,105.0,6,5039.0,124.4,0.0,0.0,21.39,PBKS,0.5
Rahul Shetty,23,India,Allrounder,92.0,5,5681.0,105.1,425.0,7.67,42.1,RCB,0.5
Sandeep Singh,40,Australia,Wicketkeeper,18.0,1,10721.0,100.1,0.0,0.0,53.14,KKR,0.2
Ankit Verma,29,West Indies,Allrounder,96.0,5,4107.0,108.6,315.0,6.02,24.52,MI,0.2
Rohan Shetty,34,India,Batter,233.0,8,6805.0,137.7,11.0,9.31,45.96,CSK,11.0
Vikas Khan,30,West Indies,Batter,69.0,4,10063.0,123.5,15.0,7.75,23.85,RCB,1.0
Irfan Mehta,24,Australia,Allrounder,73.0,3,6247.0,109.8,456.0,6.96,54.2,CSK,5.0
Ankit Naidu,42,South Africa,Wicketkeeper,473.5,18,9654.0,142.8,0.0,0.0,34.45,MI,7.0
Vikas Iyer,38,India,Batter,142.0,5,9845.0,142.1,5.0,6.53,24.27,DC,3.0
Manoj Verma,35,Australia,Allrounder,322.0,14,4667.0,107.7,65.0,5.66,39.49,KKR,0.5
Vikas Sharma,39,India,Bowler,440.0,17,2229.0,113.9,529.0,6.99,22.96,PBKS,5.0
Manoj Naidu,23,South Africa,Allrounder,101.0,5,2139.0,139.9,243.0,6.63,27.76,KKR,3.0
Irfan Chopra,24,South Africa,Batter,31.0,2,4689.0,151.8,15.0,6.77,53.4,SRH,5.0
Arjun Shetty,23,India,Bowler,120.0,4,849.0,143.5,797.0,7.76,26.59,CSK,7.0
Arjun Malik,30,Sri Lanka,Batter,111.0,5,12354.0,115.4,2.0,6.74,31.13,SRH,11.0
Harshit Yadav,38,India,Wicketkeeper,88.0,3,3066.0,152.4,0.0,0.0,47.62,SRH,3.0
Aditya Deshmukh,25,South Africa,Batter,28.0,1,6848.0,106.2,12.0,8.53,51.83,MI,1.5
Arjun Verma,31,England,Bowler,64.0,3,296.0,104.8,377.0,7.15,50.49,DC,5.0
Karthik Mehta,42,India,Allrounder,20.0,1,8832.0,99.9,334.0,5.95,42.99,RR,0.2
Pranav Sharma,29,Australia,Batter,46.0,2,9995.0,100.7,2.0,8.29,31.16,GT,10.0
Aditya Sharma,19,India,Wicketkeeper,27.0,1,2600.0,154.6,0.0,0.0,43.74,CSK,0.2
Pranav Patel,27,Australia,Batter,183.0,7,13815.0,107.8,10.0,8.56,22.76,LSG,1.5
Sameer Malik,24,India,Batter,114.0,5,7545.0,109.9,2.0,6.97,28.21,RR,7.0
Pranav Naidu,18,West Indies,Wicketkeeper,24.0,1,7733.0,106.6,0.0,0.0,40.12,GT,3.0
Irfan Malik,33,India,Bowler,320.0,14,1430.0,144.2,137.0,5.25,26.44,RCB,1.5
Sameer Yadav,23,India,Bowler,67.0,3,1089.0,95.8,840.0,5.77,36.86,GT,2.0
Rahul Shetty,26,India,Wicketkeeper,29.0,1,5310.0,98.4,0.0,0.0,54.22,MI,7.0
Amit Iyer,37,India,Allrounder,432.0,17,6732.0,124.4,423.0,7.77,23.03,KKR,1.5
Karthik Patel,18,West Indies,Wicketkeeper,25.0,1,6333.0,130.5,0.0,0.0,46.56,SRH,10.0
Harshit Patel,25,India,Bowler,122.0,6,1864.0,129.1,668.0,4.72,48.5,LSG,0.2
Rohan Deshmukh,42,India,Allrounder,309.0,11,8050.0,143.2,483.0,7.69,50.78,MI,7.0
Harshit Shetty,35,India,Allrounder,110.0,6,1547.0,119.3,460.0,8.28,39.91,PBKS,7.0
Ankit Shetty,23,India,Batter,140.0,5,12609.0,136.8,11.0,8.77,54.84,RCB,0.5
Irfan Reddy,22,India,Wicketkeeper,18.0,1,5087.0,95.8,0.0,0.0,32.43,GT,2.0
Sandeep Singh,31,England,Wicketkeeper,164.0,10,10318.0,111.9,0.0,0.0,29.18,CSK,0.5
Rohan Deshmukh,41,India,Bowler,149.0,8,3634.0,137.5,695.0,4.85,22.97,PBKS,5.0
Vikas Malik,27,England,Batter,62.0,4,5758.0,136.6,15.0,8.6,28.78,RCB,3.0
Harshit Yadav,26,India,Bowler,169.0,7,3933.0,132.7,368.0,4.96,46.68,GT,3.0
Karthik Kulkarni,27,England,Bowler,23.0,1,862.0,146.1,690.0,7.33,53.77,RR,0.5
Irfan Deshmukh,36,England,Bowler,269.0,9,78.0,149.5,275.0,6.21,48.3,GT,0.5
Pranav Verma,25,Australia,Wicketkeeper,28.0,1,6527.0,148.7,0.0,0.0,20.41,MI,0.2
Harshit Sharma,22,India,Allrounder,23.0,1,6997.0,123.4,301.0,8.38,47.94,DC,1.5
Ankit Mehta,33,England,Batter,195.0,11,12127.0,118.8,4.0,6.45,29.5,CSK,3.0
Sandeep Patel,24,India,Wicketkeeper,90.0,4,6647.0,112.5,0.0,0.0,24.31,CSK,7.0
Nikhil Deshmukh,27,India,Wicketkeeper,84.0,5,10227.0,143.3,0.0,0.0,20.32,KKR,5.0
Irfan Deshmukh,21,India,Allrounder,36.0,2,7316.0,105.5,171.0,6.09,40.62,CSK,2.0
Sameer Chopra,29,England,Allrounder,191.0,7,5487.0,110.5,426.0,5.89,37.09,RR,11.0
Harshit Verma,24,South Africa,Allrounder,85.0,4,4588.0,102.3,42.0,7.28,26.14,PBKS,5.0
Manoj Reddy,32,Australia,Bowler,75.0,3,1078.0,153.4,186.0,4.94,33.9,CSK,10.0
Arjun Sharma,22,South Africa,Batter,21.0,1,11209.0,109.5,4.0,8.1,37.17,KKR,3.0
Amit Verma,29,India,Allrounder,68.0,3,2458.0,97.1,245.0,5.26,36.41,KKR,1.0
Nikhil Shetty,18,Sri Lanka,Wicketkeeper,29.0,1,8618.0,118.9,0.0,0.0,24.79,DC,0.2
Arjun Verma,22,India,Wicketkeeper,73.0,4,4116.0,136.3,0.0,0.0,54.75,GT,5.0
Karthik Chopra,31,Sri Lanka,Wicketkeeper,80.0,4,4948.0,118.7,0.0,0.0,41.86,MI,0.5
Ankit Yadav,26,South Africa,Bowler,58.0,2,1096.0,144.9,240.0,7.66,36.22,LSG,1.0
Harshit Mehta,37,India,Bowler,362.0,17,3917.0,102.7,719.0,6.8,37.92,KKR,3.0
Nikhil Singh,42,South Africa,Bowler,190.0,12,2137.0,104.7,749.0,5.06,34.92,RCB,3.0
Sandeep Mehta,35,Sri Lanka,Bowler,240.0,12,1188.0,136.9,801.0,4.5,35.97,GT,3.0
Rohan Mehta,18,Sri Lanka,Batter,24.0,1,10459.0,103.8,10.0,7.86,24.89,PBKS,0.5
Pranav Malik,26,Sri Lanka,Bowler,124.0,8,1128.0,154.1,859.0,6.22,23.37,LSG,1.5
Karthik Chopra,36,Australia,Wicketkeeper,41.0,2,8879.0,112.1,0.0,0.0,50.43,MI,3.0
Karthik Yadav,28,South Africa,Wicketkeeper,174.0,10,3013.0,99.3,0.0,0.0,50.66,PBKS,11.0
Amit Singh,39,India,Allrounder,156.0,7,5935.0,119.5,474.0,6.84,30.84,LSG,5.0
Sameer Sharma,41,India,Batter,435.0,19,4794.0,113.3,15.0,7.04,50.97,GT,10.0
Sameer Yadav,28,Sri Lanka,Allrounder,196.0,7,8970.0,135.2,122.0,7.53,47.96,CSK,7.0
Pranav Naidu,21,South Africa,Wicketkeeper,81.0,3,4152.0,110.4,0.0,0.0,41.63,MI,3.0
Sandeep Yadav,30,India,Wicketkeeper,129.0,6,3649.0,122.6,0.0,0.0,47.39,RR,0.5
Arjun Malik,21,Sri Lanka,Allrounder,28.0,1,5180.0,133.6,96.0,6.08,50.88,DC,5.0
Harshit Naidu,22,West Indies,Allrounder,113.0,4,2046.0,99.0,323.0,6.41,38.06,RCB,3.0
Irfan Naidu,22,West Indies,Bowler,26.0,1,3734.0,135.3,744.0,5.31,53.29,GT,3.0
Nikhil Khan,23,India,Batter,85.0,3,11680.0,123.0,9.0,7.7,42.91,RR,2.0
Pranav Chopra,21,England,Allrounder,57.0,3,5310.0,110.2,405.0,5.36,52.16,DC,3.0
Vikas Naidu,25,India,Allrounder,18.0,1,5838.0,95.8,204.0,7.34,27.16,RR,1.5
Karthik Sharma,29,India,Wicketkeeper,261.0,10,6685.0,136.0,0.0,0.0,46.75,LSG,2.0
Aditya Verma,26,India,Allrounder,31.0,2,7614.0,112.5,415.0,7.94,52.59,CSK,0.5
Ankit Reddy,26,India,Wicketkeeper,22.0,1,4515.0,128.2,0.0,0.0,44.38,CSK,7.0
Harshit Sharma,19,Sri Lanka,Allrounder,20.0,1,6286.0,102.4,250.0,7.09,53.71,LSG,0.5
Aditya Chopra,34,England,Bowler,129.0,6,630.0,110.3,544.0,4.47,48.48,GT,0.2
Rohan Mehta,24,India,Allrounder,137.0,6,2441.0,145.3,448.0,7.17,38.05,LSG,2.0
Aditya Yadav,38,South Africa,Wicketkeeper,464.0,20,7019.0,117.6,0.0,0.0,52.26,RR,5.0
Arjun Khan,32,West Indies,Allrounder,359.0,12,6964.0,146.4,412.0,5.13,28.08,LSG,2.0
Sameer Patel,25,England,Wicketkeeper,114.0,6,4840.0,145.9,0.0,0.0,24.87,CSK,1.0
Harshit Reddy,29,Sri Lanka,Batter,195.0,11,12146.0,148.3,10.0,8.03,36.57,LSG,3.0
Amit Shetty,24,Sri Lanka,Wicketkeeper,127.0,6,6176.0,139.8,0.0,0.0,48.16,MI,1.5
Amit Khan,40,England,Allrounder,27.0,1,7998.0,150.5,70.0,7.58,35.64,RCB,10.0
Vikas Khan,19,South Africa,Batter,27.0,1,11097.0,97.9,14.0,6.61,28.63,MI,10.0
Harshit Sharma,29,India,Wicketkeeper,54.0,3,9838.0,103.6,0.0,0.0,39.53,LSG,2.0
Karthik Reddy,36,England,Batter,227.0,15,9724.0,97.3,9.0,6.65,21.26,KKR,1.5
Nikhil Deshmukh,23,India,Bowler,104.0,4,1204.0,130.5,295.0,7.16,32.53,PBKS,5.0
Sameer Deshmukh,34,Sri Lanka,Wicketkeeper,85.0,4,4719.0,148.7,0.0,0.0,22.46,RR,0.2
Sandeep Deshmukh,23,Australia,Batter,75.0,4,4177.0,132.0,12.0,9.43,26.42,DC,2.0
Ankit Chopra,38,South Africa,Batter,154.0,8,10905.0,140.8,4.0,8.38,35.03,SRH,1.5
Irfan Verma,28,Sri Lanka,Batter,170.0,7,5581.0,104.0,1.0,9.02,29.76,RR,10.0
Nikhil Sharma,39,India,Wicketkeeper,145.0,7,8249.0,100.6,0.0,0.0,27.38,RR,0.2
Sameer Patel,19,Australia,Wicketkeeper,15.0,1,10221.0,109.3,0.0,0.0,52.12,KKR,3.0
Sandeep Shetty,25,South Africa,Bowler,27.0,1,1798.0,120.6,525.0,4.3,38.63,CSK,5.0
Pranav Sharma,30,India,Allrounder,171.0,6,2964.0,154.9,182.0,8.15,46.37,DC,2.0
Nikhil Verma,23,England,Wicketkeeper,22.0,1,5230.0,153.2,0.0,0.0,47.55,KKR,0.2
Karthik Chopra,34,England,Batter,351.0,14,4110.0,137.4,7.0,9.37,22.79,CSK,11.0
Karthik Yadav,34,India,Allrounder,37.0,2,4597.0,133.8,437.0,6.41,32.28,RCB,2.0
Rohan Singh,32,England,Wicketkeeper,244.0,14,9197.0,111.4,0.0,0.0,40.21,DC,3.0
Amit Naidu,21,England,Batter,51.0,2,8986.0,97.1,15.0,9.27,46.92,CSK,1.0
Nikhil Singh,18,West Indies,Bowler,27.0,1,2177.0,152.8,584.0,6.75,52.57,CSK,2.0
Sandeep Shetty,26,England,Batter,150.0,5,12544.0,126.2,13.0,8.67,27.15,KKR,2.0
Arjun Reddy,38,India,Allrounder,141.0,6,3519.0,140.9,200.0,6.91,51.35,PBKS,0.2
Manoj Kulkarni,31,England,Batter,26.0,1,4030.0,106.7,11.0,8.76,40.99,RCB,0.2
Aditya Singh,20,India,Wicketkeeper,45.0,2,11035.0,114.9,0.0,0.0,20.32,MI,7.0
Rahul Malik,26,Sri Lanka,Bowler,115.0,6,1094.0,101.8,863.0,4.76,49.5,RCB,1.0
Pranav Patel,26,Sri Lanka,Batter,144.0,6,14267.0,112.1,5.0,6.9,53.6,PBKS,0.5
Manoj Shetty,21,South Africa,Allrounder,23.0,1,7097.0,95.6,232.0,6.33,29.93,MI,2.0
Aditya Shetty,20,England,Bowler,37.0,2,619.0,101.2,224.0,4.45,22.71,RR,7.0
Amit Deshmukh,22,India,Wicketkeeper,45.0,3,4256.0,130.6,0.0,0.0,26.63,GT,0.2
Nikhil Deshmukh,26,India,Bowler,49.0,2,2287.0,146.7,628.0,5.37,34.85,LSG,3.0
Vikas Naidu,26,West Indies,Allrounder,18.0,1,8131.0,124.9,109.0,8.2,33.96,SRH,0.2
Karthik Shetty,30,India,Batter,137.0,9,14924.0,99.4,0.0,8.63,23.13,PBKS,0.2
Arjun Chopra,34,India,Allrounder,25.0,1,8485.0,124.2,375.0,7.28,47.66,PBKS,0.2
Rohan Sharma,34,India,Batter,39.0,2,14671.0,118.3,0.0,9.21,40.87,KKR,7.0
Aditya Deshmukh,28,England,Batter,27.0,1,14635.0,153.9,7.0,7.75,49.09,CSK,0.2
Harshit Shetty,28,India,Wicketkeeper,182.0,9,4231.0,149.7,0.0,0.0,28.9,PBKS,0.2
Rahul Reddy,42,Australia,Batter,173.0,8,3361.0,110.9,4.0,8.7,27.31,RR,2.0
Sameer Khan,38,South Africa,Bowler,73.0,3,3397.0,96.2,512.0,7.59,53.79,SRH,7.0
Arjun Patel,42,England,Bowler,269.0,9,3538.0,144.2,274.0,4.57,29.66,RCB,1.0
Karthik Malik,30,West Indies,Batter,80.0,3,7316.0,108.0,10.0,7.23,40.49,SRH,2.0
Manoj Sharma,37,India,Bowler,45.0,3,1002.0,134.4,309.0,5.32,20.55,PBKS,0.2
Ankit Reddy,20,Sri Lanka,Wicketkeeper,52.0,2,4465.0,98.9,0.0,0.0,23.49,DC,2.0
Ankit Naidu,42,India,Wicketkeeper,264.0,14,2871.0,120.1,0.0,0.0,48.52,GT,3.0
Rohan Yadav,27,South Africa,Batter,127.0,6,13637.0,109.7,3.0,9.11,40.1,GT,3.0
Amit Chopra,30,India,Allrounder,147.0,5,8688.0,112.3,205.0,7.69,34.32,RR,1.5
Irfan Yadav,24,Sri Lanka,Bowler,34.0,2,1110.0,103.1,824.0,5.99,20.91,CSK,1.0
Rohan Patel,35,South Africa,Wicketkeeper,265.0,16,6064.0,104.2,0.0,0.0,41.94,RCB,0.2
Irfan Malik,39,Sri Lanka,Allrounder,413.0,19,4126.0,106.4,318.0,5.26,31.82,DC,1.5
Aditya Singh,30,India,Batter,48.0,2,7020.0,106.5,9.0,6.27,51.89,GT,0.2
Rohan Kulkarni,19,India,Allrounder,30.0,1,5718.0,134.2,311.0,5.07,33.45,SRH,7.0
Nikhil Iyer,29,South Africa,Batter,248.0,10,9109.0,130.3,12.0,8.35,27.82,CSK,11.0
Ankit Kulkarni,37,South Africa,Bowler,208.0,7,581.0,124.5,549.0,7.22,48.79,PBKS,11.0
Sandeep Yadav,31,West Indies,Bowler,240.0,12,339.0,154.1,258.0,5.54,46.97,RR,10.0
Sameer Verma,33,West Indies,Bowler,116.0,6,2510.0,125.9,837.0,7.67,36.58,MI,3.0
Pranav Naidu,37,India,Allrounder,221.0,12,8914.0,147.8,441.0,7.64,53.75,GT,5.0
Irfan Naidu,22,India,Batter,15.0,1,9889.0,142.9,4.0,7.14,27.37,LSG,1.0
Irfan Khan,36,India,Allrounder,248.0,10,6911.0,105.8,428.0,6.91,32.16,CSK,3.0
Karthik Yadav,36,India,Allrounder,221.0,10,2282.0,103.8,490.0,8.26,42.13,DC,2.0
Nikhil Patel,38,India,Bowler,197.0,10,3890.0,102.2,324.0,6.25,31.41,CSK,2.0
Irfan Chopra,41,South Africa,Batter,473.5,22,12389.0,106.2,1.0,7.97,48.02,RR,5.0
Aditya Verma,31,Sri Lanka,Wicketkeeper,187.0,7,4724.0,153.3,0.0,0.0,27.52,LSG,1.0
Rahul Kulkarni,42,Australia,Batter,30.0,2,12032.0,122.3,7.0,6.65,46.17,CSK,1.0
Aditya Naidu,34,India,Bowler,235.0,9,73.0,96.2,877.5,5.07,38.94,GT,10.0
Aditya Naidu,20,England,Wicketkeeper,50.0,2,6132.0,152.4,0.0,0.0,33.69,PBKS,0.2
Sandeep Iyer,24,India,Allrounder,165.0,6,3351.0,153.1,355.0,6.47,44.31,DC,2.0
Sandeep Singh,22,Sri Lanka,Allrounder,44.0,2,7807.0,128.8,132.0,7.52,54.11,LSG,10.0
Ankit Naidu,32,India,Allrounder,141.0,8,2373.0,148.7,377.0,7.41,44.48,DC,3.0
Rahul Patel,34,West Indies,Bowler,259.0,12,1769.0,112.4,115.0,6.79,30.62,SRH,3.0
Vikas Chopra,25,South Africa,Wicketkeeper,158.0,6,10514.0,142.0,0.0,0.0,30.38,KKR,1.0
Sandeep Shetty,35,Australia,Allrounder,473.5,17,4213.0,110.0,500.0,6.97,48.59,CSK,1.5
Ankit Kulkarni,40,Australia,Bowler,473.5,21,3083.0,144.8,566.0,4.42,41.1,GT,7.0
Pranav Mehta,19,West Indies,Bowler,25.0,1,988.0,127.5,213.0,4.71,29.89,RCB,3.0
Sameer Singh,38,South Africa,Bowler,32.0,2,3490.0,116.1,509.0,5.23,22.22,SRH,2.0
Nikhil Verma,40,Sri Lanka,Wicketkeeper,473.5,22,9909.0,154.2,0.0,0.0,21.1,RR,0.2
Vikas Deshmukh,34,India,Wicketkeeper,59.0,3,11907.0,134.7,0.0,0.0,32.99,RR,0.2
Harshit Kulkarni,28,India,Allrounder,166.0,10,2440.0,116.4,404.0,7.26,43.58,DC,11.0
Sandeep Yadav,35,India,Wicketkeeper,187.0,11,7100.0,138.8,0.0,0.0,44.17,DC,1.5
Karthik Mehta,32,India,Wicketkeeper,85.0,4,5722.0,101.8,0.0,0.0,42.99,RR,3.0
Rohan Shetty,34,Sri Lanka,Allrounder,368.0,13,5307.0,96.7,331.0,5.98,34.52,PBKS,0.2
Harshit Malik,20,India,Bowler,31.0,2,2253.0,123.0,815.0,5.65,44.67,RCB,5.0
Harshit Sharma,38,Australia,Batter,71.0,4,11267.0,113.9,13.0,7.08,22.12,MI,10.0
Manoj Iyer,39,India,Batter,292.0,14,11002.0,129.1,10.0,8.4,32.23,DC,3.0
Rohan Malik,36,India,Batter,309.0,11,14457.0,127.2,12.0,8.47,36.42,PBKS,0.5
Pranav Chopra,32,India,Batter,52.0,2,7344.0,133.2,11.0,7.79,43.1,CSK,3.0
Rohan Iyer,34,Sri Lanka,Bowler,459.0,16,2758.0,103.4,736.0,5.1,25.48,RCB,7.0
Ankit Deshmukh,27,Australia,Wicketkeeper,209.0,7,10958.0,133.4,0.0,0.0,50.55,RCB,2.0
Rahul Naidu,24,Sri Lanka,Allrounder,19.0,1,7586.0,105.2,209.0,6.43,46.48,MI,10.0
Irfan Khan,20,India,Bowler,22.0,1,1341.0,147.8,317.0,7.16,41.24,SRH,5.0
Pranav Naidu,31,Sri Lanka,Allrounder,176.0,8,3242.0,95.9,168.0,8.01,23.75,LSG,10.0
Harshit Malik,41,West Indies,Wicketkeeper,136.0,5,7786.0,100.6,0.0,0.0,44.94,DC,3.0
Amit Verma,19,Sri Lanka,Batter,17.0,1,7206.0,124.8,0.0,6.24,36.54,PBKS,0.5
Rahul Kulkarni,33,West Indies,Wicketkeeper,232.0,15,9265.0,113.6,0.0,0.0,50.46,RCB,1.0
Irfan Verma,20,South Africa,Wicketkeeper,28.0,1,10651.0,105.2,0.0,0.0,32.34,RR,0.5
Sandeep Shetty,39,Sri Lanka,Wicketkeeper,165.0,9,5289.0,141.5,0.0,0.0,21.06,MI,10.0
Manoj Reddy,27,India,Allrounder,110.0,4,7523.0,144.0,65.0,7.36,52.63,GT,7.0
Harshit Yadav,24,England,Allrounder,52.0,2,2682.0,114.2,492.0,8.07,40.52,RR,5.0
Aditya Deshmukh,29,Sri Lanka,Wicketkeeper,116.0,6,7745.0,99.6,0.0,0.0,29.03,RR,1.0
Arjun Shetty,41,India,Wicketkeeper,30.0,1,5381.0,100.7,0.0,0.0,31.03,MI,0.5
Harshit Naidu,34,Australia,Allrounder,212.0,8,4901.0,115.8,423.0,8.06,39.67,RR,5.0
Pranav Reddy,39,Australia,Bowler,84.0,3,2857.0,122.5,734.0,5.65,53.94,MI,2.0
Pranav Khan,37,India,Wicketkeeper,203.0,7,11889.0,112.8,0.0,0.0,41.96,KKR,1.0
Ankit Reddy,30,Australia,Wicketkeeper,59.0,3,3126.0,120.2,0.0,0.0,22.14,SRH,3.0
Pranav Mehta,36,South Africa,Batter,267.0,11,6566.0,143.8,0.0,7.71,23.46,DC,0.2
Manoj Iyer,19,India,Bowler,26.0,1,2780.0,104.2,159.0,4.26,46.75,MI,1.5
Karthik Chopra,30,India,Batter,113.0,5,11215.0,128.9,3.0,8.53,36.39,LSG,2.0
Harshit Malik,20,Sri Lanka,Allrounder,22.0,1,6450.0,141.0,252.0,8.11,48.42,KKR,0.5
Sameer Kulkarni,29,England,Wicketkeeper,82.0,3,11414.0,143.8,0.0,0.0,42.5,RCB,11.0
Karthik Deshmukh,30,England,Wicketkeeper,166.0,8,7385.0,122.5,0.0,0.0,50.26,CSK,0.5
Rahul Iyer,34,South Africa,Wicketkeeper,49.0,2,4074.0,150.6,0.0,0.0,20.83,PBKS,0.5
Irfan Naidu,28,India,Bowler,91.0,5,2350.0,152.5,333.0,4.2,29.7,CSK,0.5
Vikas Iyer,24,West Indies,Batter,163.0,6,6195.0,118.3,15.0,9.06,24.17,RR,7.0
Sandeep Patel,26,South Africa,Batter,202.0,7,11929.0,104.4,9.0,6.28,28.75,KKR,2.0
Karthik Patel,20,India,Wicketkeeper,46.0,2,6856.0,124.3,0.0,0.0,44.55,RCB,3.0
Aditya Mehta,23,South Africa,Batter,50.0,3,10748.0,121.5,13.0,9.45,38.14,DC,0.2
Arjun Mehta,39,India,Allrounder,236.0,12,7174.0,127.4,228.0,6.83,38.12,RCB,0.2
Arjun Naidu,29,South Africa,Allrounder,57.0,3,1547.0,95.1,441.0,5.03,23.42,CSK,2.0
Arjun Shetty,39,India,Bowler,105.0,5,1461.0,137.3,227.0,4.39,27.17,RCB,7.0
Rahul Singh,35,England,Wicketkeeper,430.0,15,9216.0,148.7,0.0,0.0,52.5,KKR,10.0
Manoj Chopra,27,Sri Lanka,Bowler,154.0,8,1689.0,151.3,363.0,7.71,29.52,SRH,0.2
Amit Naidu,39,West Indies,Allrounder,242.0,12,2341.0,105.5,428.0,6.78,48.22,RCB,3.0
Aditya Kulkarni,18,West Indies,Allrounder,16.0,1,5922.0,146.1,285.0,8.11,35.17,CSK,10.0
Irfan Khan,28,India,Allrounder,200.0,7,7051.0,100.9,213.0,7.66,21.41,DC,1.5
Ankit Chopra,35,India,Batter,60.0,4,12208.0,120.5,13.0,8.64,54.84,CSK,7.0
Harshit Verma,33,Sri Lanka,Wicketkeeper,261.0,10,3800.0,100.8,0.0,0.0,49.95,SRH,0.5
Arjun Shetty,36,South Africa,Wicketkeeper,153.0,7,5676.0,123.8,0.0,0.0,48.95,GT,10.0
Manoj Shetty,30,India,Allrounder,221.0,11,3416.0,150.0,193.0,7.86,30.42,DC,5.0
Aditya Mehta,32,India,Allrounder,145.0,8,5428.0,104.1,335.0,8.32,22.87,RR,11.0
Sameer Khan,22,West Indies,Wicketkeeper,33.0,2,3716.0,120.9,0.0,0.0,48.99,RCB,5.0
Vikas Naidu,29,India,Bowler,30.0,1,1003.0,144.8,375.0,5.8,45.54,SRH,1.5
Sandeep Patel,28,Australia,Allrounder,15.0,1,4117.0,151.9,364.0,5.73,22.13,PBKS,10.0
Sandeep Shetty,18,India,Wicketkeeper,30.0,1,11735.0,148.9,0.0,0.0,30.66,RR,1.0
Rohan Singh,31,Sri Lanka,Batter,73.0,3,6870.0,120.3,13.0,7.75,26.01,PBKS,1.5
Nikhil Patel,30,West Indies,Allrounder,17.0,1,5096.0,106.6,424.0,6.25,27.14,PBKS,5.0
Manoj Reddy,27,India,Bowler,198.0,8,1807.0,124.3,741.0,4.71,47.93,DC,7.0
Harshit Verma,34,England,Wicketkeeper,347.0,12,8434.0,129.1,0.0,0.0,51.26,GT,10.0
Rahul Shetty,32,West Indies,Bowler,38.0,2,3928.0,136.4,348.0,6.42,43.37,PBKS,0.5
Sameer Reddy,26,England,Batter,128.0,7,8553.0,136.4,15.0,7.57,22.44,KKR,7.0
Karthik Verma,26,Sri Lanka,Wicketkeeper,201.0,8,5085.0,146.6,0.0,0.0,47.22,KKR,5.0
Arjun Verma,20,Sri Lanka,Bowler,29.0,1,1512.0,141.1,472.0,4.93,20.44,GT,0.2
Ankit Singh,20,West Indies,Wicketkeeper,22.0,1,4578.0,108.0,0.0,0.0,22.28,LSG,1.5
Pranav Shetty,41,India,Batter,131.0,6,12653.0,140.4,0.0,8.73,48.48,CSK,1.0
Aditya Patel,28,India,Allrounder,123.0,5,4138.0,125.1,321.0,5.02,44.67,LSG,1.0
Ankit Deshmukh,29,India,Batter,148.0,5,6671.0,134.0,8.0,6.54,22.94,PBKS,11.0
Manoj Iyer,27,India,Allrounder,53.0,3,3043.0,123.5,352.0,5.63,42.87,LSG,5.0
Harshit Shetty,25,England,Batter,37.0,2,6312.0,106.1,11.0,6.51,27.16,RR,5.0
Nikhil Naidu,24,West Indies,Allrounder,92.0,6,6172.0,108.6,242.0,5.84,33.83,DC,11.0
Aditya Deshmukh,23,South Africa,Bowler,75.0,5,2151.0,121.3,581.0,6.48,47.16,MI,1.5
Pranav Naidu,35,West Indies,Allrounder,277.0,16,7875.0,102.6,399.0,7.52,21.71,GT,7.0
Irfan Reddy,33,India,Wicketkeeper,97.0,4,10181.0,147.7,0.0,0.0,22.79,KKR,2.0
Irfan Reddy,32,South Africa,Bowler,61.0,4,2331.0,96.3,591.0,4.56,41.99,RR,10.0
Arjun Shetty,39,England,Wicketkeeper,290.0,19,3405.0,129.9,0.0,0.0,54.54,DC,0.5
Rohan Singh,39,Sri Lanka,Allrounder,386.0,21,6420.0,119.7,244.0,8.1,33.01,CSK,11.0
Pranav Patel,23,Sri Lanka,Batter,104.0,5,14643.0,104.1,5.0,7.04,24.83,CSK,0.5
Ankit Iyer,40,West Indies,Wicketkeeper,95.0,5,8162.0,102.9,0.0,0.0,23.99,LSG,1.5
Amit Singh,27,Australia,Bowler,190.0,7,321.0,113.4,835.0,4.91,53.66,PBKS,5.0
Rahul Patel,29,Sri Lanka,Wicketkeeper,145.0,7,5830.0,129.7,0.0,0.0,54.57,LSG,1.5
Sandeep Verma,36,West Indies,Wicketkeeper,316.0,18,11561.0,117.3,0.0,0.0,36.02,DC,3.0
Arjun Kulkarni,32,Australia,Batter,166.0,11,11107.0,106.0,10.0,7.14,25.01,GT,2.0
Aditya Chopra,40,England,Bowler,215.0,11,3037.0,154.2,481.0,7.59,21.57,CSK,5.0
Sandeep Reddy,28,India,Wicketkeeper,244.0,10,3044.0,104.0,0.0,0.0,34.82,GT,1.0
Ankit Patel,42,India,Batter,329.0,15,12928.0,116.8,13.0,6.65,24.52,KKR,0.2
Harshit Iyer,32,India,Batter,65.0,3,9359.0,111.3,7.0,7.6,32.32,GT,1.0
Irfan Khan,35,Sri Lanka,Batter,446.0,15,11531.0,120.7,10.0,6.33,54.41,RCB,2.0
Rahul Verma,25,India,Bowler,79.0,4,345.0,147.6,308.0,5.25,49.51,PBKS,0.5
Vikas Sharma,33,India,Wicketkeeper,48.0,2,3079.0,152.1,0.0,0.0,47.65,RR,1.5
Amit Reddy,34,Australia,Bowler,354.0,12,3773.0,146.4,593.0,6.51,22.65,GT,1.5
Manoj Naidu,24,India,Batter,94.0,4,9466.0,154.4,13.0,7.62,46.94,RCB,0.2
Sameer Reddy,28,Sri Lanka,Batter,152.0,7,8732.0,141.8,11.0,9.37,50.62,LSG,3.0
Aditya Khan,32,Australia,Bowler,220.0,13,3321.0,140.6,83.0,6.68,38.31,DC,10.0
Sameer Kulkarni,28,England,Wicketkeeper,121.0,8,7311.0,150.5,0.0,0.0,48.88,RCB,0.5
Aditya Malik,19,West Indies,Allrounder,17.0,1,1711.0,135.4,361.0,7.95,30.66,GT,3.0
Arjun Naidu,35,India,Allrounder,252.0,11,5468.0,151.1,297.0,5.12,40.51,RCB,5.0
Pranav Iyer,27,West Indies,Wicketkeeper,92.0,6,5005.0,112.9,0.0,0.0,25.22,CSK,2.0
Harshit Verma,27,England,Batter,31.0,2,10649.0,145.2,9.0,8.9,48.51,MI,5.0
Manoj Reddy,36,West Indies,Batter,205.0,8,4947.0,117.0,13.0,8.26,30.64,CSK,2.0
Rahul Singh,42,South Africa,Batter,473.5,22,4463.0,145.0,7.0,6.03,23.06,DC,2.0
Aditya Verma,38,England,Batter,161.0,10,3689.0,125.2,1.0,8.21,38.43,LSG,0.2
Amit Kulkarni,27,India,Allrounder,106.0,6,6629.0,96.9,284.0,8.24,47.07,GT,5.0
Sameer Kulkarni,18,Australia,Batter,24.0,1,13220.0,97.3,7.0,6.18,35.04,RR,5.0
Aditya Deshmukh,28,India,Allrounder,191.0,7,3345.0,142.3,443.0,5.22,38.53,GT,0.2
Arjun Yadav,38,Australia,Bowler,319.0,13,573.0,97.4,248.0,4.11,41.44,RR,1.5
Harshit Chopra,27,Sri Lanka,Allrounder,94.0,6,5792.0,121.3,413.0,7.82,39.41,MI,11.0
Rahul Shetty,25,India,Allrounder,38.0,2,3729.0,131.6,371.0,7.8,27.87,SRH,2.0
Manoj Deshmukh,38,India,Wicketkeeper,320.0,20,3071.0,131.8,0.0,0.0,41.99,KKR,2.0
Nikhil Khan,26,India,Bowler,124.0,6,2873.0,132.3,821.0,6.79,53.92,GT,10.0
Pranav Iyer,35,India,Wicketkeeper,287.0,14,2667.0,106.8,0.0,0.0,53.29,DC,5.0
Rahul Deshmukh,39,India,Wicketkeeper,473.5,19,9837.0,127.3,0.0,0.0,43.52,LSG,3.0
Irfan Sharma,24,West Indies,Wicketkeeper,18.0,1,9020.0,101.0,0.0,0.0,33.32,PBKS,7.0
Vikas Khan,31,India,Batter,210.0,9,9221.0,137.4,3.0,8.69,21.4,CSK,10.0
Ankit Sharma,39,South Africa,Batter,122.0,6,8333.0,100.3,8.0,7.91,54.85,MI,2.0
Ankit Naidu,31,India,Bowler,124.0,7,3547.0,96.3,437.0,7.41,50.05,KKR,2.0
Sandeep Naidu,25,West Indies,Batter,88.0,4,9466.0,116.2,5.0,9.22,45.18,RR,1.5
Sameer Naidu,42,Australia,Allrounder,152.0,6,3794.0,134.3,226.0,6.55,31.91,PBKS,11.0
Rahul Naidu,19,India,Wicketkeeper,17.0,1,8018.0,114.4,0.0,0.0,34.86,KKR,5.0
Sameer Reddy,42,Australia,Batter,284.0,16,9269.0,144.9,2.0,6.51,32.2,CSK,0.2
Rahul Khan,26,England,Wicketkeeper,79.0,5,6840.0,119.0,0.0,0.0,51.29,RR,10.0
Sandeep Reddy,26,Australia,Allrounder,60.0,2,4326.0,127.7,389.0,6.74,53.48,SRH,2.0
Nikhil Khan,39,Australia,Bowler,443.0,17,1052.0,105.2,168.0,7.37,36.56,RR,0.2
Irfan Yadav,39,West Indies,Batter,307.0,19,7166.0,117.3,15.0,9.4,33.01,LSG,3.0
Nikhil Yadav,31,India,Batter,73.0,3,7039.0,101.9,12.0,6.68,45.91,GT,2.0
Sameer Iyer,28,South Africa,Allrounder,45.0,3,7275.0,153.1,450.0,7.7,47.07,LSG,10.0
Rohan Reddy,33,Australia,Batter,75.0,5,5791.0,97.4,13.0,6.85,54.49,SRH,0.5
Ankit Yadav,40,India,Bowler,80.0,4,1446.0,113.7,429.0,5.29,51.71,SRH,7.0
Sandeep Malik,30,India,Bowler,56.0,2,361.0,107.9,292.0,6.22,51.12,RR,3.0
Irfan Deshmukh,35,England,Batter,153.0,9,3145.0,100.2,11.0,9.48,50.18,DC,0.2
Harshit Iyer,26,England,Allrounder,45.0,3,4512.0,126.4,245.0,6.37,52.02,LSG,11.0
Arjun Khan,35,West Indies,Batter,343.0,17,14421.0,110.7,0.0,9.41,27.45,SRH,2.0
Rahul Iyer,32,India,Wicketkeeper,58.0,3,7527.0,99.8,0.0,0.0,39.66,RR,1.0
Karthik Chopra,19,India,Bowler,19.0,1,1665.0,119.7,561.0,4.05,22.57,MI,2.0
Vikas Iyer,23,India,Bowler,88.0,4,1831.0,97.4,818.0,5.54,49.23,RR,7.0
Manoj Khan,31,England,Allrounder,236.0,8,5650.0,114.7,446.0,5.73,50.45,PBKS,1.0
Harshit Reddy,34,Sri Lanka,Allrounder,100.0,4,7286.0,108.1,274.0,7.61,22.52,GT,0.5
Nikhil Verma,42,India,Bowler,168.0,10,824.0,118.4,507.0,6.72,46.81,SRH,0.5
Sandeep Malik,33,South Africa,Wicketkeeper,154.0,6,6770.0,121.7,0.0,0.0,32.11,RR,1.0
Sameer Kulkarni,40,India,Batter,473.5,20,13635.0,139.9,13.0,7.58,51.58,DC,7.0
Harshit Iyer,32,India,Bowler,184.0,11,1625.0,126.4,206.0,4.19,21.15,CSK,2.0
Karthik Naidu,40,India,Batter,148.0,7,6986.0,148.1,9.0,7.64,32.66,PBKS,1.0
Vikas Yadav,19,England,Bowler,18.0,1,2097.0,132.8,96.0,7.54,52.7,MI,0.5
Rohan Chopra,21,India,Wicketkeeper,37.0,2,9436.0,140.4,0.0,0.0,23.62,CSK,1.5
Irfan Mehta,22,West Indies,Batter,26.0,1,6177.0,118.7,2.0,6.81,25.95,KKR,10.0
Harshit Khan,21,Sri Lanka,Allrounder,47.0,2,8947.0,123.3,88.0,6.73,53.47,KKR,1.5
Rohan Shetty,29,England,Bowler,194.0,8,3291.0,142.1,166.0,5.65,52.97,MI,11.0
Amit Chopra,18,India,Wicketkeeper,22.0,1,8726.0,147.6,0.0,0.0,27.3,RR,2.0
Manoj Sharma,29,South Africa,Allrounder,20.0,1,8133.0,115.9,113.0,6.74,34.0,RCB,0.5
Sandeep Khan,27,India,Bowler,201.0,8,3202.0,144.6,643.0,5.37,35.82,DC,10.0
Pranav Patel,40,England,Wicketkeeper,80.0,5,9312.0,126.4,0.0,0.0,54.39,KKR,2.0
Arjun Verma,22,India,Batter,25.0,1,10865.0,124.3,15.0,6.21,47.09,CSK,5.0
Sandeep Deshmukh,38,West Indies,Wicketkeeper,17.0,1,3108.0,104.1,0.0,0.0,41.4,PBKS,11.0
Sandeep Malik,36,West Indies,Allrounder,341.0,16,4927.0,147.0,231.0,5.84,31.45,RR,0.2
Arjun Patel,19,West Indies,Wicketkeeper,20.0,1,4363.0,114.7,0.0,0.0,40.94,RR,0.2
Vikas Naidu,27,India,Wicketkeeper,29.0,1,3855.0,106.0,0.0,0.0,29.97,KKR,5.0
Vikas Mehta,26,India,Batter,61.0,4,3852.0,116.2,10.0,7.46,38.37,CSK,1.0
Sandeep Reddy,41,Sri Lanka,Wicketkeeper,333.0,22,5404.0,131.0,0.0,0.0,39.83,CSK,0.5
Rohan Chopra,38,Sri Lanka,Wicketkeeper,283.0,10,11253.0,134.3,0.0,0.0,30.77,DC,0.2
Vikas Iyer,34,India,Batter,158.0,6,4920.0,140.6,10.0,6.44,49.78,LSG,0.2
Sandeep Iyer,23,Sri Lanka,Bowler,51.0,2,2781.0,119.4,258.0,4.98,37.45,PBKS,7.0
Amit Patel,42,India,Allrounder,305.0,11,7102.0,134.6,473.0,6.87,21.46,SRH,0.5
Rohan Yadav,27,West Indies,Allrounder,188.0,8,4791.0,98.7,443.0,7.53,36.39,MI,2.0
Karthik Chopra,27,India,Allrounder,150.0,6,8168.0,122.1,362.0,7.9,25.22,CSK,3.0
Harshit Reddy,36,South Africa,Allrounder,142.0,6,6404.0,148.4,467.0,8.45,47.0,KKR,2.0
Irfan Singh,34,England,Wicketkeeper,202.0,8,2779.0,119.7,0.0,0.0,26.43,DC,0.2
Arjun Naidu,26,India,Bowler,91.0,6,3581.0,126.9,839.0,7.58,49.83,DC,7.0
Amit Mehta,33,India,Wicketkeeper,228.0,12,4393.0,115.5,0.0,0.0,31.74,PBKS,0.2
Rahul Kulkarni,32,India,Bowler,287.0,13,2406.0,126.3,803.0,7.75,24.92,MI,7.0
Vikas Yadav,34,India,Allrounder,26.0,1,7015.0,123.9,255.0,5.77,21.49,KKR,10.0
Amit Patel,36,India,Allrounder,289.0,14,4823.0,120.1,55.0,6.62,47.28,CSK,2.0
Ankit Iyer,20,South Africa,Bowler,20.0,1,713.0,154.0,472.0,5.35,26.33,CSK,3.0
Manoj Deshmukh,19,India,Batter,27.0,1,9530.0,100.4,7.0,8.07,45.69,SRH,2.0
Rahul Verma,25,West Indies,Wicketkeeper,19.0,1,5617.0,154.7,0.0,0.0,48.67,CSK,1.5
Karthik Patel,21,India,Batter,24.0,1,8184.0,124.1,14.0,7.94,49.23,LSG,10.0
Ankit Shetty,41,England,Batter,142.0,9,12078.0,154.4,2.0,9.28,33.88,MI,10.0
Irfan Malik,37,South Africa,Batter,29.0,1,6813.0,104.4,11.0,9.47,28.87,DC,1.5
Ankit Mehta,23,India,Bowler,90.0,4,3275.0,111.3,522.0,4.34,46.88,DC,3.0
Rohan Patel,25,India,Bowler,54.0,3,2885.0,141.7,270.0,7.24,42.09,KKR,10.0
Rahul Sharma,34,South Africa,Wicketkeeper,278.0,13,9437.0,125.8,0.0,0.0,44.8,RR,11.0
Nikhil Iyer,18,England,Allrounder,29.0,1,5106.0,145.5,267.0,6.37,43.7,KKR,2.0
Nikhil Sharma,27,Sri Lanka,Allrounder,32.0,2,5582.0,127.2,212.0,7.44,50.98,DC,2.0
Aditya Naidu,24,Sri Lanka,Bowler,52.0,2,3245.0,117.9,773.0,4.96,47.22,PBKS,1.0
Manoj Patel,42,West Indies,Bowler,298.0,12,3866.0,148.4,615.0,5.87,32.12,DC,11.0
Manoj Malik,37,India,Batter,305.0,17,10820.0,148.3,3.0,7.29,36.25,GT,0.5
Rahul Verma,28,Australia,Batter,33.0,2,5575.0,115.0,9.0,7.81,29.68,RCB,3.0
Ankit Khan,40,South Africa,Allrounder,473.5,17,3276.0,102.2,78.0,7.3,50.77,SRH,1.0
Rahul Khan,39,Australia,Wicketkeeper,116.0,7,11894.0,141.8,0.0,0.0,26.68,LSG,1.0
Nikhil Singh,18,England,Wicketkeeper,16.0,1,11392.0,136.6,0.0,0.0,41.09,SRH,2.0
Vikas Verma,29,India,Batter,203.0,8,4487.0,111.4,15.0,6.65,34.31,CSK,11.0
Amit Reddy,30,India,Wicketkeeper,50.0,2,3102.0,137.0,0.0,0.0,42.36,MI,0.2
Karthik Yadav,21,India,Bowler,17.0,1,2722.0,141.1,614.0,6.02,46.53,GT,3.0
Sandeep Sharma,38,England,Wicketkeeper,75.0,3,8737.0,132.1,0.0,0.0,47.54,KKR,0.2
Amit Sharma,29,India,Allrounder,190.0,7,7845.0,147.9,476.0,6.17,41.52,MI,0.5
Irfan Iyer,38,India,Allrounder,277.0,11,6029.0,127.8,459.0,7.88,27.65,RR,2.0
Rahul Reddy,22,India,Batter,62.0,3,14280.0,117.3,5.0,7.9,44.41,SRH,2.0
Rohan Khan,27,England,Batter,58.0,2,7778.0,145.2,12.0,7.67,43.73,LSG,1.0
Sameer Shetty,31,India,Allrounder,53.0,3,3374.0,108.0,471.0,7.4,54.45,GT,1.0
Sandeep Deshmukh,19,India,Allrounder,28.0,1,5687.0,142.3,173.0,7.95,31.56,MI,0.2
Arjun Shetty,30,England,Bowler,18.0,1,2571.0,103.2,798.0,6.04,38.85,PBKS,1.0
Vikas Verma,28,South Africa,Bowler,231.0,10,601.0,128.2,146.0,4.55,42.71,RR,11.0
Manoj Verma,42,India,Allrounder,434.0,16,3413.0,124.9,90.0,6.37,50.65,DC,11.0
Nikhil Shetty,31,India,Allrounder,305.0,13,1776.0,142.5,438.0,5.38,25.98,DC,1.5
Rahul Deshmukh,28,Sri Lanka,Batter,88.0,5,6666.0,106.1,9.0,6.13,46.78,KKR,3.0
Pranav Patel,38,Sri Lanka,Bowler,349.0,14,2451.0,147.4,780.0,5.54,38.36,CSK,10.0
Nikhil Malik,19,Sri Lanka,Wicketkeeper,27.0,1,3376.0,96.3,0.0,0.0,45.08,DC,0.2
Amit Verma,21,England,Bowler,85.0,3,3517.0,142.4,364.0,4.42,25.88,MI,7.0
Rohan Malik,38,India,Wicketkeeper,210.0,10,6882.0,115.7,0.0,0.0,46.64,LSG,11.0
Pranav Malik,40,Sri Lanka,Allrounder,151.0,8,5039.0,117.3,428.0,8.34,49.03,PBKS,0.2
Rahul Kulkarni,37,West Indies,Batter,437.0,16,8902.0,143.4,4.0,6.67,43.01,RR,0.5
Pranav Shetty,29,England,Batter,63.0,4,7163.0,113.2,0.0,6.67,24.61,LSG,11.0
Amit Patel,36,West Indies,Wicketkeeper,146.0,7,9018.0,118.0,0.0,0.0,27.13,MI,3.0
Pranav Sharma,35,England,Allrounder,268.0,15,6125.0,154.7,50.0,7.25,20.42,PBKS,0.2
Nikhil Singh,28,India,Batter,154.0,6,4104.0,129.4,8.0,7.89,52.0,LSG,1.0
Manoj Reddy,32,India,Bowler,281.0,12,3876.0,127.6,290.0,5.92,36.51,GT,2.0
Rohan Patel,41,India,Bowler,346.0,20,2444.0,98.4,434.0,5.02,34.3,RR,5.0
Sandeep Deshmukh,26,West Indies,Wicketkeeper,15.0,1,10864.0,98.2,0.0,0.0,39.27,LSG,5.0
Arjun Shetty,35,India,Wicketkeeper,54.0,2,4510.0,113.4,0.0,0.0,38.68,KKR,11.0
Sameer Mehta,22,India,Wicketkeeper,19.0,1,5124.0,103.1,0.0,0.0,52.64,DC,1.0
Sandeep Singh,24,Sri Lanka,Batter,45.0,2,5244.0,106.4,11.0,9.13,32.02,RR,3.0
Harshit Khan,18,India,Allrounder,28.0,1,2932.0,100.7,392.0,7.15,32.41,RR,3.0
Rohan Patel,32,Australia,Batter,224.0,12,11139.0,149.9,15.0,6.88,49.84,KKR,2.0
Ankit Kulkarni,24,India,Bowler,52.0,2,2007.0,126.2,340.0,6.2,52.58,LSG,0.5
Aditya Iyer,23,Australia,Allrounder,20.0,1,1784.0,153.2,264.0,8.26,24.39,CSK,11.0
Rohan Patel,37,West Indies,Wicketkeeper,178.0,8,3573.0,104.6,0.0,0.0,43.69,DC,7.0
Ankit Sharma,37,India,Bowler,234.0,10,926.0,96.1,736.0,6.06,22.17,DC,2.0
Aditya Malik,18,Sri Lanka,Allrounder,30.0,1,6479.0,147.1,449.0,8.11,32.5,GT,3.0
Manoj Verma,40,Sri Lanka,Bowler,407.0,20,1885.0,130.6,679.0,7.39,48.21,RCB,1.0
Vikas Chopra,29,South Africa,Bowler,207.0,8,3214.0,101.8,153.0,5.62,35.18,MI,3.0
Vikas Singh,22,India,Batter,51.0,2,13430.0,128.1,2.0,7.6,23.7,MI,5.0
Amit Patel,25,Sri Lanka,Bowler,132.0,6,768.0,109.6,461.0,7.77,26.95,CSK,2.0
Sandeep Malik,42,South Africa,Batter,473.5,22,7569.0,127.2,9.0,7.84,35.39,SRH,11.0
Vikas Iyer,40,India,Bowler,74.0,4,3506.0,126.0,254.0,6.93,41.34,RCB,3.0
Arjun Shetty,19,Sri Lanka,Bowler,16.0,1,3854.0,96.5,866.0,6.75,39.97,DC,1.5
Vikas Mehta,42,India,Allrounder,473.5,22,1597.0,96.0,309.0,8.09,34.18,MI,7.0
Arjun Yadav,29,India,Wicketkeeper,166.0,9,6189.0,150.6,0.0,0.0,32.36,LSG,0.5
Sandeep Reddy,21,West Indies,Bowler,30.0,2,2528.0,153.9,690.0,5.74,26.98,CSK,1.5
Ankit Patel,24,India,Batter,64.0,4,10358.0,146.6,9.0,6.23,50.4,PBKS,1.5
Vikas Naidu,26,Sri Lanka,Batter,116.0,4,6789.0,125.9,3.0,7.65,49.25,SRH,2.0
Karthik Sharma,21,Australia,Bowler,27.0,1,692.0,110.9,393.0,6.81,20.59,SRH,7.0
Amit Naidu,29,India,Allrounder,91.0,6,4128.0,146.5,159.0,6.68,51.35,LSG,2.0
Irfan Yadav,29,West Indies,Bowler,102.0,6,2732.0,147.8,207.0,7.63,40.3,SRH,7.0
Pranav Chopra,42,India,Batter,419.0,17,3949.0,141.5,4.0,7.56,45.89,RCB,3.0
Karthik Naidu,41,West Indies,Allrounder,354.0,18,4290.0,100.2,303.0,6.88,52.41,PBKS,1.5
Vikas Naidu,33,England,Allrounder,289.0,12,7809.0,116.8,190.0,6.59,42.03,MI,7.0
Vikas Deshmukh,21,Sri Lanka,Bowler,54.0,2,66.0,107.6,470.0,6.56,49.29,CSK,1.0
Amit Kulkarni,31,India,Wicketkeeper,202.0,7,6316.0,112.4,0.0,0.0,26.53,RR,1.0
Aditya Reddy,20,India,Batter,25.0,1,8520.0,138.8,7.0,7.42,53.79,MI,2.0
Vikas Deshmukh,18,India,Wicketkeeper,23.0,1,3435.0,143.6,0.0,0.0,52.91,MI,1.0
Nikhil Patel,25,India,Wicketkeeper,109.0,4,6021.0,103.4,0.0,0.0,22.49,LSG,0.2
Amit Reddy,33,West Indies,Bowler,298.0,10,561.0,112.4,132.0,6.12,48.98,MI,5.0
Arjun Iyer,18,Sri Lanka,Allrounder,19.0,1,8106.0,153.2,89.0,7.35,28.92,CSK,2.0
Karthik Deshmukh,30,India,Allrounder,64.0,3,5035.0,125.1,326.0,6.7,28.37,SRH,2.0
Sandeep Singh,26,India,Bowler,218.0,8,1739.0,121.6,416.0,6.24,35.64,DC,11.0
Aditya Khan,22,South Africa,Allrounder,29.0,1,6614.0,96.0,365.0,6.27,38.27,KKR,3.0
Irfan Naidu,21,India,Batter,26.0,1,10810.0,95.1,0.0,7.17,30.78,RCB,10.0
Amit Khan,25,India,Allrounder,81.0,3,6451.0,118.6,425.0,5.98,24.61,GT,0.5
Rohan Singh,31,England,Allrounder,249.0,9,7595.0,136.5,396.0,6.78,42.06,RR,3.0
Irfan Deshmukh,41,Australia,Batter,420.0,18,6038.0,122.1,1.0,8.81,38.17,LSG,10.0
Sameer Kulkarni,28,India,Batter,122.0,5,14313.0,120.7,10.0,8.84,44.56,DC,3.0
Amit Mehta,31,India,Allrounder,134.0,8,7474.0,120.1,241.0,6.52,46.61,RCB,5.0
Nikhil Deshmukh,38,India,Allrounder,249.0,16,1696.0,115.3,76.0,5.61,27.85,PBKS,1.5
Rohan Malik,25,England,Batter,85.0,3,11828.0,108.8,1.0,7.26,40.28,CSK,0.2
Amit Mehta,30,Australia,Wicketkeeper,234.0,11,9600.0,142.9,0.0,0.0,47.53,MI,2.0
Amit Sharma,29,India,Allrounder,112.0,5,1806.0,154.3,51.0,6.28,40.78,CSK,1.5
Irfan Singh,27,Sri Lanka,Allrounder,154.0,7,5828.0,145.1,445.0,6.4,45.55,SRH,10.0
Ankit Iyer,24,South Africa,Wicketkeeper,46.0,3,7121.0,140.0,0.0,0.0,26.86,DC,1.0
Manoj Reddy,35,England,Allrounder,131.0,5,4957.0,146.7,70.0,6.64,37.64,RCB,11.0
Aditya Naidu,20,England,Batter,17.0,1,4461.0,130.3,3.0,8.39,49.48,PBKS,11.0
Ankit Iyer,23,India,Wicketkeeper,18.0,1,8531.0,112.1,0.0,0.0,40.14,DC,1.0
Rohan Yadav,36,England,Batter,170.0,11,10195.0,136.4,2.0,6.43,45.62,MI,1.5
Rahul Kulkarni,42,Australia,Allrounder,363.0,16,8085.0,135.5,287.0,5.15,34.51,RR,10.0
Sameer Yadav,42,India,Wicketkeeper,473.5,22,6247.0,102.4,0.0,0.0,34.7,MI,11.0
Rahul Mehta,42,South Africa,Bowler,150.0,6,237.0,119.9,246.0,4.74,33.45,LSG,2.0
Rahul Reddy,29,Australia,Wicketkeeper,112.0,5,7055.0,139.3,0.0,0.0,47.1,GT,1.5
Rohan Singh,30,India,Wicketkeeper,214.0,10,7551.0,131.4,0.0,0.0,20.79,GT,3.0
Arjun Khan,20,India,Bowler,22.0,1,3538.0,136.2,534.0,7.54,21.2,MI,5.0
Aditya Kulkarni,38,Sri Lanka,Allrounder,95.0,5,7899.0,107.0,336.0,7.87,40.27,SRH,1.0
Nikhil Patel,32,Australia,Allrounder,315.0,12,8950.0,120.2,334.0,6.63,51.14,SRH,5.0
Nikhil Kulkarni,27,South Africa,Batter,25.0,1,11919.0,99.5,8.0,7.53,53.13,SRH,0.2
Pranav Deshmukh,30,West Indies,Bowler,107.0,4,3452.0,136.1,877.5,7.5,36.38,SRH,0.2
Pranav Naidu,34,Sri Lanka,Batter,341.0,16,13913.0,142.4,15.0,6.33,22.64,KKR,1.5
Irfan Mehta,31,India,Allrounder,310.0,13,5851.0,127.2,63.0,5.24,25.6,LSG,1.5
Irfan Iyer,28,India,Allrounder,96.0,4,2316.0,120.4,477.0,5.03,24.8,DC,1.0
Manoj Iyer,35,Sri Lanka,Batter,303.0,15,10234.0,99.6,13.0,6.56,27.18,GT,2.0
Aditya Reddy,32,India,Wicketkeeper,180.0,7,4474.0,137.9,0.0,0.0,48.31,CSK,1.5
Sandeep Reddy,37,India,Allrounder,148.0,7,6225.0,125.4,376.0,6.58,21.14,SRH,0.5
Rahul Naidu,38,Sri Lanka,Bowler,307.0,20,2174.0,110.5,877.5,4.26,39.04,RR,1.0
Ankit Mehta,29,India,Wicketkeeper,185.0,7,8640.0,139.4,0.0,0.0,41.18,MI,11.0
Harshit Khan,38,South Africa,Bowler,334.0,14,190.0,102.1,757.0,5.49,47.33,PBKS,2.0
Karthik Naidu,27,Australia,Wicketkeeper,79.0,5,8323.0,116.8,0.0,0.0,45.76,MI,2.0
Sameer Sharma,32,England,Wicketkeeper,401.0,14,2799.0,125.8,0.0,0.0,45.85,RCB,3.0
Ankit Verma,40,Australia,Allrounder,47.0,3,6742.0,150.3,465.0,8.18,38.73,SRH,11.0
Karthik Shetty,37,India,Allrounder,459.0,18,4690.0,110.9,362.0,6.79,52.75,DC,1.0
Sameer Verma,24,Australia,Allrounder,82.0,4,4257.0,102.7,415.0,6.6,35.14,GT,5.0
Irfan Shetty,28,India,Wicketkeeper,150.0,8,8042.0,102.6,0.0,0.0,37.59,RR,5.0
Amit Deshmukh,40,India,Bowler,222.0,9,3899.0,115.3,300.0,6.13,22.51,DC,3.0
Sandeep Naidu,42,India,Wicketkeeper,19.0,1,10279.0,151.6,0.0,0.0,47.07,LSG,0.2
Pranav Chopra,30,Sri Lanka,Allrounder,165.0,10,7376.0,117.0,324.0,7.94,46.63,GT,5.0
Aditya Khan,36,South Africa,Bowler,140.0,9,961.0,107.1,499.0,5.84,24.35,RR,0.2
Harshit Kulkarni,31,Sri Lanka,Batter,306.0,13,14163.0,103.3,9.0,7.21,54.94,RCB,3.0
Vikas Deshmukh,26,India,Allrounder,48.0,3,5448.0,121.5,348.0,5.17,35.82,DC,5.0
Ankit Yadav,30,Sri Lanka,Wicketkeeper,57.0,2,10151.0,113.0,0.0,0.0,40.0,LSG,0.5
Sandeep Verma,39,India,Allrounder,470.0,17,3858.0,142.0,328.0,5.52,31.64,LSG,7.0
Vikas Kulkarni,20,England,Wicketkeeper,15.0,1,10212.0,130.5,0.0,0.0,45.05,RR,0.2
Ankit Sharma,23,South Africa,Bowler,83.0,3,302.0,145.1,437.0,7.38,41.29,MI,7.0
Arjun Sharma,31,West Indies,Wicketkeeper,186.0,10,5910.0,118.3,0.0,0.0,37.61,LSG,2.0
Amit Chopra,19,India,Batter,21.0,1,8044.0,147.7,0.0,8.69,23.63,MI,0.5
Rohan Yadav,22,South Africa,Wicketkeeper,48.0,2,5376.0,118.1,0.0,0.0,47.16,RCB,0.5
Rahul Chopra,42,India,Allrounder,232.0,9,7011.0,114.9,335.0,6.51,34.4,CSK,11.0
Rahul Kulkarni,38,Australia,Batter,287.0,12,7306.0,155.0,1.0,8.11,37.25,RCB,0.2
Arjun Iyer,25,Sri Lanka,Batter,18.0,1,7311.0,104.8,13.0,6.73,21.48,GT,0.5
Rahul Patel,29,India,Allrounder,198.0,10,8269.0,127.7,158.0,6.96,27.18,RCB,1.5
Nikhil Reddy,36,South Africa,Allrounder,50.0,2,6248.0,139.5,169.0,7.43,29.07,RR,3.0
Irfan Yadav,22,India,Allrounder,53.0,2,5445.0,154.4,222.0,6.2,33.1,GT,3.0
Arjun Chopra,39,South Africa,Bowler,212.0,10,1941.0,122.2,816.0,6.89,47.77,SRH,0.5
Pranav Chopra,33,India,Allrounder,107.0,4,3495.0,135.1,44.0,7.69,49.92,DC,1.0
Karthik Shetty,41,India,Wicketkeeper,148.0,6,11928.0,151.4,0.0,0.0,40.3,RCB,1.0
Sandeep Singh,24,England,Wicketkeeper,26.0,1,5741.0,109.2,0.0,0.0,33.95,CSK,0.5
Nikhil Mehta,23,Australia,Wicketkeeper,115.0,4,7500.0,140.5,0.0,0.0,42.78,RCB,2.0
Aditya Naidu,39,South Africa,Bowler,473.5,17,3122.0,98.1,804.0,4.68,43.9,RCB,5.0
Aditya Chopra,33,Australia,Bowler,170.0,10,3282.0,125.0,255.0,4.95,46.14,GT,0.5
Sandeep Chopra,34,Sri Lanka,Wicketkeeper,275.0,14,10656.0,128.8,0.0,0.0,22.92,LSG,1.5
Amit Verma,35,Sri Lanka,Batter,292.0,13,14550.0,108.2,5.0,6.65,29.03,CSK,1.5
Ankit Iyer,37,India,Wicketkeeper,385.0,13,7689.0,128.9,0.0,0.0,37.64,SRH,11.0
Pranav Chopra,33,India,Batter,61.0,4,7680.0,99.1,0.0,6.71,26.0,CSK,11.0
Karthik Shetty,26,India,Batter,34.0,2,12750.0,123.1,8.0,9.45,50.36,MI,7.0
Karthik Sharma,25,South Africa,Bowler,151.0,7,1793.0,125.7,621.0,7.23,44.73,RCB,1.0
Vikas Shetty,21,England,Wicketkeeper,30.0,2,3793.0,106.6,0.0,0.0,44.09,DC,0.2
Vikas Khan,36,India,Allrounder,108.0,7,8727.0,144.9,98.0,5.95,22.93,MI,1.0
Ankit Reddy,41,India,Allrounder,188.0,11,8156.0,101.0,152.0,7.71,50.84,LSG,1.0
Aditya Deshmukh,33,Sri Lanka,Batter,23.0,1,12293.0,134.3,6.0,7.06,37.06,MI,2.0
Manoj Sharma,20,India,Allrounder,30.0,2,3014.0,133.7,93.0,6.28,53.16,LSG,7.0
Karthik Yadav,40,Sri Lanka,Bowler,432.0,15,2595.0,150.1,754.0,4.16,41.32,KKR,7.0
Rahul Kulkarni,19,India,Batter,28.0,1,5563.0,118.0,2.0,8.83,36.51,SRH,7.0
Aditya Kulkarni,35,India,Bowler,90.0,6,1703.0,119.9,159.0,7.3,38.71,SRH,1.5
Ankit Verma,24,South Africa,Wicketkeeper,126.0,5,3368.0,96.2,0.0,0.0,25.55,PBKS,5.0
Rohan Yadav,23,West Indies,Batter,47.0,3,7534.0,138.0,15.0,8.25,40.39,DC,1.0
Harshit Sharma,20,England,Batter,16.0,1,4358.0,121.7,10.0,6.5,32.43,SRH,0.2
Aditya Patel,41,England,Batter,198.0,8,13275.0,147.2,13.0,7.73,47.16,PBKS,5.0
Manoj Mehta,19,Australia,Wicketkeeper,30.0,1,10441.0,100.0,0.0,0.0,51.16,KKR,0.2
Amit Malik,37,Australia,Wicketkeeper,338.0,14,7944.0,123.3,0.0,0.0,46.04,DC,2.0
Karthik Singh,30,Australia,Allrounder,55.0,3,2970.0,135.2,198.0,5.49,28.27,CSK,1.5
Manoj Mehta,30,West Indies,Batter,128.0,5,4796.0,96.0,15.0,7.53,25.31,SRH,5.0
Aditya Chopra,28,Sri Lanka,Batter,138.0,5,4791.0,109.4,3.0,6.32,23.5,RCB,7.0
Manoj Sharma,27,West Indies,Batter,140.0,9,4239.0,96.7,15.0,8.42,41.62,DC,1.0
Sameer Naidu,39,West Indies,Allrounder,208.0,11,4789.0,151.7,291.0,5.49,52.66,CSK,7.0
Irfan Singh,41,Australia,Wicketkeeper,408.0,18,7246.0,108.5,0.0,0.0,41.5,CSK,1.0
Aditya Iyer,20,Australia,Allrounder,54.0,2,2687.0,150.9,423.0,5.1,38.3,PBKS,2.0
Arjun Chopra,30,England,Batter,228.0,8,3714.0,115.5,2.0,6.15,22.69,CSK,5.0
Karthik Kulkarni,28,South Africa,Bowler,54.0,2,3612.0,135.2,261.0,5.49,36.45,GT,5.0
Sameer Mehta,31,India,Allrounder,210.0,9,2671.0,102.1,170.0,6.34,28.57,LSG,11.0
Rohan Iyer,20,Sri Lanka,Batter,42.0,2,13804.0,143.4,2.0,6.35,24.73,CSK,1.0
Amit Reddy,32,India,Batter,232.0,11,6603.0,115.6,13.0,8.08,27.91,GT,5.0
Sandeep Kulkarni,29,Sri Lanka,Wicketkeeper,250.0,10,9235.0,133.4,0.0,0.0,36.0,KKR,3.0
Ankit Verma,41,Sri Lanka,Batter,110.0,4,4368.0,130.6,10.0,7.4,37.19,MI,10.0
Manoj Sharma,19,Sri Lanka,Wicketkeeper,26.0,1,4316.0,113.2,0.0,0.0,39.57,MI,0.5
Amit Khan,40,Sri Lanka,Batter,398.0,18,5933.0,96.6,9.0,8.34,36.31,LSG,5.0
Manoj Patel,29,South Africa,Wicketkeeper,151.0,6,10400.0,98.5,0.0,0.0,26.52,GT,3.0
Karthik Iyer,19,India,Wicketkeeper,20.0,1,11564.0,128.6,0.0,0.0,50.32,MI,1.0
Nikhil Malik,42,Australia,Allrounder,146.0,8,1587.0,99.2,365.0,8.09,34.67,MI,2.0
Ankit Iyer,36,India,Batter,121.0,5,13193.0,103.8,15.0,8.04,46.79,LSG,1.5
Manoj Malik,35,Australia,Bowler,220.0,8,2818.0,149.2,135.0,6.83,20.3,LSG,3.0
Pranav Shetty,34,England,Bowler,97.0,4,2392.0,144.6,354.0,4.82,43.47,CSK,10.0
Nikhil Deshmukh,27,West Indies,Wicketkeeper,123.0,8,3984.0,148.7,0.0,0.0,22.0,GT,3.0
Harshit Reddy,23,India,Allrounder,47.0,2,3270.0,129.1,252.0,7.09,21.25,RCB,3.0
Irfan Chopra,21,India,Batter,54.0,3,8860.0,131.6,15.0,7.8,26.7,GT,2.0
Irfan Reddy,39,India,Batter,53.0,2,13711.0,133.4,12.0,6.96,36.39,RCB,0.2
Amit Yadav,40,England,Wicketkeeper,199.0,8,8262.0,146.5,0.0,0.0,31.98,DC,1.0
Rahul Reddy,37,South Africa,Allrounder,108.0,4,2129.0,154.1,263.0,5.93,51.89,LSG,2.0
Nikhil Reddy,40,West Indies,Bowler,311.0,14,3783.0,141.2,844.0,4.11,23.86,DC,1.0
Sandeep Shetty,24,India,Batter,115.0,4,9155.0,111.4,15.0,6.1,29.43,DC,0.5
Nikhil Iyer,24,England,Batter,57.0,2,7520.0,137.6,11.0,8.87,54.36,RCB,2.0
Nikhil Verma,19,Sri Lanka,Wicketkeeper,29.0,1,5847.0,137.7,0.0,0.0,34.64,CSK,1.5
Sameer Patel,38,India,Wicketkeeper,417.0,18,4421.0,136.9,0.0,0.0,54.98,GT,1.0
Pranav Sharma,42,South Africa,Batter,40.0,2,11845.0,140.7,9.0,8.49,52.84,RR,2.0
Irfan Deshmukh,34,India,Bowler,156.0,10,3098.0,137.3,85.0,4.43,49.78,PBKS,0.5
Vikas Deshmukh,26,South Africa,Batter,105.0,7,14614.0,107.7,15.0,9.34,37.64,DC,10.0
Nikhil Malik,19,Sri Lanka,Allrounder,26.0,1,6610.0,109.8,447.0,7.38,41.02,KKR,10.0
Karthik Khan,18,India,Allrounder,25.0,1,7624.0,115.0,323.0,5.9,35.45,PBKS,5.0
Karthik Sharma,25,Sri Lanka,Allrounder,15.0,1,2809.0,122.0,474.0,6.85,37.26,RCB,0.2
Ankit Patel,32,India,Allrounder,192.0,7,7790.0,104.5,64.0,6.05,21.66,KKR,7.0
Sameer Mehta,28,England,Batter,30.0,1,8380.0,129.9,9.0,6.69,47.51,GT,7.0
Arjun Verma,33,Sri Lanka,Batter,79.0,4,3399.0,101.5,12.0,6.59,46.23,RCB,7.0
Arjun Singh,23,Sri Lanka,Bowler,95.0,5,1410.0,152.1,402.0,5.16,45.0,CSK,0.2
Ankit Deshmukh,25,West Indies,Batter,41.0,2,4195.0,112.4,10.0,7.14,38.33,RCB,5.0
Vikas Singh,29,Australia,Batter,29.0,1,4320.0,102.1,2.0,6.28,26.16,RCB,7.0
Pranav Shetty,32,India,Wicketkeeper,227.0,9,4500.0,141.5,0.0,0.0,37.99,DC,3.0
Sameer Chopra,24,India,Batter,140.0,5,3401.0,135.4,11.0,6.04,34.83,SRH,5.0
Rahul Iyer,41,India,Allrounder,76.0,3,3615.0,107.8,363.0,6.79,39.31,CSK,2.0
Rahul Singh,19,India,Allrounder,21.0,1,8071.0,99.4,435.0,8.43,29.94,RR,3.0
Aditya Mehta,22,South Africa,Wicketkeeper,95.0,4,11867.0,109.6,0.0,0.0,28.7,RCB,0.2
Vikas Chopra,36,India,Wicketkeeper,145.0,9,11795.0,117.7,0.0,0.0,48.63,LSG,3.0
Irfan Yadav,22,India,Bowler,69.0,3,209.0,107.1,455.0,7.47,39.0,PBKS,0.2
Harshit Sharma,31,India,Wicketkeeper,69.0,4,7442.0,133.2,0.0,0.0,38.26,LSG,2.0
Vikas Mehta,21,India,Wicketkeeper,19.0,1,7627.0,121.0,0.0,0.0,26.72,SRH,1.0
Sameer Reddy,35,Australia,Bowler,57.0,3,1764.0,119.1,384.0,5.86,47.84,RR,3.0
Pranav Deshmukh,24,India,Allrounder,102.0,4,4008.0,103.0,418.0,7.67,23.1,KKR,0.5
Ankit Reddy,28,India,Allrounder,244.0,10,1759.0,127.1,426.0,8.18,50.02,GT,5.0
Sameer Verma,35,India,Batter,192.0,11,11750.0,126.6,14.0,6.2,38.88,RR,7.0
Sameer Reddy,37,India,Wicketkeeper,293.0,18,4609.0,146.6,0.0,0.0,23.42,KKR,0.5
Sandeep Shetty,24,India,Allrounder,22.0,1,7164.0,119.4,305.0,5.84,50.3,KKR,0.2
Pranav Mehta,34,India,Batter,218.0,8,5378.0,154.6,10.0,9.29,53.57,RR,0.5
Amit Verma,18,India,Wicketkeeper,24.0,1,6516.0,95.4,0.0,0.0,21.67,CSK,10.0
Sameer Reddy,42,West Indies,Wicketkeeper,425.0,18,10156.0,103.9,0.0,0.0,32.21,RR,3.0
Manoj Sharma,19,Sri Lanka,Bowler,25.0,1,1952.0,148.6,831.0,7.15,26.54,RCB,2.0
Vikas Reddy,34,India,Wicketkeeper,301.0,14,5861.0,132.2,0.0,0.0,52.11,GT,0.2
Irfan Chopra,33,India,Batter,72.0,4,6111.0,101.2,1.0,7.62,36.02,GT,5.0
Rahul Mehta,36,West Indies,Batter,268.0,15,7826.0,129.7,14.0,7.32,35.35,PBKS,10.0
Ankit Patel,33,South Africa,Wicketkeeper,19.0,1,4209.0,96.0,0.0,0.0,54.79,GT,7.0
Manoj Naidu,18,India,Bowler,17.0,1,3601.0,123.4,513.0,6.07,53.41,GT,3.0
Amit Reddy,35,West Indies,Batter,369.0,13,11578.0,106.4,2.0,6.55,48.28,RR,0.2
Rohan Deshmukh,23,England,Batter,70.0,4,11917.0,143.0,8.0,6.91,29.5,RCB,0.2
Manoj Chopra,30,Sri Lanka,Batter,166.0,6,5198.0,126.0,5.0,6.12,26.88,MI,0.2
Pranav Mehta,38,Sri Lanka,Batter,263.0,10,3137.0,133.5,6.0,8.65,52.33,PBKS,1.0
Arjun Yadav,21,West Indies,Batter,15.0,1,13122.0,105.8,11.0,8.74,48.01,SRH,0.5
Sameer Chopra,41,West Indies,Allrounder,146.0,9,8216.0,135.1,448.0,7.25,49.13,LSG,1.0
Rohan Reddy,26,West Indies,Bowler,84.0,4,3759.0,123.0,788.0,6.18,42.28,DC,1.5
Manoj Sharma,32,India,Bowler,235.0,12,287.0,106.0,766.0,5.13,41.58,RCB,11.0
Aditya Reddy,34,Australia,Wicketkeeper,16.0,1,7745.0,109.0,0.0,0.0,22.8,RR,3.0
Pranav Kulkarni,38,India,Wicketkeeper,312.0,20,11203.0,95.0,0.0,0.0,41.29,SRH,7.0
Irfan Deshmukh,33,Sri Lanka,Batter,314.0,12,5834.0,140.1,10.0,7.27,33.13,KKR,5.0
Rahul Iyer,40,West Indies,Wicketkeeper,187.0,8,10634.0,124.2,0.0,0.0,34.25,RR,0.2
Ankit Shetty,18,Sri Lanka,Batter,18.0,1,6849.0,116.4,14.0,8.28,53.73,DC,5.0
Rohan Malik,24,India,Batter,151.0,6,13955.0,145.9,10.0,9.28,52.21,RCB,1.0
Karthik Mehta,30,Australia,Allrounder,61.0,3,3517.0,127.2,140.0,6.57,45.97,PBKS,3.0
Karthik Yadav,21,England,Bowler,50.0,2,3539.0,148.4,711.0,6.65,45.07,CSK,1.5
Sandeep Sharma,33,Australia,Wicketkeeper,210.0,7,2729.0,154.9,0.0,0.0,32.2,GT,11.0
Aditya Khan,32,Australia,Allrounder,138.0,9,7758.0,136.9,98.0,7.92,44.2,RR,1.0
Rohan Reddy,28,India,Wicketkeeper,134.0,8,10459.0,114.6,0.0,0.0,47.5,RR,1.0
Ankit Kulkarni,34,England,Wicketkeeper,252.0,11,7426.0,149.0,0.0,0.0,27.65,RCB,10.0
Arjun Shetty,22,South Africa,Allrounder,74.0,3,2929.0,118.5,352.0,7.19,54.63,RR,0.2
Karthik Iyer,23,South Africa,Batter,135.0,5,13090.0,108.7,8.0,7.68,33.37,RCB,5.0
Rahul Singh,19,India,Batter,22.0,1,11466.0,99.6,5.0,8.29,41.13,SRH,5.0
Arjun Reddy,32,West Indies,Bowler,235.0,12,969.0,146.0,710.0,7.54,22.37,GT,7.0
Sandeep Iyer,22,Australia,Wicketkeeper,43.0,2,10708.0,154.6,0.0,0.0,44.46,DC,11.0
Nikhil Reddy,41,India,Bowler,225.0,14,928.0,95.7,449.0,4.62,25.99,RR,11.0
Rohan Kulkarni,30,India,Wicketkeeper,161.0,6,7614.0,145.3,0.0,0.0,20.76,GT,0.2
Aditya Verma,24,India,Batter,86.0,4,5386.0,140.4,15.0,6.82,40.51,PBKS,7.0
Amit Kulkarni,25,India,Allrounder,96.0,6,7478.0,139.8,79.0,7.74,21.77,RR,5.0
Irfan Verma,22,India,Wicketkeeper,97.0,4,9609.0,148.6,0.0,0.0,27.95,RR,5.0
Nikhil Khan,20,India,Batter,31.0,2,12786.0,133.7,3.0,7.94,25.9,MI,0.5
Irfan Kulkarni,31,England,Allrounder,144.0,7,4283.0,124.3,199.0,8.42,22.02,PBKS,5.0
Amit Patel,41,West Indies,Batter,231.0,8,7403.0,130.2,12.0,9.28,44.47,LSG,11.0
Irfan Shetty,22,India,Allrounder,118.0,4,6797.0,145.1,201.0,6.84,21.16,RCB,10.0
Pranav Kulkarni,23,West Indies,Allrounder,59.0,2,8814.0,123.2,274.0,5.94,22.68,GT,2.0
Karthik Shetty,39,India,Batter,118.0,7,9744.0,118.6,12.0,8.47,29.54,KKR,0.2
Amit Deshmukh,29,India,Batter,185.0,7,11719.0,138.2,12.0,6.01,49.18,LSG,1.5
Irfan Naidu,42,India,Batter,87.0,3,7142.0,128.9,0.0,7.38,27.97,MI,7.0
Amit Sharma,38,Australia,Allrounder,97.0,5,2709.0,95.7,274.0,7.18,37.1,RR,5.0
Vikas Verma,31,Australia,Allrounder,390.0,13,7000.0,150.1,251.0,7.25,33.35,PBKS,2.0
Pranav Kulkarni,28,India,Wicketkeeper,65.0,3,5653.0,140.9,0.0,0.0,40.92,DC,0.2
Pranav Malik,27,India,Wicketkeeper,130.0,8,9237.0,150.6,0.0,0.0,33.94,SRH,2.0
Aditya Mehta,18,India,Allrounder,30.0,1,4312.0,148.2,223.0,6.12,21.72,DC,2.0
Sameer Singh,37,India,Wicketkeeper,300.0,18,6765.0,103.2,0.0,0.0,22.88,PBKS,10.0
Sameer Singh,41,West Indies,Allrounder,55.0,3,7748.0,95.6,156.0,7.95,50.16,RCB,5.0
Sameer Verma,19,India,Wicketkeeper,22.0,1,4693.0,122.1,0.0,0.0,20.14,KKR,1.0
Aditya Verma,37,Australia,Wicketkeeper,298.0,16,6233.0,119.1,0.0,0.0,26.54,SRH,3.0
Nikhil Deshmukh,42,England,Bowler,473.5,22,2151.0,135.8,518.0,6.37,37.06,SRH,0.2
Sameer Deshmukh,33,Australia,Allrounder,300.0,12,5222.0,134.4,106.0,5.14,49.47,CSK,11.0
Sameer Mehta,26,India,Allrounder,205.0,7,8609.0,144.8,444.0,7.52,27.02,LSG,1.5
Pranav Shetty,41,India,Bowler,260.0,17,1679.0,114.3,541.0,7.38,20.47,SRH,2.0
Amit Mehta,38,Sri Lanka,Batter,80.0,3,7777.0,151.5,9.0,8.95,42.94,PBKS,1.5
Nikhil Mehta,23,India,Bowler,123.0,5,2605.0,110.1,345.0,4.88,36.33,KKR,5.0
Arjun Iyer,22,England,Bowler,26.0,1,3933.0,104.0,698.0,7.41,48.91,RR,5.0
Sameer Malik,33,Australia,Batter,327.0,13,12701.0,143.5,2.0,7.02,52.21,RCB,5.0
Karthik Mehta,18,India,Allrounder,26.0,1,7783.0,116.9,474.0,6.5,48.08,PBKS,1.0
Rohan Kulkarni,34,South Africa,Bowler,224.0,9,3937.0,136.1,199.0,6.01,41.8,DC,1.0
Rohan Yadav,38,Australia,Bowler,82.0,5,2935.0,145.7,558.0,4.58,26.85,SRH,0.5
Manoj Malik,40,India,Batter,22.0,1,12681.0,110.0,10.0,9.26,45.69,KKR,5.0
Ankit Khan,37,West Indies,Bowler,218.0,10,3509.0,114.1,413.0,5.08,30.85,LSG,0.2
Vikas Deshmukh,37,India,Wicketkeeper,20.0,1,3701.0,139.9,0.0,0.0,39.49,MI,3.0
Sandeep Reddy,38,India,Batter,66.0,4,13813.0,113.4,2.0,9.09,44.22,SRH,10.0
Harshit Naidu,28,West Indies,Allrounder,149.0,5,3281.0,104.1,432.0,7.64,34.02,GT,10.0
Amit Naidu,32,England,Wicketkeeper,172.0,11,9773.0,124.0,0.0,0.0,32.45,CSK,2.0
Pranav Reddy,18,South Africa,Batter,21.0,1,6039.0,136.2,14.0,7.13,27.56,RCB,2.0
Aditya Kulkarni,30,India,Allrounder,72.0,3,4241.0,151.1,271.0,7.48,39.78,KKR,0.2
Nikhil Chopra,22,Australia,Wicketkeeper,30.0,1,3156.0,131.7,0.0,0.0,22.41,CSK,5.0
Karthik Mehta,33,Sri Lanka,Bowler,261.0,9,2717.0,112.1,416.0,7.29,41.53,GT,7.0
Irfan Malik,23,South Africa,Wicketkeeper,48.0,2,4283.0,153.7,0.0,0.0,40.84,KKR,1.0
Rohan Verma,34,West Indies,Allrounder,207.0,10,5652.0,121.7,225.0,7.54,22.11,MI,2.0
Arjun Iyer,32,India,Bowler,334.0,12,73.0,97.1,183.0,7.03,44.52,RR,7.0
Rahul Singh,31,England,Allrounder,237.0,13,5445.0,146.7,185.0,5.08,25.52,PBKS,10.0
Rahul Singh,32,India,Wicketkeeper,259.0,14,5855.0,125.9,0.0,0.0,40.9,DC,1.0
Rahul Shetty,20,Australia,Bowler,56.0,2,2027.0,115.4,417.0,5.74,36.37,KKR,3.0
Aditya Patel,30,South Africa,Wicketkeeper,41.0,2,3328.0,113.7,0.0,0.0,35.33,LSG,0.5
Harshit Sharma,22,India,Batter,30.0,1,11656.0,129.0,13.0,7.26,28.33,CSK,0.2
Amit Shetty,27,England,Wicketkeeper,105.0,6,4551.0,154.3,0.0,0.0,37.53,CSK,10.0
Irfan Kulkarni,28,India,Batter,66.0,4,13060.0,123.6,0.0,6.68,50.32,RR,7.0
Irfan Khan,28,India,Wicketkeeper,70.0,4,11614.0,96.3,0.0,0.0,43.78,RR,7.0
Aditya Malik,32,Australia,Bowler,263.0,11,3173.0,105.2,271.0,6.08,48.61,LSG,0.2
Ankit Yadav,23,India,Wicketkeeper,107.0,4,8200.0,117.1,0.0,0.0,30.28,MI,7.0
Arjun Naidu,23,India,Bowler,73.0,3,1331.0,133.3,536.0,7.15,51.44,RCB,2.0
Rohan Malik,37,Australia,Batter,188.0,7,12973.0,139.4,8.0,8.2,49.28,SRH,1.5
Pranav Verma,21,South Africa,Wicketkeeper,56.0,3,6804.0,98.3,0.0,0.0,47.16,DC,3.0
Amit Mehta,39,Sri Lanka,Allrounder,162.0,7,6946.0,99.2,78.0,7.15,37.8,RCB,0.2
Pranav Kulkarni,29,West Indies,Bowler,162.0,8,22.0,139.2,742.0,4.31,39.13,RR,5.0
Pranav Patel,32,India,Allrounder,26.0,1,2226.0,106.0,370.0,8.34,41.21,GT,3.0
Rahul Kulkarni,21,South Africa,Bowler,29.0,1,534.0,131.8,99.0,4.8,45.29,GT,0.5
Rohan Verma,33,South Africa,Batter,144.0,6,4264.0,143.9,13.0,8.53,49.87,DC,0.5
Pranav Reddy,30,India,Wicketkeeper,265.0,12,3394.0,99.6,0.0,0.0,32.01,CSK,0.5
Rohan Sharma,40,India,Bowler,182.0,9,1606.0,124.9,749.0,6.61,26.67,MI,0.2
Manoj Deshmukh,29,Sri Lanka,Wicketkeeper,137.0,6,9369.0,128.2,0.0,0.0,34.26,SRH,3.0
Aditya Naidu,38,India,Allrounder,345.0,13,6766.0,143.6,284.0,6.37,34.27,KKR,7.0
Harshit Sharma,33,India,Batter,130.0,5,11513.0,98.5,10.0,6.09,49.97,DC,0.2
Vikas Yadav,37,Australia,Bowler,28.0,1,3116.0,136.3,799.0,7.65,32.75,CSK,0.2
Aditya Naidu,23,South Africa,Allrounder,18.0,1,8362.0,134.8,232.0,8.29,49.55,CSK,3.0
Vikas Malik,28,England,Wicketkeeper,73.0,4,7355.0,141.0,0.0,0.0,33.27,CSK,7.0
Karthik Deshmukh,23,India,Batter,128.0,5,5440.0,106.2,6.0,7.68,30.22,GT,1.5
Ankit Malik,19,Sri Lanka,Batter,18.0,1,3827.0,148.6,13.0,8.72,45.36,CSK,1.5
Nikhil Sharma,30,South Africa,Wicketkeeper,57.0,2,10030.0,122.9,0.0,0.0,23.03,KKR,3.0
Rohan Patel,19,Sri Lanka,Batter,30.0,1,10259.0,117.5,13.0,6.2,36.23,MI,1.0
Nikhil Mehta,39,South Africa,Batter,161.0,7,3528.0,95.4,12.0,8.13,54.64,SRH,0.2
Rohan Mehta,39,India,Wicketkeeper,57.0,2,4936.0,116.8,0.0,0.0,49.68,RR,5.0
Arjun Kulkarni,22,West Indies,Batter,46.0,2,8094.0,102.8,15.0,7.87,47.91,LSG,3.0
Rohan Shetty,32,Sri Lanka,Bowler,299.0,14,2546.0,126.6,492.0,6.7,38.01,KKR,3.0
Sandeep Naidu,34,West Indies,Wicketkeeper,242.0,13,6339.0,100.2,0.0,0.0,42.95,SRH,5.0
Rahul Khan,18,Australia,Wicketkeeper,30.0,1,7955.0,149.7,0.0,0.0,23.26,DC,5.0
Rahul Shetty,36,India,Batter,278.0,12,10410.0,149.1,4.0,6.92,29.95,KKR,0.5
Rahul Malik,41,South Africa,Batter,473.5,22,14991.0,127.1,2.0,8.29,40.87,DC,1.5
Sameer Chopra,26,Australia,Bowler,27.0,1,1263.0,113.0,703.0,5.58,21.7,RCB,0.5
Karthik Patel,38,England,Bowler,63.0,4,2326.0,139.8,365.0,6.83,43.48,RR,0.5
Pranav Shetty,39,India,Bowler,473.5,21,3712.0,109.6,663.0,6.45,20.78,KKR,5.0
Karthik Chopra,31,India,Bowler,195.0,11,3612.0,124.5,749.0,7.07,30.74,MI,7.0
Rahul Chopra,37,India,Allrounder,69.0,3,8112.0,98.8,337.0,5.36,32.21,MI,11.0
Sameer Naidu,18,India,Allrounder,24.0,1,5040.0,150.1,415.0,7.82,51.39,PBKS,3.0
Amit Shetty,27,West Indies,Allrounder,83.0,5,4191.0,149.5,90.0,8.22,38.45,DC,0.5
Sameer Iyer,37,West Indies,Allrounder,192.0,8,8763.0,142.9,87.0,5.77,27.48,LSG,0.2
Nikhil Kulkarni,40,South Africa,Batter,473.5,21,12773.0,109.0,1.0,6.94,38.02,RCB,7.0
Pranav Reddy,18,India,Batter,24.0,1,8051.0,104.2,2.0,7.13,35.86,GT,3.0
Irfan Deshmukh,31,India,Wicketkeeper,191.0,11,10313.0,147.4,0.0,0.0,39.97,RR,3.0
Irfan Mehta,42,India,Bowler,225.0,15,1676.0,106.8,560.0,7.34,25.84,SRH,7.0
Aditya Chopra,19,West Indies,Allrounder,19.0,1,3794.0,122.8,387.0,7.01,43.11,DC,5.0
Karthik Deshmukh,18,England,Wicketkeeper,30.0,1,5394.0,142.7,0.0,0.0,46.3,PBKS,7.0
Vikas Sharma,27,India,Batter,26.0,1,4056.0,118.9,13.0,9.3,27.22,KKR,0.2
Nikhil Chopra,20,South Africa,Allrounder,35.0,2,7833.0,101.6,117.0,6.93,30.11,PBKS,5.0
Pranav Khan,39,South Africa,Allrounder,217.0,10,6786.0,118.8,91.0,5.73,23.89,LSG,7.0
Irfan Chopra,37,India,Allrounder,227.0,9,2116.0,134.4,346.0,5.11,41.36,KKR,1.0
Amit Iyer,36,India,Batter,36.0,2,7298.0,134.6,4.0,8.48,24.0,RR,5.0
Aditya Shetty,22,India,Wicketkeeper,94.0,4,7863.0,112.5,0.0,0.0,24.53,LSG,1.0
Manoj Chopra,36,India,Bowler,242.0,10,3036.0,139.8,459.0,7.2,27.05,RCB,11.0
Rohan Chopra,26,India,Allrounder,75.0,4,5781.0,153.0,364.0,6.19,40.8,RCB,0.2
Ankit Kulkarni,18,Sri Lanka,Batter,27.0,1,12863.0,110.9,8.0,8.8,27.35,DC,3.0
Irfan Patel,42,West Indies,Allrounder,108.0,4,8814.0,136.2,225.0,7.74,43.83,KKR,0.5
Sameer Khan,29,Sri Lanka,Bowler,83.0,4,57.0,128.8,596.0,6.1,45.75,KKR,5.0
Vikas Patel,42,England,Wicketkeeper,126.0,7,7739.0,111.2,0.0,0.0,32.35,LSG,0.5
Rohan Yadav,22,India,Bowler,33.0,2,3025.0,113.5,289.0,7.31,39.12,SRH,1.0
Harshit Mehta,36,England,Wicketkeeper,291.0,12,5216.0,137.2,0.0,0.0,55.0,RR,2.0
Vikas Khan,35,England,Wicketkeeper,15.0,1,2701.0,121.1,0.0,0.0,34.98,KKR,10.0
Irfan Deshmukh,31,England,Allrounder,313.0,12,1862.0,143.3,497.0,7.95,45.59,DC,0.5
Nikhil Khan,27,India,Bowler,256.0,9,3514.0,114.4,775.0,5.76,41.31,SRH,0.5
Sandeep Singh,35,West Indies,Wicketkeeper,146.0,6,5444.0,147.6,0.0,0.0,50.93,DC,5.0
Amit Shetty,36,India,Wicketkeeper,185.0,7,8417.0,101.5,0.0,0.0,34.99,RR,2.0
Manoj Sharma,34,India,Bowler,319.0,15,1442.0,153.7,631.0,5.77,43.73,GT,10.0
Sandeep Shetty,22,India,Wicketkeeper,43.0,2,10039.0,119.4,0.0,0.0,20.91,KKR,0.5
Rahul Singh,29,India,Batter,29.0,1,3400.0,100.8,6.0,7.98,49.21,KKR,5.0
Sameer Naidu,27,England,Allrounder,54.0,2,4610.0,122.6,475.0,7.63,35.02,LSG,1.0
Vikas Deshmukh,40,India,Wicketkeeper,391.0,18,9702.0,148.8,0.0,0.0,30.1,LSG,0.5
Amit Chopra,36,England,Wicketkeeper,397.0,18,10788.0,109.9,0.0,0.0,52.87,CSK,5.0
Harshit Iyer,23,India,Batter,124.0,5,8408.0,144.2,14.0,8.83,26.83,RCB,3.0
Harshit Kulkarni,40,South Africa,Bowler,249.0,12,3303.0,96.6,375.0,4.54,28.3,LSG,5.0
Pranav Singh,28,India,Bowler,60.0,2,692.0,109.4,236.0,6.94,45.52,RR,1.0
Harshit Reddy,18,Australia,Allrounder,19.0,1,6317.0,118.7,329.0,5.88,54.41,SRH,2.0
Vikas Chopra,39,Sri Lanka,Batter,214.0,13,12158.0,117.6,12.0,6.86,30.54,CSK,2.0
Nikhil Mehta,19,England,Bowler,17.0,1,151.0,124.4,473.0,4.42,33.25,SRH,11.0
Arjun Deshmukh,39,India,Bowler,291.0,17,1561.0,144.1,229.0,6.64,39.05,RCB,1.0
Amit Verma,36,Sri Lanka,Wicketkeeper,446.0,17,10616.0,96.9,0.0,0.0,41.66,RCB,1.0
Manoj Kulkarni,21,India,Bowler,26.0,1,1542.0,132.0,692.0,4.21,43.98,KKR,1.5
Ankit Kulkarni,28,South Africa,Bowler,183.0,7,1229.0,144.2,155.0,4.75,51.89,CSK,3.0
Sandeep Chopra,22,West Indies,Allrounder,49.0,2,6271.0,113.3,385.0,7.85,40.53,GT,1.0
Arjun Patel,18,India,Batter,29.0,1,4629.0,114.2,9.0,9.2,48.7,MI,10.0
Aditya Reddy,37,India,Bowler,142.0,6,2094.0,95.2,110.0,4.04,46.59,CSK,1.0
Rohan Shetty,34,India,Allrounder,289.0,11,2600.0,142.3,439.0,7.67,52.55,SRH,10.0
Manoj Malik,21,Sri Lanka,Bowler,28.0,1,870.0,108.9,652.0,4.45,51.63,LSG,0.2
Aditya Mehta,25,West Indies,Batter,112.0,7,7987.0,135.9,7.0,6.62,38.57,MI,5.0
Amit Shetty,34,Sri Lanka,Bowler,295.0,10,3967.0,112.1,579.0,4.32,38.21,PBKS,10.0
Sandeep Patel,28,India,Allrounder,176.0,7,7719.0,137.5,56.0,7.98,41.77,GT,0.5
Karthik Iyer,20,India,Allrounder,52.0,2,7172.0,112.9,496.0,6.74,24.17,PBKS,11.0
Sandeep Reddy,25,Sri Lanka,Batter,24.0,1,9351.0,96.7,0.0,7.43,27.39,DC,2.0
Pranav Yadav,24,India,Bowler,17.0,1,2004.0,120.1,620.0,5.64,21.55,MI,11.0
Rohan Iyer,21,India,Batter,45.0,2,8156.0,128.0,2.0,8.06,22.73,KKR,5.0
Amit Reddy,20,India,Bowler,57.0,2,1071.0,101.0,199.0,7.58,49.92,KKR,1.0
Irfan Naidu,30,South Africa,Bowler,101.0,6,2266.0,147.9,660.0,4.0,20.69,RCB,0.5
Vikas Patel,21,India,Allrounder,17.0,1,5265.0,116.7,348.0,7.65,45.84,CSK,1.0
Rahul Yadav,39,India,Allrounder,109.0,6,3097.0,99.3,318.0,6.41,46.86,RR,0.2
Vikas Kulkarni,38,India,Batter,20.0,1,3489.0,150.3,2.0,6.25,21.78,LSG,0.5
Rahul Malik,37,South Africa,Batter,249.0,10,4349.0,138.4,7.0,7.68,33.76,SRH,0.2
Karthik Iyer,30,India,Wicketkeeper,16.0,1,7125.0,108.0,0.0,0.0,46.57,LSG,2.0
Manoj Deshmukh,29,England,Batter,22.0,1,6948.0,150.4,6.0,8.75,33.17,KKR,7.0
Manoj Deshmukh,29,South Africa,Batter,19.0,1,8332.0,116.8,2.0,7.77,29.0,RCB,0.5
Manoj Patel,19,India,Allrounder,16.0,1,8696.0,115.4,497.0,7.63,34.99,LSG,0.5
Harshit Deshmukh,29,India,Batter,217.0,11,6626.0,137.8,4.0,7.41,52.12,DC,5.0
Vikas Sharma,18,India,Wicketkeeper,24.0,1,2501.0,135.0,0.0,0.0,36.51,PBKS,0.5
Pranav Malik,33,England,Batter,147.0,5,13350.0,133.5,13.0,8.73,22.12,KKR,0.2
Vikas Mehta,31,India,Bowler,139.0,6,922.0,97.3,756.0,4.36,35.99,CSK,0.5
Rohan Yadav,34,India,Wicketkeeper,330.0,12,7744.0,144.6,0.0,0.0,30.96,KKR,10.0
Amit Shetty,34,Australia,Batter,18.0,1,9420.0,149.6,4.0,7.34,49.29,GT,7.0
Ankit Sharma,39,Australia,Wicketkeeper,305.0,13,11011.0,134.9,0.0,0.0,29.34,MI,1.5
Rohan Reddy,25,India,Batter,92.0,6,6688.0,96.0,8.0,6.41,23.75,DC,5.0
Irfan Malik,42,West Indies,Allrounder,463.0,21,4682.0,128.1,480.0,6.02,22.24,DC,3.0
Amit Patel,41,India,Bowler,155.0,10,575.0,105.9,298.0,4.52,42.12,GT,5.0
Manoj Singh,23,West Indies,Batter,15.0,1,9651.0,128.0,0.0,8.16,28.77,MI,5.0
Harshit Singh,37,Sri Lanka,Wicketkeeper,81.0,4,4465.0,117.3,0.0,0.0,23.38,CSK,3.0
Manoj Malik,41,Sri Lanka,Bowler,466.0,19,3286.0,148.9,101.0,4.86,54.29,LSG,1.0
Sameer Reddy,26,India,Batter,191.0,7,13442.0,150.0,9.0,8.27,42.5,RCB,0.2
Ankit Reddy,24,West Indies,Wicketkeeper,171.0,6,10676.0,97.0,0.0,0.0,54.89,GT,2.0
Sameer Sharma,23,West Indies,Bowler,30.0,1,329.0,136.0,110.0,4.38,28.85,SRH,10.0
Vikas Verma,25,South Africa,Allrounder,108.0,4,3919.0,133.8,85.0,6.37,35.28,LSG,3.0
Aditya Deshmukh,26,India,Bowler,149.0,5,3832.0,115.1,528.0,4.95,31.95,LSG,7.0
Rahul Malik,27,England,Bowler,164.0,6,1508.0,142.9,443.0,7.65,36.05,SRH,11.0
Sandeep Kulkarni,18,India,Batter,28.0,1,14778.0,143.7,11.0,6.7,25.5,PBKS,0.5
Ankit Reddy,27,India,Bowler,223.0,8,1839.0,117.0,784.0,4.8,50.81,SRH,5.0
Manoj Kulkarni,22,India,Bowler,84.0,3,101.0,102.3,659.0,4.5,37.29,MI,5.0
Ankit Sharma,34,India,Allrounder,123.0,6,7314.0,129.1,260.0,5.97,35.81,GT,11.0
Amit Iyer,39,South Africa,Wicketkeeper,151.0,10,9703.0,121.1,0.0,0.0,23.92,KKR,11.0
Amit Shetty,27,India,Wicketkeeper,35.0,2,5341.0,103.5,0.0,0.0,48.74,RR,5.0
Ankit Khan,29,India,Allrounder,57.0,3,3585.0,109.1,420.0,8.1,23.97,KKR,1.0
Sandeep Iyer,20,India,Wicketkeeper,59.0,2,11937.0,98.2,0.0,0.0,41.29,GT,7.0
Karthik Singh,29,India,Batter,87.0,5,9363.0,117.4,7.0,8.5,43.79,SRH,0.2
Ankit Shetty,32,Australia,Batter,291.0,10,5698.0,151.1,3.0,8.5,22.27,GT,7.0
Vikas Shetty,32,South Africa,Bowler,99.0,4,2582.0,99.1,185.0,4.73,50.38,PBKS,10.0
Pranav Kulkarni,18,South Africa,Wicketkeeper,18.0,1,4738.0,142.6,0.0,0.0,40.11,DC,1.5
Manoj Verma,19,Sri Lanka,Allrounder,27.0,1,3627.0,111.4,277.0,5.29,30.42,RR,3.0
Sandeep Singh,35,West Indies,Wicketkeeper,246.0,12,8283.0,128.6,0.0,0.0,29.03,CSK,2.0
Vikas Shetty,19,India,Allrounder,26.0,1,5338.0,138.8,491.0,5.26,30.47,PBKS,2.0
Rahul Sharma,18,West Indies,Wicketkeeper,26.0,1,7987.0,122.1,0.0,0.0,24.47,RCB,1.0
Vikas Chopra,42,England,Allrounder,103.0,4,4232.0,128.9,112.0,7.81,51.56,RCB,7.0
Sameer Kulkarni,18,South Africa,Bowler,25.0,1,3411.0,151.5,657.0,5.88,51.22,GT,10.0
Irfan Malik,21,West Indies,Batter,47.0,3,8716.0,151.0,5.0,8.02,31.31,PBKS,11.0
Irfan Malik,34,India,Batter,106.0,7,10095.0,97.7,15.0,7.28,40.62,DC,0.5
Harshit Sharma,25,West Indies,Bowler,24.0,1,76.0,141.4,187.0,6.74,25.24,KKR,10.0
Karthik Shetty,41,India,Wicketkeeper,388.0,14,3567.0,121.6,0.0,0.0,26.19,RR,5.0
Ankit Sharma,36,India,Batter,97.0,4,10507.0,104.5,1.0,8.32,51.65,LSG,1.0
Rohan Khan,37,England,Wicketkeeper,360.0,12,7044.0,108.8,0.0,0.0,30.2,SRH,0.2
Sameer Verma,18,West Indies,Batter,29.0,1,10110.0,122.5,15.0,8.98,20.84,KKR,1.0
Vikas Patel,24,England,Allrounder,127.0,5,5557.0,100.1,257.0,6.73,54.49,DC,10.0
Nikhil Iyer,37,South Africa,Wicketkeeper,211.0,11,9200.0,130.3,0.0,0.0,28.98,PBKS,3.0
Vikas Iyer,25,India,Wicketkeeper,45.0,2,3202.0,128.8,0.0,0.0,22.69,SRH,5.0
Nikhil Kulkarni,24,England,Batter,142.0,6,9643.0,150.5,10.0,8.8,50.61,CSK,1.0
Rahul Kulkarni,39,Australia,Allrounder,72.0,4,1672.0,114.5,497.0,6.2,21.23,KKR,5.0
Sandeep Mehta,32,Sri Lanka,Bowler,154.0,7,3320.0,127.1,791.0,6.48,36.08,GT,0.2
Amit Khan,35,India,Wicketkeeper,82.0,3,4192.0,149.5,0.0,0.0,25.88,DC,1.5
Sandeep Kulkarni,33,India,Batter,255.0,13,10008.0,99.4,7.0,6.03,27.82,SRH,3.0
Karthik Yadav,32,India,Bowler,83.0,5,892.0,125.2,157.0,4.13,30.99,GT,0.5
Rohan Patel,34,England,Bowler,258.0,9,2931.0,140.0,202.0,4.69,27.16,KKR,7.0
Manoj Patel,31,India,Bowler,253.0,12,1889.0,116.0,470.0,6.61,37.91,MI,1.0
Vikas Verma,23,West Indies,Wicketkeeper,30.0,1,6251.0,151.0,0.0,0.0,21.31,LSG,5.0
Rahul Verma,41,England,Allrounder,286.0,12,8633.0,146.3,196.0,6.75,40.58,DC,2.0
Pranav Patel,32,West Indies,Batter,94.0,4,8354.0,118.9,5.0,6.97,43.81,RR,3.0
Karthik Kulkarni,30,India,Bowler,174.0,7,3556.0,97.5,742.0,7.39,22.5,CSK,0.2
Arjun Yadav,34,India,Bowler,211.0,9,2240.0,109.0,763.0,5.24,29.27,CSK,0.2
Manoj Singh,29,India,Batter,186.0,8,11675.0,106.7,1.0,6.77,24.57,RR,10.0
Arjun Kulkarni,39,India,Batter,168.0,9,7608.0,103.7,9.0,9.27,27.15,PBKS,1.0
Arjun Chopra,30,South Africa,Bowler,196.0,12,1914.0,151.0,290.0,4.94,46.45,RCB,7.0
Sameer Shetty,26,Sri Lanka,Batter,132.0,7,10109.0,101.3,6.0,8.76,49.27,GT,11.0
Aditya Patel,20,India,Bowler,36.0,2,1849.0,110.8,216.0,5.55,40.15,GT,0.5
Arjun Deshmukh,42,Australia,Bowler,118.0,5,27.0,141.7,745.0,7.12,51.15,CSK,1.0
Rohan Mehta,25,India,Bowler,27.0,1,1172.0,109.3,581.0,7.53,34.84,MI,5.0
Aditya Naidu,31,West Indies,Bowler,127.0,5,2273.0,147.8,178.0,4.06,25.41,KKR,11.0
Pranav Iyer,24,Sri Lanka,Wicketkeeper,55.0,2,11648.0,146.7,0.0,0.0,31.53,RCB,10.0
Ankit Singh,21,India,Batter,68.0,3,14278.0,97.3,7.0,7.29,31.44,KKR,2.0
Vikas Reddy,19,India,Batter,28.0,1,3841.0,96.5,7.0,9.11,34.22,LSG,7.0
Rahul Khan,25,West Indies,Allrounder,133.0,5,4806.0,117.3,46.0,5.11,26.04,LSG,0.5
Nikhil Sharma,22,India,Allrounder,86.0,4,8982.0,147.7,393.0,5.88,35.26,LSG,11.0
Amit Singh,39,India,Batter,157.0,9,9839.0,130.4,15.0,6.96,24.97,CSK,11.0
Arjun Chopra,35,Sri Lanka,Bowler,84.0,3,2595.0,127.8,306.0,4.99,28.31,KKR,0.5
Sameer Kulkarni,37,India,Allrounder,299.0,18,7865.0,124.5,324.0,7.38,47.02,PBKS,1.0
Pranav Chopra,22,Australia,Wicketkeeper,43.0,2,11874.0,151.9,0.0,0.0,24.05,MI,0.2
Vikas Malik,29,West Indies,Allrounder,106.0,4,2717.0,114.2,164.0,6.17,25.29,RR,1.0
Karthik Iyer,42,West Indies,Batter,143.0,6,4624.0,140.6,2.0,8.84,36.95,SRH,7.0
Vikas Sharma,28,Sri Lanka,Bowler,175.0,7,120.0,98.6,146.0,6.04,39.44,RR,1.5
Manoj Naidu,39,India,Allrounder,426.0,19,7265.0,129.4,79.0,7.77,29.29,CSK,0.2
Rohan Naidu,22,India,Allrounder,16.0,1,6102.0,116.7,143.0,7.34,39.07,MI,1.5
Rohan Chopra,42,Australia,Bowler,338.0,14,1350.0,117.9,492.0,5.85,45.16,LSG,11.0
Arjun Kulkarni,23,South Africa,Wicketkeeper,52.0,2,3650.0,148.0,0.0,0.0,20.18,GT,3.0
Harshit Shetty,33,Sri Lanka,Bowler,342.0,15,3968.0,125.7,497.0,7.55,44.53,RCB,2.0
Nikhil Khan,18,India,Bowler,22.0,1,1669.0,123.0,650.0,7.25,49.22,DC,0.5
Ankit Shetty,36,Australia,Wicketkeeper,32.0,2,9264.0,105.7,0.0,0.0,25.57,LSG,11.0
Pranav Yadav,36,South Africa,Allrounder,394.0,18,7033.0,147.2,166.0,7.3,51.23,RR,7.0
Manoj Shetty,33,West Indies,Allrounder,249.0,12,4396.0,126.5,153.0,7.25,31.6,MI,1.0
Karthik Deshmukh,28,West Indies,Wicketkeeper,166.0,8,11721.0,153.8,0.0,0.0,31.19,LSG,0.2
Arjun Yadav,22,India,Allrounder,79.0,3,7079.0,126.9,451.0,7.6,41.3,RR,0.2
Rohan Verma,34,India,Wicketkeeper,129.0,7,8682.0,118.6,0.0,0.0,53.77,GT,0.5
Rohan Verma,19,India,Bowler,20.0,1,1439.0,151.3,479.0,6.17,20.27,DC,3.0
Sandeep Patel,33,West Indies,Batter,209.0,11,13122.0,138.0,10.0,8.0,46.08,LSG,10.0
Sameer Reddy,36,India,Batter,389.0,18,10178.0,95.3,13.0,9.17,20.01,MI,2.0
Amit Yadav,24,India,Allrounder,39.0,2,3252.0,96.8,291.0,6.65,54.11,GT,7.0
Manoj Mehta,26,India,Bowler,46.0,2,2994.0,123.4,464.0,4.84,22.14,GT,2.0
Amit Chopra,28,India,Batter,168.0,6,12725.0,117.8,14.0,7.83,21.56,RR,5.0
Nikhil Shetty,18,India,Bowler,22.0,1,523.0,118.5,717.0,5.27,54.65,KKR,5.0
Pranav Naidu,27,Australia,Bowler,20.0,1,1470.0,127.7,123.0,4.79,54.56,DC,0.5
Karthik Singh,20,England,Allrounder,45.0,2,3968.0,154.6,306.0,7.77,53.89,DC,1.5
Arjun Patel,30,Sri Lanka,Bowler,102.0,4,3064.0,136.8,852.0,5.86,23.87,CSK,3.0
Amit Malik,18,England,Wicketkeeper,30.0,1,5943.0,121.5,0.0,0.0,48.32,DC,0.2
Amit Mehta,34,India,Batter,157.0,10,10071.0,137.2,12.0,7.77,46.1,RR,1.5
Pranav Singh,21,India,Batter,44.0,2,9200.0,147.5,12.0,6.89,36.09,KKR,3.0
Rohan Deshmukh,18,South Africa,Allrounder,29.0,1,7253.0,146.9,342.0,5.74,34.62,DC,11.0
Vikas Yadav,20,Sri Lanka,Allrounder,25.0,1,5253.0,127.9,210.0,7.63,33.37,RR,2.0
Harshit Sharma,29,West Indies,Wicketkeeper,99.0,5,6896.0,143.6,0.0,0.0,40.46,RR,7.0
Amit Singh,42,India,Wicketkeeper,157.0,6,11454.0,118.4,0.0,0.0,23.84,KKR,2.0
Nikhil Reddy,23,India,Wicketkeeper,79.0,3,4389.0,148.7,0.0,0.0,21.24,RR,7.0
Arjun Chopra,34,Australia,Allrounder,252.0,15,3868.0,116.6,367.0,8.02,42.38,CSK,3.0
Vikas Verma,18,Sri Lanka,Wicketkeeper,23.0,1,7966.0,150.3,0.0,0.0,25.31,GT,10.0
Rahul Khan,21,India,Wicketkeeper,29.0,1,3426.0,129.0,0.0,0.0,46.76,PBKS,2.0
Sameer Sharma,23,Australia,Bowler,39.0,2,882.0,126.5,151.0,6.88,41.87,PBKS,3.0
Harshit Yadav,39,England,Batter,132.0,6,10201.0,145.5,0.0,8.65,46.66,SRH,3.0
Ankit Reddy,19,West Indies,Bowler,30.0,1,537.0,154.8,335.0,5.35,35.21,RR,2.0
Manoj Singh,19,West Indies,Bowler,21.0,1,1810.0,116.8,794.0,4.09,24.47,LSG,0.5
Harshit Sharma,20,India,Batter,37.0,2,9536.0,111.9,15.0,6.43,21.87,SRH,0.2
Karthik Mehta,32,India,Wicketkeeper,215.0,8,4607.0,136.3,0.0,0.0,22.59,DC,0.2
Irfan Mehta,41,Sri Lanka,Allrounder,102.0,5,5333.0,100.6,80.0,5.71,22.21,RR,10.0
Ankit Singh,36,India,Wicketkeeper,417.0,14,4665.0,111.1,0.0,0.0,40.02,LSG,1.0
Rohan Kulkarni,18,India,Allrounder,23.0,1,8890.0,147.5,192.0,8.38,50.66,CSK,0.5
Manoj Malik,24,Sri Lanka,Bowler,126.0,5,2340.0,110.9,365.0,4.67,22.67,PBKS,5.0
Manoj Naidu,21,West Indies,Wicketkeeper,28.0,1,10793.0,141.7,0.0,0.0,22.44,SRH,1.5
Nikhil Malik,37,West Indies,Wicketkeeper,473.5,19,10990.0,128.4,0.0,0.0,28.68,CSK,2.0
Rohan Patel,31,India,Batter,80.0,4,12569.0,154.4,1.0,6.85,46.49,GT,0.5
Nikhil Sharma,41,Australia,Allrounder,433.0,20,5321.0,129.3,182.0,7.93,50.49,SRH,11.0
Karthik Iyer,23,Australia,Batter,77.0,4,8629.0,151.8,4.0,8.26,29.85,DC,7.0
Rahul Sharma,33,England,Wicketkeeper,199.0,9,10037.0,130.7,0.0,0.0,44.15,PBKS,10.0
Rohan Khan,38,Sri Lanka,Wicketkeeper,130.0,6,3980.0,118.6,0.0,0.0,50.79,CSK,2.0
Sameer Verma,37,India,Batter,150.0,8,10353.0,124.6,5.0,9.43,33.67,RR,7.0
Ankit Reddy,35,India,Bowler,15.0,1,2293.0,146.2,747.0,5.79,42.59,GT,0.5
Karthik Naidu,38,Sri Lanka,Wicketkeeper,271.0,12,2981.0,97.7,0.0,0.0,38.98,CSK,0.2
Irfan Shetty,21,India,Bowler,25.0,1,1612.0,141.7,542.0,4.07,31.49,PBKS,0.2
Harshit Kulkarni,37,India,Allrounder,263.0,16,7751.0,142.9,285.0,6.65,21.63,RR,3.0
Arjun Reddy,42,South Africa,Batter,344.0,16,14978.0,118.9,14.0,6.55,28.05,RCB,2.0
Rahul Reddy,41,India,Wicketkeeper,455.0,17,5901.0,115.3,0.0,0.0,54.94,KKR,2.0
Amit Yadav,35,South Africa,Bowler,68.0,4,1241.0,148.0,781.0,7.14,52.8,RCB,0.2
Rohan Sharma,37,Australia,Wicketkeeper,461.0,17,8996.0,115.5,0.0,0.0,30.4,PBKS,2.0
Karthik Sharma,29,India,Wicketkeeper,125.0,5,7365.0,109.0,0.0,0.0,49.05,DC,5.0
Nikhil Kulkarni,26,Australia,Allrounder,66.0,4,2580.0,109.2,95.0,7.38,33.19,DC,2.0
Sandeep Sharma,38,India,Wicketkeeper,442.0,15,3749.0,125.4,0.0,0.0,38.48,GT,5.0
Sameer Verma,40,India,Bowler,158.0,6,37.0,117.8,104.0,7.38,51.8,GT,1.0
Irfan Sharma,39,India,Bowler,473.5,19,1316.0,139.8,106.0,5.68,52.56,DC,7.0
Arjun Reddy,27,South Africa,Wicketkeeper,166.0,6,3146.0,149.5,0.0,0.0,21.99,PBKS,3.0
Sameer Yadav,19,India,Bowler,25.0,1,544.0,123.6,387.0,4.78,35.1,KKR,0.5
Sameer Singh,18,England,Batter,23.0,1,14390.0,151.7,4.0,8.24,23.93,LSG,1.0
Irfan Patel,32,Sri Lanka,Wicketkeeper,162.0,7,11849.0,122.1,0.0,0.0,26.73,RCB,3.0
Vikas Yadav,41,South Africa,Bowler,183.0,7,1272.0,152.9,238.0,7.4,36.75,DC,7.0
Rohan Shetty,18,Sri Lanka,Allrounder,27.0,1,4598.0,142.1,82.0,5.36,44.4,DC,2.0
Sameer Mehta,31,India,Bowler,286.0,12,1152.0,148.2,146.0,5.35,54.15,DC,1.0
Arjun Verma,18,Sri Lanka,Batter,22.0,1,13950.0,128.9,5.0,7.95,30.41,MI,10.0
Irfan Iyer,38,Australia,Allrounder,372.0,14,5006.0,121.4,229.0,7.05,30.58,KKR,5.0
Manoj Deshmukh,40,India,Allrounder,348.0,12,8055.0,110.2,71.0,5.24,26.92,MI,2.0
Aditya Reddy,25,India,Allrounder,160.0,7,3632.0,131.1,194.0,6.9,41.3,LSG,2.0
Irfan Mehta,39,India,Batter,52.0,2,11358.0,120.3,3.0,7.36,49.2,GT,0.5
Vikas Singh,27,India,Allrounder,81.0,4,6657.0,154.3,406.0,6.67,35.39,SRH,3.0
Harshit Deshmukh,31,Sri Lanka,Wicketkeeper,89.0,3,10875.0,134.0,0.0,0.0,21.76,CSK,1.5
Aditya Naidu,20,India,Allrounder,22.0,1,7553.0,146.1,431.0,7.29,52.99,DC,11.0
Pranav Verma,26,India,Wicketkeeper,25.0,1,2802.0,154.8,0.0,0.0,29.88,PBKS,2.0
Pranav Verma,29,England,Bowler,215.0,9,3149.0,122.0,355.0,6.19,39.73,CSK,2.0
Rahul Iyer,31,South Africa,Allrounder,337.0,12,1689.0,146.4,378.0,5.55,51.83,CSK,3.0
Rahul Mehta,38,Sri Lanka,Batter,265.0,14,13472.0,111.8,14.0,7.57,24.93,DC,10.0
Harshit Sharma,22,India,Bowler,65.0,3,2191.0,113.7,359.0,6.6,51.83,KKR,7.0
Harshit Mehta,30,Australia,Bowler,91.0,5,2240.0,133.7,96.0,6.55,39.58,SRH,2.0
Pranav Sharma,40,India,Allrounder,218.0,11,2380.0,150.9,334.0,5.16,41.98,CSK,5.0
Arjun Naidu,29,India,Wicketkeeper,25.0,1,5595.0,154.6,0.0,0.0,38.81,KKR,3.0
Vikas Shetty,36,India,Batter,20.0,1,13203.0,98.4,5.0,8.49,42.11,SRH,2.0
Sameer Singh,30,England,Batter,90.0,3,8672.0,141.7,12.0,8.68,46.95,DC,0.5
Ankit Reddy,22,Sri Lanka,Wicketkeeper,79.0,3,6098.0,108.6,0.0,0.0,54.14,DC,2.0
Nikhil Mehta,25,India,Bowler,84.0,5,120.0,99.5,672.0,7.78,52.78,SRH,1.0
Arjun Chopra,39,England,Batter,293.0,12,11961.0,136.4,14.0,7.01,31.83,GT,10.0
Pranav Malik,34,England,Batter,151.0,6,5950.0,101.1,7.0,9.39,37.42,PBKS,1.5
Amit Kulkarni,37,West Indies,Bowler,379.0,15,2303.0,114.6,522.0,5.63,42.59,MI,11.0
Manoj Shetty,29,Sri Lanka,Allrounder,239.0,11,4297.0,138.0,484.0,5.46,54.32,CSK,3.0
Pranav Deshmukh,31,Sri Lanka,Allrounder,45.0,3,8839.0,146.6,147.0,7.82,32.59,RR,3.0
Arjun Shetty,23,Sri Lanka,Batter,82.0,4,11526.0,126.0,14.0,7.14,21.6,GT,3.0
Pranav Iyer,28,Sri Lanka,Batter,25.0,1,13862.0,103.6,4.0,9.31,51.61,CSK,0.5
Harshit Khan,19,India,Wicketkeeper,29.0,1,7210.0,100.0,0.0,0.0,48.79,PBKS,1.5
Pranav Reddy,24,West Indies,Batter,107.0,5,10864.0,97.3,15.0,6.53,45.18,SRH,0.2
Amit Iyer,24,Australia,Bowler,109.0,5,53.0,137.9,778.0,5.07,39.43,SRH,3.0
Nikhil Naidu,33,West Indies,Batter,101.0,4,13225.0,150.9,0.0,6.38,35.83,MI,2.0
Amit Shetty,21,South Africa,Bowler,30.0,1,3726.0,125.1,264.0,6.79,41.15,KKR,7.0
Nikhil Shetty,37,India,Wicketkeeper,72.0,3,3852.0,113.2,0.0,0.0,27.01,SRH,1.0
Pranav Reddy,38,Sri Lanka,Wicketkeeper,211.0,13,2978.0,127.6,0.0,0.0,35.41,SRH,0.5
Ankit Iyer,33,England,Bowler,287.0,12,1501.0,135.4,218.0,5.48,44.17,LSG,2.0
Rahul Kulkarni,40,India,Bowler,15.0,1,308.0,115.3,834.0,4.17,34.41,KKR,10.0
Sandeep Patel,30,India,Bowler,48.0,2,3829.0,109.2,127.0,4.37,21.81,DC,5.0
Rahul Shetty,19,South Africa,Allrounder,23.0,1,3226.0,139.2,59.0,8.49,23.06,RR,2.0
Harshit Verma,35,West Indies,Batter,364.0,13,6852.0,138.2,3.0,6.07,35.37,RCB,2.0
Vikas Iyer,30,South Africa,Bowler,227.0,8,3028.0,150.4,338.0,6.99,40.98,SRH,0.2
Amit Reddy,26,South Africa,Batter,127.0,8,10046.0,141.9,14.0,6.65,53.45,CSK,11.0
Sameer Naidu,38,West Indies,Wicketkeeper,233.0,8,5195.0,129.8,0.0,0.0,43.87,GT,5.0
Arjun Patel,20,India,Batter,44.0,2,5636.0,117.9,0.0,7.18,45.71,CSK,1.0
Nikhil Shetty,34,India,Wicketkeeper,161.0,9,4056.0,150.7,0.0,0.0,42.01,GT,3.0
Harshit Reddy,32,Sri Lanka,Allrounder,28.0,1,7563.0,105.3,209.0,7.76,27.42,SRH,0.2
Harshit Singh,35,India,Wicketkeeper,237.0,12,6185.0,126.9,0.0,0.0,26.18,LSG,11.0
Irfan Deshmukh,30,Australia,Wicketkeeper,290.0,11,3861.0,133.1,0.0,0.0,30.21,DC,0.5
Arjun Verma,18,South Africa,Wicketkeeper,25.0,1,5158.0,142.5,0.0,0.0,48.28,GT,5.0
Rohan Singh,24,India,Batter,23.0,1,6473.0,105.8,0.0,7.62,42.64,KKR,1.0
Harshit Naidu,26,India,Batter,46.0,3,5521.0,132.4,12.0,9.47,21.25,CSK,5.0
Ankit Verma,42,England,Allrounder,276.0,15,8155.0,114.2,402.0,5.06,26.85,LSG,7.0
Harshit Verma,42,South Africa,Wicketkeeper,407.0,20,11167.0,143.8,0.0,0.0,49.57,MI,5.0
Rahul Naidu,22,India,Batter,48.0,3,6153.0,114.5,11.0,6.91,28.27,RCB,3.0
Karthik Shetty,34,South Africa,Batter,118.0,6,14225.0,125.2,7.0,9.18,42.96,RCB,10.0
Arjun Khan,18,West Indies,Allrounder,28.0,1,8713.0,132.9,395.0,6.45,33.5,CSK,0.2
Harshit Singh,20,India,Bowler,24.0,1,1247.0,133.1,798.0,5.29,40.69,GT,1.5
Ankit Kulkarni,25,Sri Lanka,Wicketkeeper,19.0,1,4019.0,112.6,0.0,0.0,25.23,LSG,1.0
Rahul Deshmukh,21,West Indies,Wicketkeeper,18.0,1,2512.0,117.1,0.0,0.0,34.53,RR,11.0
Irfan Kulkarni,36,South Africa,Batter,473.5,17,6817.0,149.9,11.0,8.2,21.27,LSG,1.5
Sandeep Khan,22,Sri Lanka,Allrounder,21.0,1,8283.0,106.6,374.0,5.85,37.58,RR,5.0
Amit Naidu,32,South Africa,Batter,47.0,2,9724.0,138.7,13.0,7.5,28.48,CSK,5.0
Rahul Verma,26,India,Allrounder,149.0,7,8666.0,148.0,350.0,7.08,51.87,LSG,0.5
Vikas Kulkarni,27,Australia,Allrounder,128.0,7,4308.0,141.4,128.0,8.36,51.71,LSG,1.0
Sameer Reddy,28,Sri Lanka,Wicketkeeper,211.0,8,10403.0,109.1,0.0,0.0,26.92,GT,1.0
Rahul Reddy,42,India,Allrounder,148.0,8,7440.0,137.4,122.0,5.02,52.81,RR,2.0
Pranav Naidu,39,India,Bowler,450.0,21,2770.0,133.2,821.0,4.71,46.13,CSK,1.0
Pranav Naidu,18,England,Batter,18.0,1,13174.0,133.8,12.0,9.25,53.96,MI,0.2
Sandeep Yadav,41,Australia,Bowler,473.5,22,3730.0,116.0,583.0,5.31,39.01,CSK,10.0
Rahul Deshmukh,22,England,Wicketkeeper,85.0,3,8145.0,118.0,0.0,0.0,20.05,MI,11.0
Vikas Shetty,39,Australia,Bowler,361.0,21,1611.0,140.1,208.0,6.78,46.14,GT,1.5
Manoj Iyer,42,West Indies,Batter,374.0,22,8257.0,126.3,13.0,7.21,32.6,GT,1.5
Amit Khan,30,West Indies,Bowler,16.0,1,1439.0,128.7,165.0,4.06,24.33,PBKS,0.2
Rohan Khan,38,Australia,Bowler,359.0,17,1668.0,140.3,335.0,4.3,20.33,KKR,5.0
Aditya Khan,28,Sri Lanka,Batter,161.0,7,13085.0,125.9,7.0,9.36,54.41,GT,7.0
Rohan Khan,27,India,Bowler,210.0,8,1738.0,130.0,554.0,4.22,32.23,SRH,0.5
Harshit Chopra,30,Australia,Batter,60.0,3,3337.0,116.7,13.0,8.95,29.12,LSG,0.5
Sandeep Mehta,27,India,Allrounder,170.0,8,5827.0,117.5,160.0,8.0,20.59,KKR,7.0
Amit Mehta,41,England,Wicketkeeper,176.0,10,9391.0,118.4,0.0,0.0,42.91,RCB,3.0
Arjun Verma,39,Australia,Batter,157.0,6,5529.0,120.9,12.0,6.89,21.99,DC,0.2
Sameer Yadav,22,India,Wicketkeeper,115.0,4,5567.0,130.3,0.0,0.0,46.47,KKR,3.0
Sandeep Kulkarni,28,Sri Lanka,Batter,235.0,9,9593.0,120.2,7.0,7.45,23.09,GT,1.0
Harshit Patel,26,Sri Lanka,Allrounder,23.0,1,3640.0,104.3,279.0,5.71,36.86,PBKS,1.5
Irfan Shetty,31,Australia,Bowler,141.0,6,3460.0,151.9,705.0,6.01,22.56,RCB,7.0
Harshit Patel,30,India,Allrounder,152.0,9,5404.0,126.6,229.0,7.1,38.07,RR,7.0
Vikas Singh,20,West Indies,Batter,39.0,2,8369.0,107.3,8.0,9.06,21.43,RCB,2.0
Aditya Kulkarni,38,India,Batter,385.0,15,3376.0,115.7,11.0,8.35,20.62,DC,11.0
Aditya Chopra,32,Sri Lanka,Allrounder,128.0,5,4936.0,113.6,199.0,5.88,41.59,CSK,2.0
Rahul Yadav,35,India,Allrounder,255.0,15,2964.0,119.8,273.0,5.6,36.89,GT,7.0
Arjun Shetty,31,India,Wicketkeeper,26.0,1,7188.0,122.6,0.0,0.0,54.09,KKR,2.0
Sameer Verma,35,India,Bowler,126.0,6,3383.0,152.1,855.0,4.17,40.37,DC,10.0
Irfan Sharma,35,England,Wicketkeeper,111.0,4,6568.0,142.7,0.0,0.0,35.06,KKR,10.0
Manoj Deshmukh,27,Australia,Wicketkeeper,43.0,2,4247.0,122.2,0.0,0.0,50.78,DC,0.2
Pranav Shetty,26,India,Batter,31.0,2,13717.0,109.3,3.0,9.14,26.97,PBKS,10.0
Nikhil Kulkarni,27,India,Bowler,226.0,8,2363.0,149.0,598.0,5.89,31.28,MI,7.0
Arjun Verma,38,West Indies,Allrounder,234.0,8,7316.0,137.5,44.0,7.28,47.25,SRH,7.0
Karthik Naidu,39,India,Bowler,116.0,4,1812.0,119.1,581.0,6.14,53.85,MI,0.5
Manoj Kulkarni,40,England,Allrounder,72.0,4,8279.0,138.7,466.0,7.14,32.07,GT,7.0
Pranav Naidu,37,Australia,Batter,30.0,1,12337.0,110.5,8.0,8.34,28.58,SRH,7.0
Amit Shetty,18,India,Bowler,20.0,1,2319.0,126.3,730.0,6.72,43.91,GT,1.0
Irfan Patel,19,South Africa,Allrounder,25.0,1,6053.0,130.9,423.0,5.94,35.54,PBKS,11.0
Aditya Mehta,27,Sri Lanka,Bowler,28.0,1,1031.0,112.5,409.0,6.27,45.04,KKR,0.2
Arjun Naidu,22,West Indies,Allrounder,60.0,4,2881.0,110.6,161.0,7.82,30.52,RCB,0.5
Manoj Iyer,35,India,Allrounder,198.0,13,6041.0,136.7,44.0,7.31,44.64,RR,3.0
Pranav Malik,29,West Indies,Batter,291.0,10,11379.0,118.6,0.0,8.39,33.82,MI,3.0
Amit Singh,18,Sri Lanka,Batter,19.0,1,11948.0,104.4,12.0,6.89,44.24,KKR,5.0
Harshit Deshmukh,34,India,Bowler,472.0,16,3095.0,151.3,275.0,4.35,48.93,RCB,0.2
Amit Malik,18,India,Batter,28.0,1,12356.0,149.4,5.0,9.0,34.3,GT,11.0
Manoj Kulkarni,23,India,Wicketkeeper,33.0,2,8501.0,145.8,0.0,0.0,25.53,RR,0.2
Irfan Deshmukh,26,West Indies,Allrounder,31.0,2,5148.0,142.1,41.0,5.08,22.62,MI,0.5
Karthik Deshmukh,42,India,Bowler,473.5,22,1262.0,135.5,238.0,7.76,46.37,RCB,0.2
Vikas Singh,39,India,Wicketkeeper,426.0,18,5244.0,109.7,0.0,0.0,43.59,GT,3.0
Arjun Mehta,40,Sri Lanka,Bowler,360.0,13,2682.0,145.3,355.0,4.16,25.94,GT,10.0
Nikhil Patel,37,India,Allrounder,223.0,11,3464.0,108.5,224.0,7.44,22.4,CSK,5.0
Karthik Malik,29,West Indies,Allrounder,191.0,9,3650.0,105.2,244.0,6.69,45.53,RCB,7.0
Sameer Reddy,38,India,Batter,149.0,7,8262.0,115.5,15.0,6.83,39.86,MI,0.2
Aditya Kulkarni,29,South Africa,Batter,65.0,4,7454.0,117.7,1.0,7.0,48.55,RCB,3.0
Rahul Reddy,39,England,Allrounder,380.0,20,6841.0,99.9,61.0,5.63,31.49,LSG,2.0
Rohan Singh,23,West Indies,Batter,65.0,4,4163.0,127.6,3.0,7.49,33.03,SRH,2.0
Arjun Verma,33,West Indies,Bowler,242.0,11,2195.0,97.4,836.0,7.0,35.11,DC,0.2
Amit Malik,33,India,Allrounder,128.0,5,3006.0,133.9,322.0,6.34,53.82,CSK,5.0
Ankit Deshmukh,42,India,Wicketkeeper,473.5,17,5537.0,125.6,0.0,0.0,54.54,GT,2.0
Ankit Naidu,18,India,Batter,30.0,1,7673.0,96.9,6.0,7.06,25.8,CSK,7.0
Karthik Singh,42,India,Allrounder,473.5,22,4316.0,114.0,459.0,6.38,23.4,RCB,2.0
Arjun Sharma,40,Australia,Wicketkeeper,288.0,12,2717.0,121.0,0.0,0.0,31.83,GT,0.5
Aditya Kulkarni,18,India,Allrounder,19.0,1,7893.0,112.8,148.0,5.43,51.03,GT,5.0
Aditya Iyer,30,Australia,Allrounder,75.0,3,7057.0,137.8,59.0,6.06,41.42,SRH,0.5
Rahul Mehta,18,South Africa,Allrounder,29.0,1,8906.0,109.3,111.0,6.5,32.92,CSK,10.0
Amit Mehta,27,Sri Lanka,Wicketkeeper,137.0,5,5110.0,130.5,0.0,0.0,32.28,DC,3.0
Karthik Verma,27,South Africa,Wicketkeeper,197.0,9,3390.0,107.9,0.0,0.0,24.08,LSG,0.5
Ankit Naidu,39,West Indies,Bowler,285.0,18,3869.0,121.4,712.0,7.34,41.88,RCB,11.0
Amit Deshmukh,21,India,Batter,62.0,3,13501.0,147.4,14.0,7.72,39.14,RR,2.0
Irfan Verma,27,India,Batter,51.0,2,5522.0,150.5,5.0,7.68,45.19,RCB,0.2
Harshit Malik,24,Sri Lanka,Allrounder,26.0,1,5241.0,105.7,167.0,5.39,47.55,PBKS,3.0
Sameer Chopra,24,South Africa,Bowler,82.0,4,3922.0,127.7,540.0,7.18,39.41,LSG,1.0
Sandeep Singh,29,South Africa,Allrounder,161.0,6,4152.0,121.3,236.0,7.21,43.81,GT,7.0
Aditya Reddy,35,Australia,Batter,308.0,12,10814.0,152.7,5.0,6.38,46.26,RR,7.0
Irfan Chopra,39,India,Allrounder,252.0,13,1868.0,114.0,66.0,7.21,25.63,LSG,11.0
Ankit Verma,19,Australia,Allrounder,25.0,1,8450.0,134.7,167.0,6.43,42.18,RR,2.0
Nikhil Chopra,25,India,Wicketkeeper,82.0,3,6850.0,118.0,0.0,0.0,41.47,DC,2.0
Rohan Naidu,38,Australia,Allrounder,315.0,17,7147.0,96.6,397.0,7.85,35.77,CSK,5.0
Ankit Kulkarni,27,India,Batter,115.0,6,10903.0,127.8,1.0,8.65,42.8,RR,0.5
Pranav Patel,31,West Indies,Allrounder,176.0,10,6337.0,154.5,241.0,6.81,21.91,MI,3.0
Arjun Kulkarni,38,England,Bowler,101.0,4,2526.0,100.5,436.0,5.87,25.59,LSG,3.0
Sandeep Iyer,28,West Indies,Allrounder,176.0,10,6949.0,104.3,137.0,6.34,53.73,PBKS,0.2
Rohan Patel,25,Sri Lanka,Bowler,149.0,6,2944.0,115.2,169.0,7.6,42.39,PBKS,2.0
Aditya Deshmukh,20,Sri Lanka,Batter,29.0,1,7825.0,143.9,6.0,7.87,41.96,RR,7.0
Arjun Mehta,30,West Indies,Allrounder,25.0,1,6444.0,140.8,119.0,5.0,46.14,CSK,7.0
Vikas Kulkarni,32,Australia,Allrounder,45.0,2,3571.0,149.2,349.0,6.78,51.8,RR,0.2
Harshit Naidu,24,West Indies,Allrounder,158.0,6,6270.0,131.5,148.0,6.83,54.88,RR,0.2
Rahul Reddy,40,West Indies,Wicketkeeper,473.5,17,10026.0,112.9,0.0,0.0,31.36,MI,1.0
Arjun Kulkarni,30,West Indies,Allrounder,112.0,5,3048.0,148.8,81.0,5.64,46.06,CSK,10.0
Sandeep Deshmukh,37,Sri Lanka,Allrounder,354.0,14,7529.0,153.9,58.0,5.37,45.58,MI,0.5
Vikas Kulkarni,38,India,Allrounder,28.0,1,1662.0,97.9,229.0,7.98,37.67,MI,5.0
Amit Iyer,28,Australia,Allrounder,238.0,8,4252.0,127.6,358.0,7.45,43.33,GT,0.2
Manoj Mehta,29,England,Wicketkeeper,159.0,9,5294.0,144.1,0.0,0.0,33.1,DC,3.0
Vikas Sharma,31,West Indies,Batter,196.0,9,10389.0,104.8,6.0,8.97,29.48,LSG,1.5
Ankit Mehta,21,India,Bowler,55.0,3,3017.0,116.9,321.0,4.16,33.3,SRH,7.0
Ankit Mehta,42,India,Allrounder,450.0,22,8142.0,134.2,229.0,7.82,35.29,RCB,1.0
Aditya Iyer,40,England,Batter,418.0,17,11191.0,98.2,2.0,8.28,26.31,SRH,3.0
Harshit Deshmukh,21,Australia,Bowler,54.0,2,850.0,133.5,420.0,6.38,47.09,LSG,1.0
Arjun Malik,21,India,Bowler,34.0,2,2030.0,138.4,797.0,5.53,43.94,RR,5.0
Rahul Naidu,19,India,Bowler,19.0,1,2149.0,107.9,841.0,7.66,39.31,SRH,10.0
Amit Shetty,20,South Africa,Wicketkeeper,22.0,1,7361.0,131.1,0.0,0.0,54.95,LSG,0.5
Rohan Kulkarni,26,India,Bowler,71.0,4,2660.0,126.4,845.0,4.76,32.12,RR,10.0
Aditya Singh,30,Australia,Bowler,64.0,4,2909.0,108.9,493.0,6.0,21.67,RR,3.0
Amit Shetty,38,England,Wicketkeeper,109.0,6,4050.0,129.4,0.0,0.0,31.75,RCB,0.5
Pranav Kulkarni,29,England,Allrounder,57.0,2,8647.0,114.4,88.0,5.64,21.72,KKR,2.0
Pranav Reddy,33,England,Bowler,47.0,3,1078.0,129.9,827.0,7.61,48.52,GT,0.5
Arjun Singh,41,South Africa,Allrounder,356.0,22,6689.0,149.2,492.0,6.48,36.92,RCB,5.0
Ankit Verma,42,India,Bowler,96.0,5,1050.0,124.5,116.0,6.18,45.66,LSG,5.0
Amit Shetty,28,India,Bowler,104.0,6,924.0,111.3,707.0,6.15,25.09,RR,0.2
Ankit Kulkarni,18,India,Allrounder,30.0,1,4480.0,124.4,472.0,7.12,23.36,GT,2.0
Rohan Sharma,38,Sri Lanka,Bowler,94.0,6,3080.0,125.9,463.0,5.5,48.94,GT,7.0
Vikas Singh,31,England,Bowler,237.0,9,982.0,115.9,601.0,4.29,48.79,DC,10.0
Arjun Shetty,29,West Indies,Batter,216.0,10,6438.0,112.4,14.0,8.27,49.59,RCB,2.0
Nikhil Chopra,27,India,Wicketkeeper,223.0,9,8391.0,124.6,0.0,0.0,37.44,CSK,11.0
Irfan Malik,33,West Indies,Bowler,180.0,12,1887.0,151.8,718.0,7.71,32.55,KKR,3.0
Pranav Reddy,41,Australia,Wicketkeeper,76.0,5,7480.0,103.4,0.0,0.0,31.4,CSK,1.5
Amit Patel,26,England,Allrounder,121.0,8,4229.0,96.2,251.0,5.11,33.84,LSG,7.0
Harshit Singh,39,India,Allrounder,360.0,13,4758.0,147.3,205.0,8.29,37.9,GT,2.0
Irfan Shetty,35,India,Wicketkeeper,246.0,13,5272.0,128.9,0.0,0.0,20.21,RCB,2.0
Rohan Yadav,27,India,Batter,70.0,3,6917.0,96.5,2.0,6.75,46.41,CSK,2.0
Irfan Reddy,36,Sri Lanka,Batter,113.0,4,4650.0,147.1,7.0,6.51,42.52,PBKS,7.0
Nikhil Patel,30,Australia,Allrounder,105.0,4,2704.0,104.5,466.0,5.8,41.97,MI,7.0
Rahul Iyer,19,India,Wicketkeeper,20.0,1,11573.0,149.1,0.0,0.0,45.14,RCB,2.0
Rohan Sharma,31,Australia,Batter,249.0,11,7881.0,130.2,4.0,7.22,30.88,RCB,1.5
Sandeep Verma,22,India,Bowler,54.0,3,947.0,139.9,787.0,7.8,41.5,KKR,2.0
Amit Patel,22,India,Batter,29.0,1,11624.0,132.1,5.0,7.48,31.96,KKR,3.0
Pranav Yadav,35,India,Allrounder,172.0,6,6300.0,118.7,468.0,5.1,52.57,DC,1.0
Aditya Khan,33,England,Batter,208.0,10,5650.0,100.0,10.0,8.19,50.97,KKR,7.0
Manoj Iyer,30,Australia,Wicketkeeper,58.0,2,11010.0,111.1,0.0,0.0,28.53,PBKS,2.0
Harshit Reddy,26,India,Wicketkeeper,203.0,7,11304.0,112.8,0.0,0.0,40.2,SRH,1.5
Karthik Mehta,42,India,Wicketkeeper,473.5,20,3632.0,127.7,0.0,0.0,37.2,DC,0.2
Amit Kulkarni,26,India,Bowler,16.0,1,1606.0,114.0,331.0,6.73,47.37,LSG,1.0
Sandeep Naidu,25,India,Batter,106.0,4,8478.0,142.0,13.0,6.61,43.23,KKR,11.0
Manoj Patel,33,India,Bowler,319.0,14,766.0,123.9,681.0,6.6,43.35,LSG,1.0
Harshit Mehta,22,Sri Lanka,Allrounder,90.0,3,5190.0,146.1,482.0,5.28,21.94,GT,0.5
Aditya Verma,32,West Indies,Bowler,69.0,4,262.0,129.6,366.0,4.57,45.88,KKR,2.0
Sandeep Iyer,31,West Indies,Bowler,59.0,3,806.0,150.2,614.0,4.29,54.08,RCB,1.0
Arjun Khan,41,India,Bowler,55.0,3,890.0,123.9,425.0,6.3,45.95,DC,0.2
Sandeep Naidu,37,Australia,Wicketkeeper,16.0,1,4071.0,114.7,0.0,0.0,37.26,CSK,1.5
Sandeep Verma,26,India,Batter,98.0,5,12670.0,152.3,4.0,9.21,52.45,DC,3.0
Karthik Kulkarni,26,West Indies,Wicketkeeper,175.0,6,11794.0,110.7,0.0,0.0,28.14,CSK,3.0
Sameer Malik,25,India,Bowler,110.0,5,1699.0,121.5,240.0,5.13,31.0,DC,1.5
Vikas Kulkarni,40,Australia,Bowler,357.0,20,1443.0,132.2,281.0,5.42,46.69,LSG,2.0
Vikas Deshmukh,28,Sri Lanka,Bowler,265.0,9,2637.0,143.9,676.0,6.8,21.13,GT,11.0
Aditya Khan,29,India,Batter,237.0,10,6969.0,142.4,1.0,6.17,38.66,PBKS,1.5
Arjun Naidu,36,England,Allrounder,150.0,9,5667.0,98.2,398.0,7.02,28.94,DC,1.0
Sandeep Yadav,23,India,Wicketkeeper,45.0,3,2593.0,133.3,0.0,0.0,50.07,RCB,1.0
Irfan Khan,33,West Indies,Wicketkeeper,28.0,1,7472.0,150.0,0.0,0.0,37.51,MI,2.0
Pranav Naidu,34,Sri Lanka,Wicketkeeper,239.0,10,5255.0,127.7,0.0,0.0,49.16,SRH,5.0
Rohan Chopra,41,England,Batter,473.5,20,8948.0,126.0,1.0,7.88,51.68,KKR,0.5
Pranav Malik,35,Sri Lanka,Bowler,364.0,13,2.0,149.5,844.0,7.0,27.64,RCB,5.0
Pranav Kulkarni,23,Australia,Bowler,85.0,3,423.0,145.5,877.5,5.99,23.89,DC,0.2
Sameer Shetty,21,England,Batter,71.0,3,5915.0,106.0,9.0,8.78,48.28,DC,2.0
Pranav Reddy,20,South Africa,Wicketkeeper,15.0,1,11832.0,131.7,0.0,0.0,26.76,LSG,7.0
Nikhil Reddy,26,Sri Lanka,Allrounder,16.0,1,3534.0,135.9,142.0,6.66,42.18,SRH,1.5
Irfan Verma,31,India,Bowler,94.0,5,96.0,149.0,520.0,5.62,38.17,DC,3.0
Sandeep Reddy,28,Australia,Bowler,103.0,5,1222.0,98.7,140.0,5.92,52.27,MI,0.5
Karthik Patel,40,India,Bowler,466.0,22,778.0,126.7,877.5,4.67,48.12,DC,5.0
Ankit Kulkarni,21,West Indies,Batter,22.0,1,13658.0,126.6,0.0,6.75,28.42,RR,0.2
Aditya Patel,37,India,Bowler,273.0,12,669.0,128.9,835.0,6.89,49.96,RCB,7.0
Nikhil Naidu,42,Sri Lanka,Allrounder,335.0,13,5297.0,133.9,71.0,8.13,45.39,SRH,0.5
Rohan Verma,31,West Indies,Wicketkeeper,172.0,8,6313.0,128.0,0.0,0.0,33.46,RCB,10.0
Karthik Chopra,19,India,Batter,17.0,1,3600.0,149.5,3.0,8.27,34.58,MI,1.5
Arjun Shetty,22,England,Allrounder,70.0,3,6464.0,118.3,367.0,6.1,35.24,CSK,5.0
Rahul Deshmukh,27,Sri Lanka,Batter,64.0,3,14738.0,124.9,0.0,6.26,37.3,GT,1.0
Nikhil Patel,18,India,Allrounder,29.0,1,2888.0,116.8,397.0,7.06,41.46,CSK,10.0
Aditya Malik,24,India,Batter,93.0,6,7640.0,152.3,6.0,9.07,40.43,SRH,0.5
Amit Khan,18,India,Allrounder,19.0,1,2101.0,153.2,70.0,5.15,44.71,SRH,0.5
Pranav Yadav,32,India,Allrounder,26.0,1,4534.0,103.8,442.0,6.18,25.02,MI,2.0
Ankit Deshmukh,18,West Indies,Batter,29.0,1,12005.0,97.7,10.0,6.59,51.58,GT,0.2
Amit Shetty,19,Sri Lanka,Wicketkeeper,26.0,1,4396.0,127.4,0.0,0.0,44.5,RR,0.5
Arjun Yadav,26,India,Allrounder,40.0,2,4802.0,142.5,50.0,7.9,50.89,DC,11.0
Rohan Deshmukh,36,Sri Lanka,Batter,301.0,12,3847.0,121.3,4.0,9.39,53.26,RCB,11.0
Arjun Reddy,20,India,Bowler,60.0,2,1371.0,99.2,205.0,6.75,43.86,MI,1.5
Sandeep Malik,21,India,Wicketkeeper,23.0,1,5904.0,136.2,0.0,0.0,51.71,LSG,10.0
Rohan Patel,42,South Africa,Bowler,206.0,12,2650.0,130.1,511.0,5.42,20.43,CSK,3.0
Aditya Malik,28,India,Allrounder,25.0,1,4348.0,98.7,150.0,6.16,38.27,LSG,1.0
Karthik Yadav,21,India,Batter,56.0,3,5385.0,107.4,0.0,8.86,38.46,LSG,5.0
Aditya Sharma,32,Australia,Allrounder,65.0,3,8165.0,102.2,410.0,5.71,37.88,GT,5.0
Sameer Sharma,41,West Indies,Allrounder,145.0,6,7391.0,130.2,445.0,5.28,21.1,GT,11.0
Ankit Shetty,19,India,Bowler,28.0,1,159.0,128.0,181.0,4.41,40.7,KKR,1.0
Harshit Patel,39,India,Bowler,23.0,1,3164.0,129.4,140.0,4.11,49.35,PBKS,5.0
Irfan Deshmukh,18,Sri Lanka,Bowler,18.0,1,3241.0,102.9,681.0,6.74,40.74,PBKS,0.2
Irfan Khan,22,India,Wicketkeeper,40.0,2,6708.0,135.3,0.0,0.0,21.3,SRH,0.2
Rohan Kulkarni,37,Australia,Allrounder,117.0,5,8224.0,149.4,62.0,7.99,49.77,KKR,0.2
Rohan Kulkarni,22,Sri Lanka,Wicketkeeper,75.0,4,11225.0,144.5,0.0,0.0,46.07,RCB,11.0
Irfan Reddy,40,West Indies,Wicketkeeper,226.0,14,3860.0,133.0,0.0,0.0,43.75,SRH,7.0
Harshit Iyer,19,India,Batter,29.0,1,5431.0,134.7,8.0,8.82,31.47,PBKS,7.0
Karthik Naidu,24,West Indies,Wicketkeeper,22.0,1,8814.0,117.6,0.0,0.0,51.4,LSG,2.0
Amit Naidu,32,West Indies,Batter,208.0,8,5207.0,136.9,8.0,6.06,53.42,CSK,1.0
Rahul Deshmukh,19,India,Allrounder,18.0,1,4411.0,154.6,272.0,7.47,44.06,KKR,0.5
Arjun Iyer,36,South Africa,Batter,139.0,6,4374.0,144.6,12.0,6.12,29.96,KKR,1.0
Rahul Naidu,38,England,Batter,104.0,6,14128.0,113.7,4.0,7.56,29.4,RCB,1.5
Amit Khan,30,South Africa,Wicketkeeper,315.0,11,9434.0,120.9,0.0,0.0,33.26,GT,5.0
Irfan Sharma,42,Australia,Batter,60.0,4,14033.0,143.8,7.0,8.22,30.4,GT,3.0
Pranav Kulkarni,37,South Africa,Bowler,30.0,1,886.0,135.0,855.0,4.81,43.46,LSG,0.2
Vikas Khan,31,India,Wicketkeeper,26.0,1,3221.0,149.1,0.0,0.0,20.56,KKR,0.2
Pranav Naidu,30,India,Wicketkeeper,206.0,7,8076.0,146.2,0.0,0.0,38.24,RR,0.2
Pranav Sharma,29,India,Batter,16.0,1,11984.0,100.5,6.0,8.17,35.14,DC,2.0
Ankit Sharma,19,West Indies,Bowler,16.0,1,1439.0,110.3,459.0,4.86,37.64,PBKS,10.0
Harshit Patel,31,Australia,Allrounder,83.0,5,8415.0,139.6,104.0,7.84,40.68,PBKS,3.0
Rahul Reddy,26,England,Wicketkeeper,60.0,4,5450.0,127.4,0.0,0.0,34.96,CSK,7.0
Karthik Reddy,37,India,Batter,473.5,19,4795.0,128.6,9.0,9.4,28.89,MI,2.0
Manoj Naidu,37,Australia,Bowler,277.0,18,970.0,131.7,217.0,4.87,38.3,GT,1.5
Rohan Mehta,20,India,Wicketkeeper,54.0,2,10335.0,95.5,0.0,0.0,49.05,MI,0.2
Ankit Sharma,31,Australia,Allrounder,144.0,8,8264.0,134.7,292.0,7.46,22.41,CSK,10.0
Ankit Malik,28,England,Batter,101.0,4,13892.0,151.1,4.0,7.27,50.19,LSG,7.0
Amit Deshmukh,23,India,Allrounder,146.0,5,4724.0,104.4,58.0,6.0,35.72,GT,0.5
Vikas Reddy,24,Australia,Batter,146.0,5,10034.0,135.9,14.0,7.25,53.83,LSG,2.0
Ankit Malik,29,England,Wicketkeeper,114.0,7,7668.0,116.8,0.0,0.0,22.18,KKR,2.0
Rohan Yadav,25,India,Wicketkeeper,76.0,3,2517.0,148.9,0.0,0.0,21.33,PBKS,3.0
Amit Naidu,34,India,Bowler,108.0,4,3385.0,134.9,812.0,7.62,52.96,GT,11.0
Arjun Patel,18,India,Wicketkeeper,15.0,1,6580.0,107.0,0.0,0.0,21.42,CSK,3.0
Arjun Iyer,38,Australia,Batter,87.0,5,9635.0,122.0,0.0,7.71,31.6,KKR,3.0
Ankit Naidu,37,West Indies,Wicketkeeper,26.0,1,4364.0,152.5,0.0,0.0,48.79,GT,0.2
Nikhil Sharma,30,South Africa,Batter,138.0,7,8118.0,104.8,8.0,8.32,45.7,LSG,0.2
Vikas Shetty,37,Australia,Allrounder,53.0,2,7000.0,120.5,401.0,7.54,52.37,PBKS,0.5
Manoj Kulkarni,30,India,Batter,356.0,12,5767.0,111.0,14.0,6.58,22.21,RCB,0.2
Manoj Patel,40,England,Bowler,293.0,15,3197.0,132.3,743.0,7.02,31.02,CSK,5.0
Amit Deshmukh,19,West Indies,Wicketkeeper,24.0,1,9254.0,104.8,0.0,0.0,21.41,RCB,5.0
Sameer Patel,29,England,Bowler,139.0,6,2215.0,122.2,599.0,4.63,28.65,GT,0.5
Irfan Yadav,30,Sri Lanka,Bowler,110.0,5,1442.0,147.5,274.0,4.98,38.03,PBKS,7.0
Sandeep Yadav,37,Australia,Batter,80.0,3,10223.0,97.1,13.0,8.55,32.78,GT,0.5
Rohan Yadav,20,Sri Lanka,Allrounder,58.0,2,3399.0,106.2,233.0,6.68,24.21,KKR,1.0
Nikhil Malik,42,West Indies,Batter,473.5,21,10182.0,151.4,10.0,9.05,22.76,CSK,1.0
Nikhil Verma,25,South Africa,Wicketkeeper,201.0,7,6040.0,115.9,0.0,0.0,53.54,LSG,1.5
Pranav Verma,21,India,Bowler,45.0,3,649.0,133.6,372.0,4.32,54.03,RCB,1.0
Arjun Khan,36,India,Wicketkeeper,115.0,6,7339.0,153.7,0.0,0.0,36.49,DC,2.0
Ankit Patel,30,India,Batter,289.0,12,11059.0,107.1,12.0,6.57,51.14,RCB,2.0
Amit Patel,41,South Africa,Wicketkeeper,28.0,1,7699.0,149.7,0.0,0.0,41.28,CSK,11.0
Aditya Verma,34,England,Bowler,441.0,15,1726.0,139.4,449.0,6.91,43.16,RCB,0.2
Arjun Malik,35,Australia,Bowler,80.0,5,2572.0,136.1,754.0,7.14,38.69,DC,0.5
Amit Deshmukh,27,West Indies,Allrounder,126.0,5,3086.0,139.6,309.0,5.83,36.57,KKR,0.2
Manoj Reddy,24,India,Allrounder,156.0,6,2481.0,143.1,171.0,6.03,44.38,PBKS,3.0
Amit Iyer,27,South Africa,Wicketkeeper,219.0,9,6188.0,151.2,0.0,0.0,25.79,PBKS,0.2
Irfan Patel,23,India,Bowler,77.0,5,1963.0,109.7,97.0,6.47,51.63,DC,7.0
Nikhil Sharma,32,West Indies,Batter,277.0,10,11460.0,134.4,13.0,6.35,47.69,SRH,2.0
Amit Chopra,18,India,Allrounder,23.0,1,8130.0,152.2,203.0,6.24,49.78,KKR,3.0
Nikhil Kulkarni,20,England,Bowler,23.0,1,3086.0,95.5,169.0,5.12,30.38,SRH,3.0
Harshit Naidu,34,West Indies,Bowler,118.0,7,1246.0,148.4,746.0,5.07,53.85,GT,0.5
Sandeep Khan,33,India,Allrounder,312.0,13,8076.0,123.3,197.0,5.25,39.19,DC,0.5
Amit Malik,25,England,Bowler,82.0,5,2663.0,117.6,808.0,4.35,31.1,KKR,1.0
Karthik Naidu,19,England,Wicketkeeper,15.0,1,3066.0,127.2,0.0,0.0,43.14,DC,3.0
Aditya Singh,42,South Africa,Bowler,180.0,11,2671.0,103.2,305.0,6.67,48.45,LSG,0.5
Vikas Reddy,30,Australia,Bowler,143.0,8,3981.0,148.3,339.0,6.58,35.73,MI,0.2
Ankit Shetty,33,South Africa,Batter,103.0,5,5454.0,146.9,10.0,9.13,35.34,MI,11.0
Pranav Verma,31,India,Batter,194.0,7,7332.0,151.0,7.0,7.33,45.03,GT,0.2
Rahul Naidu,31,India,Allrounder,132.0,5,7080.0,142.8,225.0,8.25,41.33,GT,7.0
Vikas Sharma,41,India,Wicketkeeper,306.0,16,8906.0,102.0,0.0,0.0,30.2,RR,7.0
Pranav Verma,18,South Africa,Wicketkeeper,24.0,1,2920.0,153.1,0.0,0.0,31.18,MI,1.0
Irfan Deshmukh,41,India,Batter,40.0,2,9755.0,137.5,6.0,6.33,45.69,PBKS,0.5
Irfan Iyer,39,West Indies,Wicketkeeper,228.0,11,11623.0,112.1,0.0,0.0,30.42,LSG,0.5
Manoj Singh,33,India,Wicketkeeper,137.0,8,6176.0,123.1,0.0,0.0,20.76,SRH,5.0
Rohan Singh,27,India,Batter,177.0,8,7465.0,114.0,0.0,8.76,49.88,MI,5.0
Manoj Malik,42,South Africa,Bowler,118.0,5,740.0,134.7,663.0,7.05,31.37,DC,7.0
Karthik Singh,25,India,Wicketkeeper,148.0,6,8559.0,126.0,0.0,0.0,35.57,RR,10.0
Pranav Malik,42,India,Allrounder,194.0,9,7882.0,145.9,196.0,6.19,36.92,SRH,5.0
Nikhil Naidu,36,England,Bowler,423.0,17,970.0,101.3,488.0,7.16,24.94,DC,0.5
Sandeep Kulkarni,39,Australia,Bowler,262.0,10,137.0,130.3,419.0,7.71,37.84,CSK,1.0
Irfan Reddy,26,West Indies,Wicketkeeper,100.0,5,2683.0,126.4,0.0,0.0,27.53,DC,7.0
Harshit Deshmukh,20,India,Wicketkeeper,56.0,2,9811.0,138.1,0.0,0.0,22.97,PBKS,0.5
Arjun Chopra,19,India,Bowler,29.0,1,257.0,129.2,441.0,6.18,52.0,DC,0.2
Rohan Kulkarni,42,India,Bowler,357.0,22,538.0,103.2,676.0,6.0,40.05,SRH,5.0
Arjun Singh,37,Australia,Bowler,448.0,15,3470.0,107.2,260.0,4.35,21.09,SRH,2.0
Nikhil Khan,26,West Indies,Bowler,15.0,1,1235.0,100.1,795.0,5.95,36.43,SRH,10.0
Aditya Deshmukh,31,West Indies,Wicketkeeper,146.0,9,11335.0,151.0,0.0,0.0,45.19,PBKS,5.0
Vikas Khan,40,India,Wicketkeeper,349.0,15,5212.0,99.6,0.0,0.0,27.85,SRH,0.2
Rahul Patel,27,Sri Lanka,Wicketkeeper,190.0,8,9972.0,135.4,0.0,0.0,51.31,DC,11.0
Ankit Khan,24,India,Batter,113.0,4,9613.0,143.7,5.0,6.12,39.66,RR,1.0
Manoj Khan,20,India,Bowler,37.0,2,3039.0,152.5,620.0,6.08,46.17,LSG,1.5
Rahul Verma,41,India,Bowler,471.0,16,308.0,116.2,662.0,7.23,39.4,CSK,2.0
Manoj Reddy,40,South Africa,Wicketkeeper,70.0,4,7590.0,131.9,0.0,0.0,31.26,MI,0.2
Nikhil Deshmukh,41,West Indies,Wicketkeeper,473.5,22,9571.0,129.2,0.0,0.0,28.28,GT,2.0
Sandeep Khan,33,West Indies,Wicketkeeper,260.0,15,5451.0,103.6,0.0,0.0,33.09,MI,0.5
Sandeep Verma,27,South Africa,Bowler,203.0,8,3994.0,150.0,645.0,6.81,36.02,LSG,2.0
Pranav Naidu,31,South Africa,Batter,227.0,8,10260.0,101.2,2.0,8.25,51.66,MI,1.5
Karthik Mehta,38,England,Allrounder,251.0,9,5897.0,141.8,229.0,6.99,47.81,RCB,7.0
Ankit Iyer,40,West Indies,Bowler,97.0,6,106.0,126.8,877.5,4.97,53.62,PBKS,7.0
Harshit Patel,37,Sri Lanka,Allrounder,135.0,7,3557.0,136.0,214.0,5.31,53.68,KKR,0.5
Karthik Malik,26,India,Allrounder,67.0,3,8674.0,146.7,201.0,6.05,52.68,MI,1.5
Rahul Chopra,34,England,Bowler,100.0,6,1821.0,108.9,174.0,6.84,31.69,MI,1.5
Irfan Sharma,37,Sri Lanka,Wicketkeeper,30.0,1,9503.0,97.1,0.0,0.0,49.1,RR,0.5
Irfan Malik,39,India,Bowler,349.0,20,3249.0,133.0,480.0,7.23,32.34,MI,7.0
Arjun Yadav,27,South Africa,Bowler,127.0,6,660.0,140.2,437.0,4.29,45.43,KKR,5.0
Ankit Yadav,28,India,Bowler,17.0,1,135.0,138.8,182.0,7.47,49.0,KKR,0.5
Aditya Reddy,23,England,Allrounder,83.0,3,2065.0,132.8,189.0,7.61,34.94,LSG,1.5
Karthik Sharma,36,India,Wicketkeeper,359.0,12,10365.0,149.1,0.0,0.0,42.78,KKR,0.2
Arjun Kulkarni,18,England,Wicketkeeper,21.0,1,5557.0,118.9,0.0,0.0,22.92,RCB,3.0
Harshit Khan,19,England,Allrounder,24.0,1,4538.0,127.6,238.0,6.02,29.65,KKR,0.5
Nikhil Chopra,24,India,Wicketkeeper,87.0,4,10701.0,108.3,0.0,0.0,38.46,GT,11.0
Pranav Malik,31,Australia,Wicketkeeper,106.0,4,7569.0,105.2,0.0,0.0,48.01,SRH,7.0
Amit Kulkarni,36,India,Batter,322.0,17,9758.0,129.4,14.0,7.7,25.16,RR,1.5
Pranav Sharma,42,India,Bowler,140.0,7,575.0,119.6,674.0,5.23,48.29,RR,3.0
Harshit Patel,27,India,Bowler,62.0,3,1830.0,108.4,348.0,6.93,41.57,MI,10.0
Amit Reddy,24,Sri Lanka,Allrounder,159.0,6,8870.0,154.3,126.0,5.85,53.32,PBKS,3.0
Sandeep Malik,19,India,Wicketkeeper,19.0,1,2803.0,128.8,0.0,0.0,44.46,MI,0.5
Aditya Mehta,24,West Indies,Bowler,99.0,5,2406.0,138.3,854.0,7.05,44.49,PBKS,1.5
Ankit Khan,37,England,Batter,49.0,2,8724.0,130.8,9.0,9.35,42.27,CSK,7.0
Manoj Chopra,33,South Africa,Batter,170.0,7,3564.0,135.2,7.0,8.97,45.65,CSK,5.0
Amit Malik,19,Australia,Batter,28.0,1,11532.0,117.3,0.0,6.82,25.16,DC,5.0
Irfan Malik,20,India,Batter,22.0,1,9820.0,122.3,0.0,7.77,54.9,SRH,10.0
Vikas Iyer,29,India,Allrounder,135.0,8,8954.0,142.2,216.0,7.14,31.69,MI,10.0
Nikhil Patel,26,India,Bowler,166.0,6,1552.0,131.9,716.0,7.16,44.39,LSG,10.0
Vikas Reddy,39,India,Batter,45.0,2,13542.0,127.9,13.0,7.03,42.19,SRH,0.2
Amit Khan,28,Australia,Bowler,288.0,10,2598.0,149.9,288.0,6.24,51.44,DC,3.0
Sameer Khan,30,South Africa,Batter,15.0,1,4759.0,135.0,2.0,9.4,54.02,MI,5.0
Amit Mehta,28,Australia,Wicketkeeper,73.0,4,7405.0,144.9,0.0,0.0,29.48,RR,5.0
Pranav Verma,29,Sri Lanka,Bowler,218.0,11,516.0,109.3,140.0,5.62,20.15,PBKS,3.0
Rahul Singh,18,England,Batter,21.0,1,13333.0,95.2,0.0,6.66,45.19,KKR,0.5
Harshit Shetty,29,South Africa,Bowler,107.0,4,707.0,113.8,395.0,5.62,46.66,DC,7.0
Irfan Shetty,39,Sri Lanka,Batter,292.0,18,7337.0,153.5,13.0,8.91,42.47,SRH,5.0
Ankit Patel,26,India,Allrounder,110.0,6,7377.0,113.3,184.0,6.62,27.78,RR,0.2
Harshit Shetty,19,India,Wicketkeeper,17.0,1,11769.0,107.8,0.0,0.0,34.32,SRH,2.0
Nikhil Patel,24,India,Bowler,77.0,3,2637.0,95.1,874.0,7.77,26.9,CSK,0.5
Irfan Shetty,36,Sri Lanka,Wicketkeeper,73.0,3,2935.0,106.3,0.0,0.0,45.1,RR,1.5
Rahul Chopra,37,West Indies,Bowler,276.0,12,2173.0,122.4,813.0,5.34,25.2,DC,0.2
Nikhil Verma,19,India,Bowler,16.0,1,3247.0,101.2,607.0,5.54,38.66,RCB,2.0
Ankit Shetty,39,England,Bowler,473.5,17,2105.0,142.4,877.5,4.37,39.83,GT,3.0
Vikas Naidu,24,India,Batter,132.0,5,10724.0,120.1,6.0,8.53,33.35,CSK,3.0
Amit Singh,42,West Indies,Bowler,71.0,3,2321.0,126.4,737.0,4.37,38.01,GT,5.0
Vikas Deshmukh,40,Sri Lanka,Allrounder,214.0,10,5763.0,139.4,274.0,6.64,49.14,CSK,7.0
Rohan Sharma,35,England,Bowler,89.0,3,2678.0,103.6,200.0,6.85,41.77,PBKS,0.5
Amit Deshmukh,26,West Indies,Allrounder,18.0,1,3488.0,136.7,403.0,5.28,33.36,MI,0.5
Karthik Khan,40,India,Batter,204.0,13,7524.0,146.7,11.0,6.46,41.49,CSK,7.0
Pranav Yadav,27,West Indies,Bowler,59.0,2,424.0,96.8,88.0,5.35,38.81,SRH,0.5
Pranav Singh,41,England,Allrounder,452.0,19,8742.0,130.8,167.0,8.23,54.01,RCB,11.0
Sandeep Singh,40,South Africa,Wicketkeeper,325.0,19,6949.0,103.2,0.0,0.0,39.89,DC,7.0
Pranav Deshmukh,26,West Indies,Bowler,44.0,2,250.0,126.5,144.0,7.03,23.19,PBKS,2.0
Rahul Singh,19,Australia,Bowler,18.0,1,2032.0,131.7,521.0,6.21,45.5,RCB,11.0
Sameer Malik,21,West Indies,Batter,22.0,1,5581.0,141.2,8.0,8.66,43.22,SRH,0.2
Nikhil Reddy,42,India,Batter,473.5,22,4251.0,119.3,4.0,6.76,47.16,DC,1.0
Aditya Mehta,21,West Indies,Wicketkeeper,32.0,2,3488.0,152.2,0.0,0.0,22.76,SRH,3.0
Sandeep Deshmukh,18,India,Batter,15.0,1,5008.0,113.8,13.0,7.87,27.89,KKR,1.5
Ankit Singh,32,Sri Lanka,Wicketkeeper,212.0,10,5559.0,125.3,0.0,0.0,41.21,RR,10.0
Manoj Chopra,25,India,Bowler,112.0,5,986.0,141.8,394.0,4.04,48.7,SRH,0.2
Sandeep Shetty,27,India,Bowler,200.0,7,1993.0,105.8,350.0,7.67,40.81,GT,3.0
Ankit Yadav,39,India,Batter,473.5,20,14962.0,115.1,11.0,7.49,39.8,GT,3.0
Arjun Kulkarni,18,South Africa,Bowler,22.0,1,1627.0,96.4,236.0,6.97,53.93,MI,5.0
Sandeep Patel,28,West Indies,Wicketkeeper,182.0,8,5531.0,143.6,0.0,0.0,46.29,CSK,1.0
Amit Malik,32,India,Batter,119.0,5,10545.0,118.3,2.0,8.66,46.31,DC,1.5
Rahul Chopra,29,England,Allrounder,137.0,6,2871.0,148.9,358.0,6.35,26.2,SRH,7.0
Pranav Singh,31,India,Bowler,87.0,5,1982.0,128.1,283.0,5.11,31.17,RCB,0.5
Rohan Shetty,22,Sri Lanka,Bowler,86.0,3,2744.0,124.5,255.0,5.61,49.97,GT,7.0
Pranav Iyer,36,India,Batter,308.0,18,13543.0,116.7,14.0,7.83,28.67,CSK,3.0
Harshit Patel,23,Australia,Allrounder,69.0,4,1768.0,125.9,199.0,6.43,46.11,KKR,7.0
Arjun Shetty,38,India,Wicketkeeper,192.0,11,7267.0,102.3,0.0,0.0,27.76,MI,5.0
Aditya Singh,29,India,Bowler,132.0,7,247.0,116.6,221.0,5.44,33.71,KKR,0.5
Amit Sharma,26,India,Bowler,36.0,2,269.0,114.4,368.0,7.02,37.57,MI,3.0
Sandeep Patel,31,India,Allrounder,134.0,5,6760.0,108.9,284.0,7.18,45.15,SRH,10.0
Ankit Kulkarni,34,India,Allrounder,19.0,1,8803.0,121.8,284.0,6.91,48.34,PBKS,2.0
Manoj Sharma,33,Sri Lanka,Bowler,27.0,1,2551.0,148.0,746.0,4.93,39.64,SRH,11.0
Aditya Iyer,33,South Africa,Wicketkeeper,261.0,10,7508.0,131.6,0.0,0.0,50.63,DC,2.0
Ankit Sharma,20,South Africa,Bowler,24.0,1,2531.0,131.1,717.0,7.11,46.36,LSG,0.5
Aditya Naidu,30,India,Bowler,147.0,8,2313.0,127.8,500.0,5.65,22.17,RR,1.5
Karthik Patel,34,Australia,Batter,30.0,1,8147.0,144.8,1.0,6.31,22.09,MI,11.0
Sandeep Sharma,39,India,Bowler,216.0,12,3622.0,142.7,877.5,4.64,20.04,MI,1.0
Aditya Verma,33,India,Batter,389.0,14,9051.0,130.0,7.0,6.99,40.84,RCB,10.0
Vikas Shetty,25,India,Bowler,128.0,6,951.0,125.4,297.0,6.95,37.83,GT,10.0
Manoj Reddy,21,Sri Lanka,Batter,39.0,2,14111.0,124.9,9.0,8.54,41.3,PBKS,1.5
Amit Naidu,31,India,Wicketkeeper,284.0,10,7914.0,148.9,0.0,0.0,34.05,MI,0.2
Ankit Naidu,20,Sri Lanka,Batter,19.0,1,6930.0,95.2,1.0,7.35,41.47,GT,5.0
Ankit Kulkarni,24,West Indies,Batter,85.0,4,3171.0,125.2,5.0,6.1,48.15,DC,1.0
Vikas Reddy,30,Australia,Bowler,118.0,5,3264.0,111.2,601.0,6.09,47.52,RCB,7.0
Aditya Mehta,35,Sri Lanka,Wicketkeeper,167.0,10,7106.0,111.2,0.0,0.0,45.66,KKR,2.0
Ankit Malik,32,West Indies,Wicketkeeper,170.0,11,8348.0,131.6,0.0,0.0,25.95,CSK,2.0
Rahul Khan,38,West Indies,Batter,291.0,15,13356.0,107.0,9.0,9.17,54.64,LSG,7.0
Sandeep Deshmukh,26,Australia,Batter,23.0,1,5785.0,110.8,8.0,6.03,27.0,LSG,1.5
Nikhil Malik,27,South Africa,Wicketkeeper,84.0,4,9508.0,95.8,0.0,0.0,45.63,KKR,2.0
Arjun Shetty,19,Sri Lanka,Allrounder,18.0,1,2479.0,142.5,315.0,7.43,28.98,RR,1.5
Rahul Chopra,34,Sri Lanka,Wicketkeeper,90.0,3,9717.0,121.7,0.0,0.0,43.07,RCB,1.5
Irfan Naidu,38,Australia,Allrounder,195.0,8,4921.0,136.8,264.0,6.54,42.19,LSG,3.0
Aditya Iyer,34,India,Allrounder,212.0,10,6761.0,141.9,364.0,5.4,45.22,LSG,7.0
Ankit Reddy,38,England,Batter,114.0,4,7667.0,104.3,3.0,8.3,29.38,LSG,1.5
Pranav Shetty,24,England,Allrounder,87.0,3,5089.0,111.8,345.0,6.38,27.97,DC,3.0
Aditya Naidu,32,India,Batter,286.0,11,10241.0,133.3,1.0,8.82,39.79,PBKS,5.0
Vikas Sharma,27,India,Allrounder,152.0,6,3104.0,150.1,93.0,5.79,26.69,CSK,1.0
Sandeep Naidu,42,England,Batter,179.0,9,4776.0,153.0,5.0,8.78,45.45,RCB,1.0
Manoj Naidu,36,Australia,Allrounder,296.0,18,4504.0,134.1,227.0,8.48,27.61,RCB,10.0
Irfan Malik,28,Sri Lanka,Allrounder,75.0,3,3865.0,114.5,364.0,5.71,20.25,MI,5.0
Ankit Iyer,35,Australia,Wicketkeeper,219.0,12,6918.0,135.9,0.0,0.0,29.4,RR,3.0
Sandeep Chopra,24,India,Allrounder,61.0,4,3014.0,116.6,105.0,7.85,36.8,RCB,5.0
Amit Reddy,19,South Africa,Batter,16.0,1,10497.0,109.5,5.0,9.38,45.24,SRH,0.2
Aditya Sharma,30,Australia,Bowler,155.0,6,1889.0,108.3,509.0,6.87,37.53,MI,3.0
Vikas Naidu,19,England,Wicketkeeper,16.0,1,3400.0,116.0,0.0,0.0,47.02,RCB,2.0
Rahul Deshmukh,36,England,Bowler,169.0,8,2951.0,123.6,717.0,6.37,47.28,PBKS,3.0
Ankit Deshmukh,24,South Africa,Batter,53.0,2,8691.0,140.2,1.0,6.82,50.29,CSK,1.5
Sameer Kulkarni,30,England,Wicketkeeper,288.0,10,11017.0,147.7,0.0,0.0,47.43,MI,0.2
Sandeep Yadav,26,Australia,Allrounder,149.0,5,8929.0,153.9,175.0,6.43,33.29,RR,0.5
Harshit Sharma,20,India,Batter,27.0,1,11055.0,104.7,12.0,8.24,54.32,RCB,11.0
Amit Shetty,41,India,Allrounder,37.0,2,3027.0,140.2,89.0,7.46,22.3,RR,2.0
Ankit Patel,29,South Africa,Wicketkeeper,45.0,2,5429.0,140.8,0.0,0.0,47.12,PBKS,2.0
Ankit Chopra,36,England,Batter,269.0,14,4320.0,112.5,8.0,8.35,37.14,RR,0.2
Sameer Iyer,39,India,Allrounder,168.0,7,8273.0,123.3,63.0,5.39,28.53,RCB,0.2
Harshit Kulkarni,27,Sri Lanka,Batter,89.0,4,5758.0,104.8,5.0,7.22,28.05,CSK,5.0
Nikhil Khan,22,England,Allrounder,118.0,4,5650.0,150.2,330.0,5.27,38.56,PBKS,3.0
Karthik Khan,24,India,Wicketkeeper,159.0,6,9012.0,118.8,0.0,0.0,38.73,SRH,2.0
Harshit Reddy,19,West Indies,Wicketkeeper,29.0,1,5996.0,132.7,0.0,0.0,52.27,LSG,1.0
Rahul Patel,34,India,Batter,50.0,2,8735.0,112.7,5.0,6.63,54.15,KKR,5.0
Vikas Chopra,39,England,Bowler,369.0,19,605.0,96.4,295.0,5.41,25.17,KKR,0.5
Amit Verma,32,West Indies,Allrounder,222.0,8,1745.0,154.4,243.0,5.09,29.76,SRH,0.5
Rohan Verma,38,South Africa,Bowler,190.0,8,1025.0,154.8,499.0,7.51,40.99,GT,2.0
Sameer Khan,19,South Africa,Batter,18.0,1,9488.0,99.9,11.0,6.12,36.86,RCB,1.0
Karthik Mehta,28,India,Bowler,150.0,5,2338.0,131.4,560.0,5.54,35.36,KKR,1.0
Sameer Khan,19,South Africa,Batter,17.0,1,9316.0,127.1,1.0,9.27,44.28,SRH,5.0
Rahul Sharma,27,South Africa,Wicketkeeper,204.0,8,8508.0,148.8,0.0,0.0,25.14,RCB,5.0
Nikhil Deshmukh,26,Australia,Batter,100.0,5,11016.0,101.4,14.0,6.8,24.89,CSK,7.0
Karthik Khan,19,England,Wicketkeeper,15.0,1,5868.0,125.8,0.0,0.0,31.24,CSK,2.0
Vikas Naidu,28,Australia,Bowler,155.0,7,2734.0,153.9,354.0,5.61,25.48,RCB,0.2
Amit Verma,42,England,Wicketkeeper,187.0,11,3893.0,127.4,0.0,0.0,23.46,GT,1.0
Ankit Shetty,36,India,Wicketkeeper,35.0,2,5549.0,114.1,0.0,0.0,38.46,RR,11.0
Nikhil Patel,39,India,Wicketkeeper,320.0,13,10834.0,151.8,0.0,0.0,33.69,MI,3.0
Ankit Mehta,28,Sri Lanka,Bowler,35.0,2,3262.0,118.3,675.0,4.25,25.1,RCB,5.0
Sandeep Shetty,20,India,Allrounder,58.0,2,8447.0,132.1,350.0,5.8,22.36,RCB,0.2
Arjun Verma,22,West Indies,Bowler,73.0,3,1353.0,131.6,877.5,5.77,34.77,MI,2.0
Rahul Naidu,33,England,Wicketkeeper,398.0,15,10439.0,96.1,0.0,0.0,54.49,RR,0.2
Irfan Khan,23,West Indies,Allrounder,58.0,2,8203.0,141.7,306.0,6.28,31.4,DC,3.0
Amit Naidu,25,West Indies,Wicketkeeper,73.0,4,6348.0,123.5,0.0,0.0,33.6,PBKS,10.0
Arjun Yadav,39,Sri Lanka,Batter,280.0,10,6574.0,96.3,12.0,7.2,32.6,KKR,11.0
Irfan Kulkarni,38,India,Allrounder,114.0,4,4687.0,136.4,252.0,8.11,25.09,PBKS,3.0
Pranav Chopra,34,West Indies,Wicketkeeper,200.0,13,10386.0,130.5,0.0,0.0,51.23,CSK,2.0
Ankit Yadav,36,India,Wicketkeeper,192.0,12,5554.0,137.0,0.0,0.0,25.2,CSK,11.0
Amit Mehta,22,South Africa,Allrounder,102.0,4,8170.0,113.1,48.0,8.04,35.89,KKR,5.0
Nikhil Iyer,26,India,Batter,150.0,8,6639.0,146.0,14.0,7.84,52.61,GT,0.2
Pranav Patel,20,Sri Lanka,Bowler,39.0,2,1841.0,95.5,260.0,7.53,52.27,KKR,2.0
Nikhil Iyer,33,South Africa,Bowler,395.0,14,2881.0,110.9,595.0,4.21,38.02,RCB,1.0
Rohan Iyer,37,South Africa,Allrounder,167.0,9,6503.0,131.3,166.0,6.68,36.78,LSG,2.0
Aditya Mehta,41,India,Wicketkeeper,138.0,8,7568.0,151.1,0.0,0.0,28.42,GT,2.0
Harshit Khan,18,India,Bowler,26.0,1,2505.0,150.2,594.0,5.04,22.69,GT,3.0
Sameer Patel,21,India,Wicketkeeper,82.0,3,10793.0,131.6,0.0,0.0,43.86,GT,1.5
Rohan Sharma,42,India,Batter,22.0,1,9455.0,136.7,5.0,7.77,26.05,PBKS,0.5
Harshit Verma,32,India,Allrounder,56.0,3,5464.0,103.4,224.0,7.98,34.03,DC,2.0
Manoj Naidu,37,India,Bowler,258.0,9,735.0,127.7,269.0,4.29,43.44,KKR,7.0
Ankit Yadav,22,England,Allrounder,16.0,1,7866.0,139.4,89.0,8.29,38.94,RCB,5.0
Harshit Malik,30,Sri Lanka,Bowler,214.0,10,1480.0,123.7,178.0,7.54,39.64,RCB,1.5
Irfan Deshmukh,20,South Africa,Allrounder,30.0,2,5978.0,119.6,244.0,7.09,49.35,MI,10.0
Sameer Patel,23,India,Allrounder,82.0,3,4983.0,128.3,258.0,5.65,45.28,KKR,10.0
Irfan Naidu,41,India,Allrounder,27.0,1,4736.0,148.0,420.0,8.16,37.81,DC,0.5
Pranav Patel,27,India,Batter,147.0,8,5205.0,118.7,0.0,8.25,36.39,GT,0.2
Aditya Mehta,32,India,Bowler,79.0,3,1077.0,150.8,489.0,7.44,51.34,MI,5.0
Harshit Reddy,28,South Africa,Batter,164.0,6,14387.0,146.0,10.0,6.48,53.19,KKR,7.0
Sameer Deshmukh,20,England,Wicketkeeper,41.0,2,3732.0,116.7,0.0,0.0,38.15,RR,11.0
Nikhil Naidu,37,India,Wicketkeeper,384.0,13,5511.0,141.7,0.0,0.0,39.67,RR,10.0
Rohan Verma,22,England,Wicketkeeper,51.0,2,4206.0,154.6,0.0,0.0,35.95,PBKS,3.0
Pranav Sharma,27,India,Wicketkeeper,116.0,4,6627.0,137.8,0.0,0.0,47.74,SRH,3.0
Irfan Reddy,22,South Africa,Batter,57.0,3,4960.0,146.4,15.0,7.73,39.12,RCB,0.2
Aditya Khan,32,India,Allrounder,143.0,8,2688.0,101.5,90.0,6.44,33.77,SRH,1.0
Pranav Patel,23,Sri Lanka,Bowler,57.0,3,3986.0,150.3,605.0,6.79,28.81,PBKS,2.0
Rohan Naidu,20,India,Bowler,29.0,1,1338.0,104.2,183.0,5.35,44.18,KKR,3.0
Arjun Yadav,19,England,Allrounder,15.0,1,5646.0,133.5,416.0,8.36,41.6,GT,3.0
Karthik Patel,24,Australia,Bowler,40.0,2,848.0,100.3,833.0,6.1,45.53,CSK,5.0
Ankit Kulkarni,28,India,Bowler,51.0,2,2903.0,134.7,381.0,6.29,51.46,RR,1.0
Rahul Mehta,25,South Africa,Wicketkeeper,22.0,1,5704.0,142.0,0.0,0.0,47.33,MI,3.0
Karthik Kulkarni,42,England,Allrounder,246.0,12,8588.0,154.4,148.0,8.25,40.34,MI,0.2
Ankit Verma,25,Sri Lanka,Bowler,142.0,6,2230.0,122.5,665.0,4.41,47.57,MI,2.0
Manoj Khan,22,India,Batter,48.0,2,13567.0,98.4,8.0,6.1,22.35,GT,5.0
Sandeep Khan,28,Australia,Batter,223.0,9,10550.0,125.1,3.0,8.56,32.91,GT,5.0
Nikhil Kulkarni,39,West Indies,Wicketkeeper,313.0,18,9499.0,101.3,0.0,0.0,45.63,MI,11.0
Rohan Mehta,41,India,Allrounder,103.0,6,3977.0,110.9,204.0,6.12,42.83,PBKS,1.0
Ankit Patel,25,India,Wicketkeeper,156.0,6,9604.0,128.5,0.0,0.0,32.68,KKR,2.0
Karthik Deshmukh,21,South Africa,Wicketkeeper,17.0,1,9562.0,133.5,0.0,0.0,29.49,SRH,1.5
Ankit Verma,21,India,Batter,44.0,2,14173.0,108.8,0.0,8.78,25.56,KKR,2.0
Manoj Naidu,33,India,Bowler,322.0,13,2870.0,137.5,345.0,6.97,26.39,MI,7.0
Nikhil Shetty,33,India,Wicketkeeper,17.0,1,5352.0,102.0,0.0,0.0,49.34,DC,5.0
Irfan Sharma,21,Sri Lanka,Allrounder,34.0,2,6366.0,114.6,258.0,7.72,43.04,RR,10.0
Rohan Patel,32,South Africa,Batter,55.0,3,13041.0,125.4,6.0,6.43,20.66,GT,0.5
Sameer Naidu,20,Sri Lanka,Wicketkeeper,25.0,1,11645.0,118.5,0.0,0.0,22.62,GT,10.0
Karthik Verma,30,India,Allrounder,335.0,12,8222.0,120.3,113.0,6.66,35.55,CSK,0.2
Vikas Khan,38,Sri Lanka,Allrounder,265.0,12,4172.0,116.7,449.0,5.16,46.48,MI,10.0
Irfan Patel,18,India,Wicketkeeper,24.0,1,6333.0,117.1,0.0,0.0,45.03,RR,1.5
Vikas Mehta,35,India,Batter,231.0,9,10811.0,120.4,10.0,7.29,39.74,LSG,1.0
Manoj Malik,27,India,Wicketkeeper,164.0,6,7321.0,152.0,0.0,0.0,23.81,PBKS,2.0
Ankit Khan,20,England,Bowler,42.0,2,805.0,131.5,498.0,4.13,53.22,CSK,11.0
Arjun Singh,39,India,Bowler,46.0,2,3095.0,124.0,615.0,7.76,36.38,DC,0.2
Vikas Iyer,23,South Africa,Batter,45.0,2,11384.0,128.3,6.0,8.26,42.19,PBKS,1.5
Arjun Deshmukh,27,India,Allrounder,115.0,4,6468.0,139.8,277.0,8.06,37.39,DC,7.0
Vikas Chopra,42,West Indies,Wicketkeeper,325.0,15,11930.0,122.7,0.0,0.0,42.39,DC,1.5
Aditya Kulkarni,22,India,Allrounder,45.0,2,7171.0,122.5,248.0,6.59,20.57,SRH,0.5
Sandeep Chopra,24,India,Wicketkeeper,64.0,4,10060.0,105.4,0.0,0.0,37.1,LSG,2.0
Irfan Yadav,21,England,Allrounder,41.0,2,3099.0,111.7,350.0,7.88,38.29,DC,1.5
Manoj Kulkarni,26,West Indies,Batter,168.0,6,8519.0,101.3,4.0,7.21,53.54,PBKS,10.0
Vikas Shetty,37,Sri Lanka,Wicketkeeper,173.0,9,11028.0,146.3,0.0,0.0,22.75,CSK,7.0
Rahul Naidu,28,India,Allrounder,179.0,6,8322.0,115.9,433.0,7.52,54.82,PBKS,2.0
Rahul Verma,37,India,Bowler,217.0,10,650.0,109.3,152.0,5.15,39.88,PBKS,11.0
Aditya Malik,29,South Africa,Allrounder,134.0,5,8402.0,106.6,239.0,7.92,44.83,CSK,2.0
Arjun Singh,22,Australia,Bowler,47.0,3,1266.0,150.1,103.0,4.23,22.84,LSG,0.2
Aditya Kulkarni,42,Sri Lanka,Bowler,185.0,12,823.0,124.4,457.0,7.47,35.68,LSG,1.0
Manoj Khan,26,India,Wicketkeeper,177.0,8,9734.0,153.4,0.0,0.0,54.66,KKR,2.0
Rahul Kulkarni,36,India,Allrounder,341.0,16,7267.0,102.6,375.0,7.28,37.72,CSK,0.5
Amit Naidu,29,India,Allrounder,38.0,2,8092.0,125.9,248.0,6.85,39.93,RCB,11.0
Rohan Patel,21,Sri Lanka,Batter,31.0,2,11411.0,137.7,4.0,6.07,44.93,MI,7.0
Amit Mehta,36,England,Bowler,86.0,5,3100.0,129.2,796.0,4.44,39.89,RCB,1.0
Amit Iyer,24,England,Batter,80.0,5,4048.0,100.1,2.0,8.39,41.93,PBKS,3.0
Sameer Kulkarni,27,India,Allrounder,198.0,8,6187.0,125.4,68.0,5.98,47.07,LSG,5.0
Ankit Iyer,40,Sri Lanka,Allrounder,309.0,12,3038.0,102.1,395.0,7.47,40.69,KKR,11.0
Nikhil Khan,37,England,Allrounder,30.0,1,7252.0,104.4,434.0,8.39,49.85,LSG,10.0
Sameer Chopra,27,Australia,Wicketkeeper,107.0,6,8761.0,137.2,0.0,0.0,47.09,SRH,2.0
Irfan Yadav,25,West Indies,Bowler,58.0,2,1259.0,112.3,827.0,5.07,51.71,GT,7.0
Nikhil Khan,31,India,Batter,127.0,6,12198.0,98.8,6.0,7.26,41.02,CSK,3.0
Rahul Yadav,19,India,Allrounder,28.0,1,8009.0,142.8,65.0,5.44,42.46,CSK,3.0
Pranav Malik,30,India,Allrounder,216.0,11,4499.0,142.1,367.0,8.06,23.92,SRH,0.2
Irfan Verma,41,Sri Lanka,Bowler,473.5,19,3028.0,141.5,720.0,5.45,34.61,MI,0.5
Aditya Kulkarni,24,India,Allrounder,60.0,2,7710.0,139.1,400.0,8.4,20.54,KKR,3.0
Irfan Patel,32,India,Bowler,32.0,2,3280.0,101.0,472.0,7.34,24.92,GT,1.0
Pranav Yadav,39,India,Wicketkeeper,22.0,1,3598.0,139.1,0.0,0.0,50.27,PBKS,0.2
Pranav Kulkarni,34,India,Wicketkeeper,367.0,13,3891.0,127.2,0.0,0.0,30.12,GT,5.0
Sandeep Khan,39,West Indies,Batter,22.0,1,9539.0,115.6,15.0,7.23,31.43,KKR,0.2
Karthik Mehta,18,India,Allrounder,26.0,1,4965.0,131.5,198.0,5.85,51.51,DC,3.0
Nikhil Kulkarni,26,England,Batter,39.0,2,10395.0,106.2,5.0,7.07,49.35,KKR,3.0
Nikhil Mehta,34,India,Bowler,273.0,13,3306.0,150.9,97.0,6.82,25.79,RR,11.0
Arjun Deshmukh,39,India,Bowler,97.0,6,923.0,127.5,152.0,4.55,41.51,SRH,2.0
Nikhil Patel,33,England,Allrounder,167.0,11,6474.0,130.9,62.0,6.68,26.31,SRH,0.2
Nikhil Kulkarni,37,Sri Lanka,Bowler,19.0,1,2134.0,134.5,465.0,5.82,35.14,DC,3.0
Vikas Mehta,37,India,Allrounder,169.0,8,8464.0,122.1,407.0,7.38,31.68,MI,7.0
Vikas Khan,33,India,Bowler,88.0,4,1572.0,119.7,407.0,5.15,20.81,GT,11.0
Irfan Iyer,24,South Africa,Batter,70.0,3,11538.0,145.7,5.0,8.34,32.41,SRH,2.0
Arjun Singh,25,India,Allrounder,78.0,5,2101.0,154.2,40.0,5.16,29.23,DC,1.5
Pranav Verma,39,Australia,Allrounder,95.0,4,8456.0,117.2,198.0,5.44,45.85,SRH,10.0
Amit Naidu,33,India,Bowler,243.0,10,429.0,129.5,877.5,5.12,34.54,SRH,0.5
Amit Yadav,41,India,Wicketkeeper,397.0,22,9906.0,102.1,0.0,0.0,31.56,RCB,3.0
Sandeep Singh,32,West Indies,Batter,120.0,6,12407.0,131.7,2.0,8.54,24.19,SRH,2.0
Amit Deshmukh,18,India,Bowler,16.0,1,940.0,133.4,735.0,4.62,48.47,SRH,0.2
Amit Iyer,33,Sri Lanka,Batter,56.0,3,12755.0,130.7,10.0,7.22,25.97,PBKS,1.5
Sameer Patel,32,South Africa,Allrounder,117.0,6,5295.0,96.2,68.0,6.09,46.89,RCB,1.0
Harshit Mehta,38,India,Wicketkeeper,36.0,2,2878.0,119.1,0.0,0.0,48.56,RR,5.0
Rahul Naidu,23,South Africa,Allrounder,43.0,2,8345.0,144.7,312.0,7.48,30.0,RR,11.0
Sameer Iyer,37,Australia,Batter,143.0,6,5627.0,153.3,3.0,6.65,45.11,LSG,1.0
Ankit Mehta,24,West Indies,Allrounder,35.0,2,6734.0,95.8,358.0,7.92,32.41,DC,7.0
Manoj Iyer,29,India,Allrounder,181.0,7,7442.0,99.7,206.0,7.6,39.86,MI,0.2
Irfan Verma,37,Australia,Allrounder,45.0,2,4485.0,96.1,146.0,6.5,28.26,MI,3.0
Irfan Yadav,42,West Indies,Wicketkeeper,406.0,15,5373.0,112.1,0.0,0.0,23.92,LSG,0.2
Harshit Chopra,29,West Indies,Allrounder,159.0,7,8952.0,109.5,199.0,7.21,29.72,DC,10.0
Nikhil Singh,33,Sri Lanka,Wicketkeeper,167.0,7,2573.0,148.9,0.0,0.0,36.35,DC,7.0
Irfan Singh,28,South Africa,Wicketkeeper,44.0,2,9275.0,118.5,0.0,0.0,45.34,CSK,5.0
Rahul Singh,26,India,Batter,130.0,6,13096.0,96.5,4.0,9.18,35.69,PBKS,7.0
Amit Verma,28,South Africa,Wicketkeeper,138.0,7,8691.0,131.6,0.0,0.0,31.15,RCB,5.0
Amit Malik,37,India,Allrounder,441.0,16,7862.0,153.3,193.0,7.7,53.02,GT,11.0
Irfan Sharma,40,India,Wicketkeeper,324.0,13,5507.0,111.0,0.0,0.0,27.92,RR,5.0
Aditya Verma,34,South Africa,Batter,216.0,12,10613.0,122.5,10.0,9.35,27.29,MI,10.0
Pranav Mehta,18,India,Batter,25.0,1,5863.0,112.1,3.0,8.47,29.35,RCB,2.0
Sandeep Mehta,23,Australia,Batter,52.0,2,9262.0,104.7,4.0,9.08,22.25,SRH,0.2
Ankit Deshmukh,33,Australia,Bowler,170.0,7,1900.0,131.4,349.0,5.02,24.31,MI,3.0
Ankit Kulkarni,36,India,Batter,412.0,16,12787.0,132.6,10.0,7.65,49.71,MI,0.5
Aditya Chopra,26,India,Bowler,170.0,6,3545.0,144.0,312.0,4.87,28.22,DC,3.0
Nikhil Mehta,28,India,Allrounder,245.0,9,6336.0,120.8,217.0,7.37,24.01,PBKS,2.0
Sandeep Iyer,25,Sri Lanka,Allrounder,86.0,3,7066.0,108.1,204.0,7.5,26.18,GT,3.0
Nikhil Deshmukh,20,India,Batter,17.0,1,11135.0,134.2,9.0,7.25,28.19,CSK,0.2
Vikas Shetty,42,India,Wicketkeeper,325.0,19,7204.0,106.0,0.0,0.0,20.35,MI,0.5
Vikas Reddy,37,West Indies,Bowler,366.0,14,2940.0,120.7,178.0,5.79,28.19,CSK,2.0
Rohan Kulkarni,19,South Africa,Batter,18.0,1,13132.0,120.8,14.0,6.19,47.59,DC,11.0
Amit Malik,38,Sri Lanka,Batter,228.0,9,11516.0,146.6,6.0,8.5,20.34,DC,1.5
Nikhil Deshmukh,26,India,Allrounder,86.0,5,1634.0,115.5,406.0,8.38,54.66,SRH,2.0
Pranav Chopra,27,India,Batter,77.0,3,6063.0,123.3,13.0,6.88,32.39,SRH,5.0
Irfan Naidu,28,Sri Lanka,Batter,97.0,5,8315.0,145.5,10.0,7.25,46.12,GT,3.0
Rahul Singh,19,India,Allrounder,21.0,1,5251.0,131.8,229.0,8.47,36.21,MI,1.0
Amit Malik,32,South Africa,Wicketkeeper,363.0,13,2985.0,100.4,0.0,0.0,54.88,LSG,2.0
Sameer Kulkarni,39,Australia,Batter,223.0,13,6461.0,137.0,11.0,7.93,34.24,RR,0.5
Harshit Malik,21,India,Allrounder,27.0,1,8445.0,151.6,347.0,6.92,25.82,GT,11.0
Arjun Iyer,28,Sri Lanka,Allrounder,97.0,6,7178.0,104.1,249.0,6.02,47.73,LSG,0.5
Manoj Mehta,36,England,Bowler,124.0,5,2307.0,99.9,768.0,4.24,30.45,MI,1.5
Manoj Khan,39,West Indies,Batter,180.0,9,11148.0,119.4,13.0,7.8,21.57,CSK,0.2
Sandeep Deshmukh,21,England,Batter,17.0,1,13781.0,152.2,4.0,9.35,29.78,KKR,1.0
Nikhil Deshmukh,18,India,Allrounder,25.0,1,7898.0,129.7,280.0,7.56,28.31,RR,7.0
Nikhil Verma,24,West Indies,Allrounder,134.0,6,6700.0,124.5,378.0,5.92,34.67,KKR,0.5
Karthik Singh,31,West Indies,Bowler,104.0,4,2953.0,143.5,355.0,5.11,36.85,PBKS,0.2
Aditya Chopra,36,West Indies,Bowler,76.0,3,3566.0,106.4,82.0,6.49,38.67,LSG,2.0
Pranav Shetty,21,India,Batter,59.0,3,6828.0,126.6,15.0,7.11,47.33,MI,0.2
Vikas Yadav,37,Australia,Bowler,225.0,11,681.0,116.3,362.0,6.92,44.3,MI,0.2
Pranav Naidu,20,India,Batter,45.0,2,11244.0,132.5,15.0,9.29,25.19,MI,7.0
Vikas Yadav,42,Sri Lanka,Wicketkeeper,320.0,20,10899.0,135.8,0.0,0.0,23.67,GT,7.0
Pranav Iyer,41,India,Bowler,77.0,3,3843.0,126.0,225.0,7.31,33.48,RCB,10.0
Rohan Chopra,23,India,Allrounder,25.0,1,2419.0,117.8,349.0,5.2,51.61,SRH,7.0
Manoj Khan,33,England,Batter,256.0,9,4825.0,123.5,1.0,6.07,52.59,SRH,5.0
Nikhil Mehta,27,India,Allrounder,90.0,3,7904.0,120.7,483.0,6.38,40.25,CSK,0.2
Sandeep Iyer,38,India,Allrounder,153.0,6,1858.0,105.1,401.0,6.62,20.65,SRH,7.0
Irfan Kulkarni,21,India,Bowler,76.0,3,2016.0,150.2,772.0,6.32,23.72,MI,7.0
Amit Yadav,26,England,Allrounder,107.0,4,6968.0,117.2,282.0,5.74,48.31,CSK,7.0
Aditya Shetty,36,Sri Lanka,Allrounder,118.0,6,3326.0,147.9,165.0,5.94,21.92,MI,2.0
Vikas Reddy,29,India,Batter,176.0,9,3768.0,128.6,2.0,9.29,43.06,GT,1.0
Nikhil Khan,38,South Africa,Bowler,306.0,11,1507.0,141.9,374.0,5.4,25.83,LSG,7.0
Rahul Reddy,30,India,Batter,85.0,3,3877.0,118.7,13.0,6.17,49.88,LSG,5.0
Rahul Malik,23,Australia,Bowler,15.0,1,1872.0,126.0,873.0,6.87,40.02,RCB,11.0
Rohan Deshmukh,39,India,Wicketkeeper,294.0,13,4996.0,102.8,0.0,0.0,49.42,DC,0.5
Harshit Deshmukh,36,England,Batter,80.0,5,13370.0,134.4,3.0,8.75,36.32,KKR,1.0
Rohan Khan,21,South Africa,Allrounder,25.0,1,1721.0,147.7,342.0,8.38,42.56,PBKS,0.5
Arjun Mehta,22,Australia,Allrounder,26.0,1,3724.0,132.1,382.0,6.3,40.14,PBKS,7.0
Aditya Mehta,41,India,Allrounder,465.0,19,3914.0,113.4,278.0,6.38,34.25,LSG,0.5
Karthik Verma,22,India,Allrounder,18.0,1,5168.0,120.7,468.0,7.01,29.23,SRH,0.2
Nikhil Verma,29,India,Bowler,138.0,7,3331.0,126.9,473.0,6.89,22.37,PBKS,11.0
Rohan Verma,28,South Africa,Allrounder,52.0,2,8061.0,148.1,225.0,6.29,46.43,SRH,0.2
Harshit Verma,33,India,Batter,115.0,5,5205.0,151.3,12.0,7.13,22.68,DC,7.0
Irfan Sharma,27,India,Allrounder,108.0,7,3548.0,109.7,161.0,8.36,20.32,GT,1.5
Sandeep Patel,20,India,Allrounder,37.0,2,7864.0,116.5,263.0,6.52,38.87,KKR,7.0
Ankit Verma,40,India,Wicketkeeper,409.0,20,10490.0,142.8,0.0,0.0,49.49,GT,3.0
Aditya Shetty,33,India,Bowler,166.0,8,1029.0,120.8,235.0,5.52,25.19,LSG,10.0
Sandeep Singh,23,India,Batter,78.0,3,14098.0,133.5,6.0,6.17,22.26,CSK,10.0
Rohan Naidu,26,India,Bowler,37.0,2,3992.0,127.3,546.0,6.79,26.95,RCB,0.2
Rohan Khan,22,Sri Lanka,Wicketkeeper,26.0,1,6047.0,127.4,0.0,0.0,26.4,MI,0.2
Irfan Reddy,33,India,Batter,22.0,1,12760.0,143.0,15.0,7.54,36.17,KKR,1.0
Ankit Iyer,32,India,Bowler,93.0,4,1398.0,138.4,622.0,4.57,26.54,MI,5.0
Ankit Singh,24,India,Wicketkeeper,143.0,6,6208.0,139.3,0.0,0.0,36.78,GT,10.0
Harshit Shetty,23,India,Allrounder,16.0,1,6061.0,146.1,307.0,6.59,44.8,DC,2.0
Arjun Patel,29,Australia,Batter,181.0,9,12197.0,112.8,3.0,6.12,50.48,MI,3.0
Rohan Iyer,33,South Africa,Bowler,275.0,14,777.0,127.7,285.0,4.07,45.47,CSK,0.5
Ankit Yadav,39,India,Allrounder,381.0,19,3824.0,140.6,328.0,7.18,45.4,SRH,7.0
Harshit Mehta,39,India,Batter,385.0,15,3206.0,144.3,8.0,8.42,42.6,LSG,11.0
Rohan Iyer,19,India,Bowler,16.0,1,3546.0,123.3,105.0,5.53,45.09,SRH,1.0
Vikas Patel,37,India,Wicketkeeper,59.0,3,4691.0,147.6,0.0,0.0,29.53,RR,2.0
Pranav Chopra,27,India,Batter,79.0,4,7169.0,150.8,15.0,7.2,40.25,LSG,0.2
Sameer Naidu,34,India,Batter,130.0,8,5736.0,134.8,11.0,6.63,54.68,MI,3.0
Sameer Mehta,33,India,Wicketkeeper,187.0,10,7469.0,144.4,0.0,0.0,46.1,MI,2.0
Karthik Shetty,21,Australia,Bowler,63.0,3,2668.0,147.6,718.0,4.79,38.4,RCB,0.5
Karthik Reddy,29,India,Batter,67.0,3,5348.0,114.8,6.0,9.11,22.17,PBKS,2.0
Karthik Chopra,20,England,Wicketkeeper,18.0,1,9483.0,123.6,0.0,0.0,29.44,PBKS,1.5
Sameer Patel,30,India,Batter,96.0,6,9101.0,152.4,8.0,8.5,44.18,GT,3.0
Karthik Naidu,27,India,Bowler,18.0,1,2725.0,122.2,209.0,7.37,47.01,RR,3.0
Sandeep Singh,25,England,Wicketkeeper,17.0,1,2901.0,145.6,0.0,0.0,44.88,LSG,0.2
Manoj Malik,19,West Indies,Bowler,26.0,1,1931.0,132.6,399.0,5.93,44.52,RR,7.0
Pranav Yadav,25,Australia,Wicketkeeper,132.0,5,3992.0,110.2,0.0,0.0,48.34,GT,5.0
Harshit Khan,41,West Indies,Allrounder,383.0,22,8592.0,122.9,238.0,8.33,44.54,DC,1.5
Sameer Iyer,25,India,Batter,180.0,7,4274.0,134.7,5.0,8.58,39.15,MI,0.2
Irfan Naidu,24,England,Bowler,112.0,4,463.0,121.9,175.0,7.35,22.14,RCB,5.0
Harshit Deshmukh,22,India,Bowler,19.0,1,1559.0,135.4,236.0,7.21,49.72,MI,11.0
Ankit Sharma,25,Sri Lanka,Batter,103.0,4,7830.0,96.8,5.0,6.48,52.7,RR,1.0
Irfan Iyer,39,India,Bowler,263.0,12,1152.0,143.6,877.5,4.56,48.81,PBKS,1.5
Karthik Reddy,30,India,Allrounder,145.0,6,6430.0,102.9,87.0,7.48,43.36,KKR,0.5
Sameer Mehta,27,India,Allrounder,139.0,6,4271.0,120.5,155.0,8.11,34.47,CSK,3.0
Irfan Khan,29,Sri Lanka,Bowler,95.0,5,1047.0,99.9,527.0,5.68,51.22,KKR,0.5
Aditya Malik,31,India,Wicketkeeper,172.0,8,10394.0,147.2,0.0,0.0,54.93,RCB,1.5
Rohan Kulkarni,30,India,Wicketkeeper,38.0,2,8327.0,130.1,0.0,0.0,46.29,LSG,5.0
Harshit Iyer,42,India,Bowler,176.0,11,1474.0,135.1,691.0,4.77,42.74,SRH,3.0
Ankit Verma,31,Sri Lanka,Bowler,143.0,5,215.0,144.8,464.0,7.42,52.85,PBKS,1.5
Rahul Mehta,26,India,Wicketkeeper,104.0,4,5597.0,147.1,0.0,0.0,50.4,RR,2.0
Sameer Yadav,27,India,Wicketkeeper,244.0,9,3260.0,98.8,0.0,0.0,49.61,MI,3.0
Irfan Singh,21,England,Wicketkeeper,35.0,2,4006.0,131.4,0.0,0.0,33.32,KKR,0.2
Rohan Shetty,21,Australia,Allrounder,45.0,3,2265.0,135.7,217.0,5.2,31.49,RCB,0.2
Irfan Kulkarni,18,India,Bowler,28.0,1,3431.0,135.9,641.0,5.78,51.91,LSG,10.0
Arjun Deshmukh,18,England,Allrounder,22.0,1,4999.0,122.0,173.0,7.89,33.57,DC,0.2
Ankit Shetty,28,Sri Lanka,Wicketkeeper,148.0,5,11759.0,109.4,0.0,0.0,33.03,PBKS,5.0
Rohan Iyer,42,Australia,Wicketkeeper,427.0,22,3447.0,101.7,0.0,0.0,53.99,DC,10.0
Manoj Chopra,41,Sri Lanka,Bowler,233.0,10,1653.0,102.7,607.0,6.18,32.35,RCB,1.0
Amit Shetty,26,West Indies,Allrounder,230.0,8,6750.0,127.0,487.0,6.91,21.24,LSG,1.5
Sameer Iyer,31,India,Wicketkeeper,209.0,13,10881.0,152.1,0.0,0.0,29.64,DC,3.0
Arjun Malik,21,Sri Lanka,Batter,46.0,2,14053.0,99.6,8.0,6.06,40.31,RR,10.0
Irfan Khan,29,India,Batter,51.0,2,5600.0,97.5,9.0,6.48,33.29,PBKS,11.0
Pranav Deshmukh,31,India,Batter,179.0,8,8508.0,101.7,5.0,8.18,30.97,PBKS,5.0
Amit Khan,24,India,Batter,106.0,4,13202.0,104.6,11.0,7.46,37.71,CSK,0.2
Ankit Patel,37,Sri Lanka,Bowler,284.0,13,1853.0,97.8,136.0,4.32,38.19,GT,5.0
Amit Mehta,29,South Africa,Bowler,64.0,4,906.0,100.7,780.0,4.94,34.84,KKR,2.0
Rohan Verma,38,Australia,Batter,18.0,1,13187.0,138.5,15.0,9.2,48.55,RR,2.0
Rahul Kulkarni,23,India,Allrounder,129.0,5,5539.0,153.4,207.0,8.05,46.71,CSK,0.2
Nikhil Shetty,34,India,Wicketkeeper,23.0,1,3152.0,131.5,0.0,0.0,32.79,KKR,0.5
Rahul Malik,20,India,Wicketkeeper,22.0,1,10438.0,105.9,0.0,0.0,44.03,KKR,7.0
Arjun Verma,18,Sri Lanka,Batter,16.0,1,12042.0,123.0,14.0,9.48,45.33,RR,2.0
Karthik Yadav,33,South Africa,Bowler,341.0,13,3254.0,120.9,226.0,5.88,34.36,MI,1.0
Karthik Verma,32,India,Bowler,100.0,6,176.0,117.0,96.0,5.92,46.21,RR,1.5
Karthik Verma,30,India,Wicketkeeper,317.0,11,10068.0,147.5,0.0,0.0,50.9,CSK,7.0
Sandeep Singh,19,South Africa,Bowler,17.0,1,2228.0,148.8,88.0,4.87,31.95,RR,5.0
Arjun Khan,30,India,Batter,55.0,2,10434.0,138.6,1.0,7.08,30.66,DC,1.0
Irfan Sharma,18,India,Batter,19.0,1,5301.0,117.4,4.0,6.19,45.25,MI,0.2
Aditya Reddy,41,India,Bowler,115.0,4,3866.0,132.8,708.0,5.24,43.1,GT,1.0
Irfan Deshmukh,19,India,Batter,17.0,1,11946.0,148.8,2.0,8.57,35.14,CSK,10.0
Harshit Verma,41,India,Bowler,196.0,13,3206.0,114.1,471.0,4.63,35.13,PBKS,3.0
Irfan Patel,32,India,Wicketkeeper,141.0,7,7495.0,137.8,0.0,0.0,20.46,CSK,3.0
Vikas Malik,20,West Indies,Wicketkeeper,19.0,1,4987.0,113.9,0.0,0.0,47.29,RCB,3.0
Rohan Shetty,29,England,Wicketkeeper,46.0,2,8826.0,135.3,0.0,0.0,45.61,RCB,1.5
Sandeep Patel,21,Sri Lanka,Wicketkeeper,30.0,2,5054.0,143.7,0.0,0.0,47.41,MI,7.0
Harshit Malik,28,South Africa,Allrounder,115.0,5,4177.0,121.4,58.0,7.39,54.43,PBKS,3.0
Sameer Deshmukh,23,West Indies,Bowler,87.0,3,3950.0,107.2,877.5,6.16,30.25,MI,0.2
Pranav Chopra,22,England,Allrounder,89.0,3,5322.0,150.5,216.0,7.43,26.26,CSK,0.5
Sameer Iyer,37,India,Batter,229.0,11,13663.0,147.9,4.0,6.29,52.03,SRH,3.0
Ankit Iyer,31,India,Bowler,102.0,4,1896.0,117.6,724.0,5.05,43.11,KKR,10.0
Karthik Patel,28,India,Wicketkeeper,75.0,5,5032.0,114.8,0.0,0.0,50.7,KKR,1.0
Aditya Yadav,18,India,Batter,15.0,1,6851.0,97.3,3.0,6.38,27.3,PBKS,10.0
Karthik Reddy,42,Australia,Wicketkeeper,412.0,17,10987.0,112.2,0.0,0.0,23.95,LSG,7.0
Arjun Sharma,23,India,Wicketkeeper,49.0,2,3512.0,98.9,0.0,0.0,46.45,LSG,1.0
Vikas Sharma,19,South Africa,Wicketkeeper,28.0,1,8912.0,104.9,0.0,0.0,51.99,PBKS,0.2
Sandeep Mehta,32,India,Wicketkeeper,356.0,13,5066.0,117.1,0.0,0.0,43.47,RR,0.2
Pranav Verma,40,India,Wicketkeeper,321.0,20,6710.0,108.5,0.0,0.0,28.41,PBKS,5.0
Manoj Verma,40,England,Batter,461.0,16,7211.0,128.6,10.0,8.01,46.91,PBKS,0.5
Aditya Verma,38,England,Allrounder,473.5,17,5283.0,135.2,407.0,7.65,35.72,RR,1.5
Rahul Singh,21,Australia,Wicketkeeper,20.0,1,10128.0,148.4,0.0,0.0,41.79,KKR,2.0
Arjun Khan,34,India,Bowler,123.0,7,3839.0,144.2,877.5,7.76,21.55,LSG,5.0
Harshit Reddy,42,England,Wicketkeeper,122.0,6,11253.0,114.2,0.0,0.0,40.02,RR,0.2
Karthik Malik,38,Australia,Bowler,259.0,10,2820.0,128.0,392.0,6.74,47.51,SRH,2.0
Vikas Khan,28,India,Batter,94.0,5,13538.0,106.0,3.0,6.99,21.89,CSK,2.0
Manoj Singh,27,Australia,Wicketkeeper,82.0,4,5797.0,129.4,0.0,0.0,44.1,PBKS,3.0
Sandeep Yadav,35,England,Bowler,121.0,6,894.0,131.8,437.0,5.24,21.83,SRH,7.0
Sandeep Shetty,30,South Africa,Bowler,209.0,7,1494.0,137.1,868.0,4.38,32.88,GT,0.5
Rohan Mehta,33,India,Allrounder,221.0,11,8391.0,144.9,398.0,7.35,49.84,RCB,7.0
Rahul Yadav,37,Sri Lanka,Batter,473.0,18,4199.0,124.2,2.0,6.6,45.69,KKR,5.0
Karthik Sharma,29,Australia,Wicketkeeper,187.0,11,4387.0,141.4,0.0,0.0,47.46,MI,3.0
Pranav Reddy,20,India,Batter,32.0,2,8794.0,106.6,7.0,6.8,40.65,RCB,5.0
Arjun Patel,37,England,Bowler,253.0,9,3585.0,114.1,819.0,6.82,23.66,MI,2.0
Nikhil Shetty,30,South Africa,Batter,115.0,6,12832.0,113.0,14.0,8.51,25.82,MI,0.5
Ankit Khan,38,India,Batter,210.0,12,9072.0,113.9,2.0,6.52,40.74,LSG,5.0
Amit Kulkarni,19,Australia,Batter,24.0,1,6620.0,96.2,0.0,7.25,23.39,PBKS,3.0
Karthik Yadav,19,India,Wicketkeeper,27.0,1,8003.0,112.4,0.0,0.0,43.09,RCB,3.0
Sandeep Naidu,30,India,Allrounder,291.0,10,1569.0,128.6,467.0,5.34,24.2,RR,1.5
Manoj Malik,38,India,Bowler,456.0,17,3317.0,105.3,535.0,4.8,22.35,KKR,10.0
Aditya Kulkarni,31,India,Bowler,259.0,12,1009.0,122.8,161.0,6.55,49.09,MI,3.0
Ankit Yadav,41,West Indies,Wicketkeeper,57.0,2,10294.0,100.9,0.0,0.0,25.07,PBKS,0.2
Rohan Malik,20,South Africa,Batter,53.0,2,7781.0,141.0,4.0,7.07,30.7,RCB,2.0
Harshit Reddy,36,South Africa,Batter,233.0,8,4835.0,113.1,9.0,7.43,22.81,SRH,5.0
Irfan Khan,24,India,Bowler,127.0,5,2036.0,127.9,387.0,7.57,47.57,GT,7.0
Sameer Verma,40,England,Allrounder,143.0,5,3829.0,125.9,376.0,7.3,23.14,CSK,2.0
Arjun Shetty,33,Australia,Bowler,137.0,5,3592.0,104.3,424.0,6.44,34.5,PBKS,10.0
Pranav Verma,22,Sri Lanka,Bowler,118.0,4,2309.0,141.9,649.0,6.39,43.98,DC,1.0
Sandeep Khan,36,England,Bowler,446.0,18,2834.0,103.9,382.0,6.55,32.11,SRH,2.0
Rahul Sharma,18,India,Bowler,24.0,1,2605.0,138.2,685.0,4.16,53.34,CSK,10.0
Rahul Shetty,37,Sri Lanka,Batter,329.0,13,8271.0,100.3,8.0,6.92,36.64,LSG,10.0
Aditya Singh,29,West Indies,Batter,84.0,4,9296.0,128.1,4.0,9.0,21.64,LSG,5.0
Irfan Shetty,41,India,Bowler,355.0,14,1386.0,144.7,877.5,7.7,24.61,KKR,7.0
Amit Deshmukh,25,England,Batter,134.0,6,6200.0,122.0,10.0,9.23,33.02,RCB,0.2
Manoj Deshmukh,39,Sri Lanka,Allrounder,152.0,6,6973.0,145.1,422.0,6.61,43.08,KKR,10.0
Irfan Singh,24,Australia,Bowler,26.0,1,2174.0,152.5,816.0,4.23,25.17,RCB,1.5
Rahul Yadav,33,India,Batter,211.0,13,10289.0,133.2,11.0,8.61,26.56,MI,0.5
Pranav Yadav,21,West Indies,Bowler,36.0,2,1684.0,147.2,225.0,4.65,34.69,DC,1.0
Ankit Patel,27,South Africa,Batter,82.0,3,8063.0,125.2,9.0,8.29,45.46,DC,2.0
Sameer Chopra,25,India,Wicketkeeper,133.0,5,3621.0,123.8,0.0,0.0,30.06,LSG,1.0
Ankit Khan,25,India,Bowler,48.0,3,3743.0,146.5,438.0,5.38,36.38,GT,1.5
Manoj Iyer,26,India,Allrounder,84.0,3,4977.0,151.1,442.0,5.75,47.88,LSG,0.5
Irfan Patel,26,India,Bowler,109.0,4,631.0,154.9,80.0,4.21,44.32,RR,1.0
Sameer Chopra,38,West Indies,Bowler,473.5,20,2287.0,109.2,380.0,4.61,44.24,RR,3.0
Ankit Patel,22,India,Wicketkeeper,85.0,4,9704.0,141.8,0.0,0.0,28.37,DC,2.0
Irfan Deshmukh,22,India,Wicketkeeper,27.0,1,8652.0,110.4,0.0,0.0,30.75,DC,1.5
Pranav Khan,37,West Indies,Batter,445.0,19,9484.0,105.3,10.0,8.09,23.65,RCB,5.0
Rahul Reddy,36,India,Allrounder,187.0,9,2313.0,141.7,432.0,7.38,37.53,SRH,10.0
Manoj Shetty,20,England,Allrounder,24.0,1,1733.0,120.9,127.0,6.27,33.59,GT,5.0
Rahul Chopra,30,South Africa,Bowler,357.0,12,2688.0,141.1,877.5,7.65,27.28,CSK,1.5
Vikas Iyer,18,England,Wicketkeeper,18.0,1,11508.0,118.1,0.0,0.0,39.04,KKR,5.0
Nikhil Kulkarni,28,South Africa,Bowler,67.0,3,1634.0,123.1,175.0,6.33,48.35,MI,0.5
Irfan Naidu,24,West Indies,Batter,146.0,6,4286.0,125.3,9.0,8.69,49.91,KKR,0.5
Rohan Verma,34,India,Allrounder,151.0,10,5302.0,141.7,370.0,7.63,53.47,KKR,1.5
Aditya Naidu,27,Australia,Wicketkeeper,105.0,6,7308.0,111.0,0.0,0.0,29.37,LSG,7.0
Irfan Patel,31,India,Allrounder,204.0,12,4788.0,141.3,165.0,8.11,52.43,GT,1.0
Vikas Malik,24,South Africa,Allrounder,36.0,2,1825.0,132.7,210.0,5.22,25.06,KKR,0.2
Karthik Deshmukh,32,South Africa,Allrounder,283.0,12,8666.0,104.3,68.0,6.76,24.48,GT,0.5
Irfan Khan,32,India,Bowler,29.0,1,2945.0,132.8,470.0,4.05,32.57,DC,7.0
Sameer Reddy,31,England,Batter,107.0,7,11447.0,114.4,11.0,6.37,25.91,PBKS,3.0
Rahul Sharma,40,West Indies,Wicketkeeper,127.0,5,8602.0,151.5,0.0,0.0,31.2,RR,1.0
Manoj Shetty,29,Sri Lanka,Bowler,77.0,4,3545.0,145.4,189.0,5.27,42.67,SRH,3.0
Sandeep Kulkarni,38,India,Batter,201.0,9,6202.0,133.2,13.0,8.49,53.12,SRH,3.0
Ankit Mehta,34,India,Bowler,151.0,10,21.0,154.3,148.0,4.79,49.08,RR,5.0
Sameer Chopra,35,India,Batter,124.0,5,13357.0,134.7,6.0,8.06,42.71,LSG,1.0
Aditya Kulkarni,34,India,Bowler,90.0,4,332.0,108.1,659.0,4.22,53.65,PBKS,10.0
Arjun Malik,21,West Indies,Bowler,75.0,3,3585.0,117.7,698.0,6.03,46.67,MI,1.0
Ankit Sharma,22,West Indies,Wicketkeeper,17.0,1,10124.0,126.5,0.0,0.0,20.46,MI,5.0
Manoj Deshmukh,41,India,Wicketkeeper,310.0,12,3024.0,139.2,0.0,0.0,45.63,CSK,0.2
Pranav Malik,34,India,Wicketkeeper,242.0,14,9241.0,104.9,0.0,0.0,53.48,DC,1.5
Ankit Iyer,22,India,Batter,55.0,3,11361.0,122.5,3.0,6.78,24.02,GT,1.5
Harshit Deshmukh,30,Sri Lanka,Allrounder,167.0,7,3145.0,117.5,79.0,7.11,32.36,MI,3.0
Sameer Verma,24,India,Wicketkeeper,18.0,1,6420.0,144.6,0.0,0.0,20.33,PBKS,0.2
Pranav Reddy,28,England,Wicketkeeper,66.0,3,6547.0,142.9,0.0,0.0,40.0,RCB,7.0
Rahul Patel,33,India,Allrounder,146.0,7,5082.0,130.4,425.0,8.45,21.94,GT,0.5
Rahul Reddy,31,India,Allrounder,281.0,11,2888.0,148.0,280.0,5.18,49.44,KKR,5.0
Arjun Deshmukh,21,South Africa,Allrounder,35.0,2,5882.0,132.1,87.0,6.21,37.14,KKR,7.0
Rahul Yadav,41,India,Allrounder,129.0,7,3152.0,152.0,185.0,8.39,54.43,DC,3.0
Rohan Mehta,30,West Indies,Wicketkeeper,29.0,1,7837.0,147.0,0.0,0.0,51.83,RR,5.0
Manoj Deshmukh,32,Australia,Allrounder,107.0,5,5914.0,144.9,112.0,5.76,44.81,DC,5.0
Vikas Mehta,21,India,Wicketkeeper,51.0,3,4582.0,152.8,0.0,0.0,39.99,GT,1.5
Karthik Verma,28,England,Wicketkeeper,97.0,6,6070.0,100.1,0.0,0.0,40.91,CSK,7.0
Rahul Yadav,42,South Africa,Allrounder,68.0,3,1941.0,108.2,319.0,7.4,33.79,SRH,1.0
Ankit Deshmukh,40,South Africa,Wicketkeeper,442.0,22,11437.0,130.9,0.0,0.0,33.09,RR,3.0
Rohan Naidu,33,India,Allrounder,253.0,13,4022.0,103.0,84.0,6.31,52.93,LSG,5.0
Pranav Shetty,23,India,Bowler,61.0,3,3538.0,95.1,169.0,6.85,46.8,GT,1.5
Harshit Naidu,18,Sri Lanka,Allrounder,28.0,1,8372.0,95.6,235.0,7.59,32.94,RCB,1.0
Aditya Shetty,29,South Africa,Bowler,209.0,7,2043.0,122.2,726.0,6.31,47.23,CSK,2.0
Vikas Reddy,19,Sri Lanka,Bowler,29.0,1,1048.0,104.2,398.0,5.62,54.17,LSG,7.0
Vikas Mehta,21,India,Allrounder,18.0,1,5757.0,138.1,135.0,5.85,25.01,LSG,10.0
Vikas Kulkarni,40,India,Batter,49.0,2,7022.0,121.5,10.0,7.15,26.73,SRH,3.0
Karthik Deshmukh,41,Sri Lanka,Bowler,356.0,17,2815.0,104.4,827.0,5.71,39.57,MI,5.0
Rahul Kulkarni,22,South Africa,Bowler,27.0,1,1616.0,98.7,368.0,6.52,50.49,CSK,10.0
Rahul Malik,31,Australia,Allrounder,301.0,12,5667.0,108.5,444.0,5.65,43.15,GT,0.2
Arjun Chopra,34,Australia,Wicketkeeper,329.0,16,10701.0,123.1,0.0,0.0,37.48,GT,1.0
Karthik Deshmukh,38,Sri Lanka,Allrounder,261.0,16,2310.0,143.3,189.0,5.45,41.6,PBKS,5.0
Sameer Mehta,37,South Africa,Wicketkeeper,49.0,3,3387.0,103.1,0.0,0.0,33.09,SRH,7.0
Harshit Yadav,30,England,Bowler,174.0,10,84.0,129.1,631.0,7.08,23.8,PBKS,7.0
Harshit Naidu,38,South Africa,Bowler,155.0,7,2130.0,109.6,515.0,5.42,38.11,GT,2.0
Sandeep Sharma,35,India,Allrounder,350.0,17,4656.0,121.2,454.0,7.95,35.17,CSK,0.2
Amit Khan,28,India,Bowler,23.0,1,384.0,129.6,178.0,7.44,39.82,DC,2.0
Aditya Naidu,26,England,Batter,51.0,3,6652.0,131.5,6.0,6.92,40.16,RR,1.0
Nikhil Singh,28,South Africa,Allrounder,48.0,3,3537.0,154.4,404.0,6.39,50.87,LSG,1.0
Irfan Deshmukh,38,India,Wicketkeeper,473.5,19,6931.0,140.0,0.0,0.0,38.81,MI,7.0
Harshit Deshmukh,38,Sri Lanka,Bowler,312.0,19,1232.0,106.1,871.0,5.76,30.7,PBKS,0.2
Arjun Naidu,28,India,Wicketkeeper,69.0,4,11802.0,141.4,0.0,0.0,35.88,RR,7.0
Manoj Iyer,32,India,Wicketkeeper,147.0,7,7415.0,147.9,0.0,0.0,25.18,MI,2.0
Harshit Patel,38,India,Wicketkeeper,195.0,11,8143.0,125.5,0.0,0.0,42.64,SRH,3.0
Pranav Khan,41,West Indies,Bowler,210.0,7,3419.0,148.4,736.0,5.96,54.63,SRH,0.2
Sameer Patel,36,India,Bowler,188.0,12,2129.0,102.8,864.0,4.44,24.56,RCB,1.5
Rohan Sharma,28,India,Batter,221.0,10,4703.0,117.4,14.0,8.38,45.67,CSK,0.2
Aditya Verma,19,India,Wicketkeeper,30.0,1,6567.0,119.3,0.0,0.0,41.97,RCB,11.0
Rohan Malik,24,Australia,Bowler,17.0,1,1197.0,127.9,721.0,6.93,38.88,RCB,7.0
Irfan Malik,32,India,Wicketkeeper,57.0,2,3726.0,100.3,0.0,0.0,34.38,RR,2.0
Nikhil Malik,42,India,Wicketkeeper,404.0,16,5410.0,127.7,0.0,0.0,36.17,SRH,1.0
Karthik Iyer,21,Australia,Batter,19.0,1,4325.0,149.4,10.0,9.15,48.77,LSG,10.0
Amit Deshmukh,20,South Africa,Allrounder,37.0,2,2156.0,138.0,155.0,6.31,33.84,LSG,1.5
Pranav Malik,22,South Africa,Batter,50.0,3,13196.0,115.6,13.0,6.81,22.48,SRH,0.5
Rahul Mehta,40,South Africa,Allrounder,402.0,21,5443.0,122.6,87.0,6.16,53.44,RR,3.0
Amit Reddy,26,West Indies,Wicketkeeper,178.0,6,9602.0,113.8,0.0,0.0,51.59,DC,11.0
Sandeep Malik,42,Sri Lanka,Wicketkeeper,445.0,17,9849.0,108.7,0.0,0.0,26.68,KKR,0.2
Rahul Iyer,32,India,Wicketkeeper,57.0,2,3915.0,126.1,0.0,0.0,43.54,MI,1.0
Amit Kulkarni,33,India,Wicketkeeper,105.0,7,4580.0,97.7,0.0,0.0,27.74,LSG,10.0
Harshit Iyer,23,Australia,Wicketkeeper,81.0,4,5498.0,122.3,0.0,0.0,31.59,SRH,0.5
Vikas Sharma,32,India,Allrounder,262.0,9,5601.0,125.7,366.0,7.49,25.61,CSK,0.2
Harshit Verma,42,England,Wicketkeeper,56.0,2,11741.0,148.7,0.0,0.0,30.25,RR,3.0
Arjun Kulkarni,27,West Indies,Wicketkeeper,45.0,2,6952.0,138.9,0.0,0.0,47.3,SRH,10.0
Amit Yadav,37,India,Bowler,126.0,7,1548.0,124.9,646.0,7.66,41.55,PBKS,2.0
Amit Kulkarni,30,Sri Lanka,Wicketkeeper,228.0,9,8597.0,115.1,0.0,0.0,43.74,KKR,11.0
Harshit Malik,41,England,Allrounder,363.0,16,7276.0,121.3,395.0,6.62,49.94,SRH,5.0
Amit Mehta,30,Australia,Bowler,143.0,6,1179.0,147.9,290.0,4.19,49.82,RCB,0.2
Sandeep Iyer,18,England,Bowler,29.0,1,1518.0,124.4,99.0,5.92,32.66,RCB,11.0
Sandeep Reddy,26,Australia,Bowler,54.0,2,977.0,101.7,788.0,7.78,40.66,RR,2.0
Irfan Khan,29,England,Allrounder,29.0,1,3403.0,151.1,90.0,7.39,47.31,DC,1.0
Manoj Iyer,27,Australia,Wicketkeeper,76.0,3,9682.0,133.6,0.0,0.0,24.09,RCB,3.0
Arjun Iyer,31,India,Bowler,30.0,1,3939.0,103.3,151.0,5.42,50.84,GT,1.0
Rohan Singh,19,West Indies,Bowler,28.0,1,1117.0,140.5,195.0,6.85,42.83,GT,0.2
Nikhil Mehta,38,Sri Lanka,Bowler,379.0,15,1001.0,104.0,753.0,5.93,31.54,RR,0.2
Harshit Shetty,42,India,Bowler,440.0,21,2070.0,138.5,280.0,4.52,25.61,PBKS,2.0
Irfan Reddy,41,West Indies,Wicketkeeper,131.0,7,11539.0,137.1,0.0,0.0,44.23,GT,7.0
Ankit Chopra,41,Sri Lanka,Bowler,248.0,13,2282.0,103.1,817.0,5.75,31.02,MI,3.0
Sameer Reddy,31,India,Batter,171.0,9,7087.0,137.0,10.0,7.12,23.98,DC,11.0
Karthik Chopra,19,India,Bowler,26.0,1,545.0,140.7,196.0,7.15,26.52,LSG,1.0
Manoj Chopra,36,South Africa,Batter,270.0,17,13926.0,135.1,6.0,8.52,46.18,SRH,1.0
Nikhil Khan,24,England,Bowler,48.0,3,2216.0,104.5,484.0,4.72,28.28,PBKS,0.5
Manoj Kulkarni,32,India,Bowler,79.0,3,361.0,142.6,137.0,5.39,45.83,RR,0.5
Karthik Deshmukh,32,West Indies,Wicketkeeper,157.0,7,9760.0,150.5,0.0,0.0,22.05,LSG,1.0
Rahul Chopra,39,India,Wicketkeeper,165.0,8,11940.0,95.7,0.0,0.0,44.47,MI,7.0
Arjun Shetty,32,India,Wicketkeeper,102.0,5,3040.0,111.8,0.0,0.0,31.69,PBKS,10.0
Rohan Sharma,29,India,Wicketkeeper,76.0,4,4798.0,127.8,0.0,0.0,23.58,RR,11.0
Aditya Yadav,30,India,Batter,38.0,2,12111.0,114.5,15.0,8.25,42.15,KKR,1.0
Ankit Patel,33,West Indies,Wicketkeeper,77.0,4,4319.0,145.0,0.0,0.0,25.99,GT,10.0
Harshit Reddy,37,India,Wicketkeeper,342.0,18,7433.0,150.9,0.0,0.0,38.57,MI,1.5
Ankit Naidu,18,Australia,Bowler,29.0,1,1650.0,107.5,288.0,7.51,41.16,RCB,0.2
Karthik Shetty,37,South Africa,Allrounder,473.5,18,4144.0,141.5,57.0,6.41,41.21,RCB,10.0
Arjun Khan,18,India,Bowler,26.0,1,2149.0,149.8,873.0,5.88,33.2,SRH,3.0
Manoj Khan,18,India,Wicketkeeper,23.0,1,7628.0,108.2,0.0,0.0,41.28,PBKS,0.5
Rahul Malik,40,India,Allrounder,24.0,1,5622.0,121.3,426.0,7.18,37.03,SRH,2.0
Ankit Deshmukh,32,Sri Lanka,Bowler,275.0,12,1119.0,139.0,311.0,7.65,23.87,PBKS,1.0
Manoj Malik,27,South Africa,Bowler,102.0,6,2931.0,153.5,142.0,4.81,45.43,SRH,5.0
Karthik Iyer,33,India,Wicketkeeper,138.0,8,9533.0,149.9,0.0,0.0,30.64,RCB,2.0
Harshit Singh,27,India,Batter,109.0,7,3171.0,137.8,4.0,8.6,30.31,KKR,11.0
Karthik Shetty,33,India,Bowler,30.0,1,3450.0,132.6,509.0,6.09,36.84,DC,0.2
Aditya Mehta,37,West Indies,Wicketkeeper,417.0,16,3134.0,144.6,0.0,0.0,49.15,KKR,1.5
Ankit Yadav,28,South Africa,Allrounder,50.0,2,6368.0,143.2,386.0,7.98,37.08,GT,2.0
Arjun Khan,18,India,Wicketkeeper,16.0,1,10658.0,117.9,0.0,0.0,49.1,MI,2.0
Amit Reddy,28,India,Batter,26.0,1,8995.0,109.8,11.0,7.72,37.76,PBKS,1.0
Irfan Iyer,36,Australia,Bowler,160.0,8,1457.0,136.5,526.0,4.54,31.76,SRH,5.0
Sandeep Iyer,28,Australia,Bowler,79.0,3,2519.0,152.4,396.0,4.99,47.19,MI,10.0
Nikhil Shetty,26,England,Bowler,50.0,2,349.0,132.4,537.0,6.99,49.37,PBKS,10.0
Vikas Sharma,30,West Indies,Bowler,170.0,10,1297.0,130.9,524.0,6.88,53.64,KKR,7.0
Karthik Sharma,36,South Africa,Batter,318.0,11,9051.0,151.6,2.0,6.67,34.05,DC,7.0
Manoj Khan,18,India,Bowler,19.0,1,2125.0,102.4,576.0,6.01,38.9,MI,3.0
Rahul Naidu,27,India,Batter,27.0,1,12468.0,154.9,7.0,8.14,54.13,KKR,7.0
Rohan Singh,34,West Indies,Batter,131.0,5,11510.0,115.9,12.0,9.38,54.69,RCB,1.0
Harshit Kulkarni,22,West Indies,Batter,39.0,2,3924.0,146.1,11.0,7.59,27.57,RCB,1.5
Amit Singh,22,India,Allrounder,21.0,1,7595.0,153.0,94.0,6.77,53.15,RR,1.0
Pranav Reddy,36,Australia,Bowler,104.0,4,2988.0,142.9,639.0,6.6,26.17,CSK,2.0
Ankit Verma,29,West Indies,Wicketkeeper,152.0,9,11477.0,138.3,0.0,0.0,41.63,PBKS,1.0
Nikhil Malik,26,West Indies,Batter,129.0,5,8786.0,101.8,9.0,6.32,23.8,KKR,11.0
Sameer Naidu,32,England,Bowler,38.0,2,2090.0,103.5,548.0,6.75,36.37,CSK,1.0
Amit Singh,27,South Africa,Wicketkeeper,174.0,9,6187.0,116.4,0.0,0.0,39.27,RR,0.2
Manoj Sharma,18,Australia,Allrounder,23.0,1,6629.0,136.1,240.0,7.47,38.04,PBKS,3.0
Irfan Patel,21,India,Batter,59.0,2,8480.0,118.9,1.0,7.63,50.17,RCB,0.2
Irfan Reddy,31,India,Allrounder,151.0,7,1738.0,110.6,218.0,6.16,46.02,RR,0.2
Pranav Singh,37,South Africa,Allrounder,25.0,1,5470.0,145.8,315.0,6.26,31.48,LSG,0.5
Nikhil Deshmukh,36,India,Wicketkeeper,182.0,7,7552.0,137.1,0.0,0.0,21.58,KKR,2.0
Karthik Iyer,33,India,Bowler,99.0,5,1333.0,115.6,236.0,5.47,48.58,PBKS,2.0
Nikhil Patel,20,India,Batter,44.0,2,9923.0,122.7,8.0,9.38,48.87,CSK,7.0
Sandeep Verma,33,India,Allrounder,32.0,2,2325.0,153.0,78.0,7.45,48.39,KKR,5.0
Sandeep Reddy,38,India,Batter,405.0,19,10945.0,137.8,14.0,6.27,38.74,RR,2.0
Harshit Yadav,24,India,Batter,168.0,6,11802.0,110.1,7.0,6.06,52.26,KKR,1.5
Sandeep Yadav,21,West Indies,Allrounder,59.0,2,7793.0,142.9,447.0,8.24,54.36,LSG,1.0
Manoj Yadav,18,India,Allrounder,29.0,1,3664.0,95.6,364.0,7.82,30.07,KKR,7.0
Ankit Reddy,22,South Africa,Wicketkeeper,71.0,3,11207.0,96.8,0.0,0.0,23.29,GT,0.2
Amit Sharma,19,West Indies,Batter,26.0,1,14461.0,125.2,6.0,6.77,49.66,DC,0.2
Karthik Malik,35,India,Allrounder,118.0,4,2258.0,132.0,476.0,8.02,52.49,DC,7.0
Pranav Chopra,28,Sri Lanka,Bowler,144.0,5,436.0,148.3,653.0,5.9,35.89,DC,2.0
Karthik Mehta,38,India,Wicketkeeper,55.0,2,7121.0,111.6,0.0,0.0,52.07,SRH,0.5
Pranav Shetty,34,Australia,Allrounder,77.0,4,5003.0,125.2,248.0,6.36,31.51,MI,1.0
Rahul Naidu,20,India,Allrounder,30.0,2,8608.0,154.7,467.0,7.32,20.89,MI,10.0
Irfan Iyer,31,South Africa,Wicketkeeper,144.0,6,11287.0,149.0,0.0,0.0,20.14,RR,7.0
Irfan Shetty,35,England,Allrounder,240.0,12,7867.0,105.1,487.0,6.27,46.51,DC,5.0
Karthik Khan,38,South Africa,Bowler,305.0,13,1476.0,128.2,698.0,4.19,30.32,LSG,2.0
Sandeep Kulkarni,37,Australia,Batter,252.0,12,5175.0,141.3,7.0,6.47,27.61,KKR,3.0
Sandeep Iyer,35,South Africa,Wicketkeeper,77.0,4,10861.0,108.4,0.0,0.0,29.63,RR,11.0
Rahul Verma,27,India,Wicketkeeper,47.0,2,10966.0,130.2,0.0,0.0,43.09,RR,11.0
Aditya Singh,25,India,Bowler,102.0,4,1532.0,109.5,849.0,4.07,35.08,GT,0.5
Pranav Singh,24,India,Batter,32.0,2,14101.0,148.1,6.0,7.16,47.57,MI,7.0
Irfan Patel,29,India,Batter,125.0,7,10948.0,115.3,9.0,8.19,44.52,LSG,0.5
Rohan Naidu,33,India,Allrounder,88.0,4,2899.0,130.7,423.0,7.95,47.46,PBKS,0.5
Karthik Shetty,23,India,Batter,49.0,2,14451.0,129.3,13.0,8.62,30.93,RR,5.0
Ankit Chopra,35,England,Bowler,175.0,6,3878.0,107.4,615.0,6.83,47.28,GT,2.0
Vikas Kulkarni,26,Sri Lanka,Batter,79.0,4,3247.0,144.3,14.0,8.82,36.55,DC,10.0
Amit Malik,27,India,Allrounder,198.0,8,5404.0,101.0,117.0,5.67,46.02,LSG,0.2
Aditya Naidu,36,South Africa,Batter,297.0,14,10197.0,134.1,15.0,9.1,25.05,DC,2.0
Rahul Chopra,36,Australia,Wicketkeeper,38.0,2,4946.0,151.1,0.0,0.0,54.62,KKR,10.0
Arjun Sharma,28,England,Batter,38.0,2,8468.0,130.7,10.0,7.52,47.2,PBKS,10.0
Rahul Singh,20,West Indies,Allrounder,28.0,1,3440.0,153.1,199.0,7.58,24.02,RCB,0.5
Rahul Reddy,35,Sri Lanka,Batter,147.0,9,13650.0,136.5,12.0,8.03,51.15,MI,1.5
Rohan Singh,26,India,Allrounder,45.0,2,7145.0,153.7,218.0,8.06,37.92,KKR,3.0
Irfan Singh,23,India,Batter,23.0,1,10133.0,120.6,3.0,8.91,34.78,RR,0.5
Rahul Singh,30,India,Allrounder,213.0,11,5392.0,144.1,257.0,5.89,54.5,LSG,11.0
Aditya Mehta,34,India,Batter,203.0,9,4174.0,98.4,15.0,6.9,48.54,MI,10.0
Nikhil Sharma,34,India,Batter,81.0,3,9133.0,152.6,15.0,8.17,28.83,LSG,0.5
Sameer Singh,38,Australia,Allrounder,97.0,4,4436.0,124.5,90.0,5.25,22.99,MI,0.5
Arjun Shetty,26,West Indies,Allrounder,152.0,6,8524.0,102.6,148.0,5.92,27.84,KKR,0.2
Irfan Naidu,30,South Africa,Batter,244.0,9,14902.0,152.2,2.0,6.37,29.75,RCB,10.0
Vikas Khan,34,West Indies,Allrounder,58.0,2,2061.0,148.9,235.0,6.55,43.71,GT,0.5
Irfan Naidu,35,India,Bowler,155.0,10,3371.0,137.3,688.0,6.35,49.01,RCB,2.0
Sameer Sharma,37,South Africa,Wicketkeeper,38.0,2,6608.0,147.7,0.0,0.0,42.49,SRH,2.0
Amit Kulkarni,28,South Africa,Bowler,15.0,1,1071.0,127.1,446.0,7.38,29.71,CSK,3.0
Arjun Patel,40,Sri Lanka,Batter,74.0,4,6457.0,127.5,1.0,9.08,51.71,GT,0.2
Pranav Malik,18,India,Wicketkeeper,19.0,1,9987.0,97.4,0.0,0.0,33.91,RR,1.0
Harshit Naidu,23,South Africa,Bowler,49.0,2,3510.0,110.0,411.0,7.6,52.95,KKR,10.0
Sandeep Khan,19,India,Bowler,25.0,1,2396.0,147.9,129.0,7.62,39.73,RR,10.0
Ankit Yadav,26,India,Bowler,141.0,8,1713.0,147.2,855.0,6.46,47.16,DC,7.0
Nikhil Yadav,39,England,Allrounder,233.0,12,6114.0,153.9,279.0,7.21,44.0,CSK,0.2
Rahul Yadav,24,South Africa,Allrounder,63.0,3,2688.0,98.4,255.0,8.41,24.86,DC,1.5
Aditya Sharma,19,West Indies,Batter,29.0,1,5561.0,118.1,14.0,7.58,47.4,PBKS,3.0
Rahul Verma,26,India,Allrounder,27.0,1,3883.0,153.6,86.0,5.56,31.03,KKR,1.0
Manoj Singh,20,Australia,Bowler,16.0,1,3987.0,111.5,736.0,5.63,40.28,RR,10.0
Sameer Verma,42,South Africa,Allrounder,95.0,6,1845.0,104.0,251.0,5.21,46.1,RCB,3.0
Vikas Chopra,22,India,Bowler,41.0,2,3485.0,109.1,553.0,4.71,47.75,SRH,0.2
Sameer Mehta,37,England,Allrounder,176.0,7,6130.0,121.2,125.0,5.33,20.81,SRH,10.0
Pranav Naidu,22,Sri Lanka,Batter,65.0,3,5882.0,136.9,8.0,7.21,23.15,SRH,11.0
Ankit Reddy,37,England,Wicketkeeper,251.0,15,5160.0,148.3,0.0,0.0,51.83,DC,0.2
Vikas Chopra,34,South Africa,Wicketkeeper,290.0,11,9182.0,101.3,0.0,0.0,54.68,KKR,3.0
Amit Yadav,31,India,Wicketkeeper,100.0,6,5246.0,112.9,0.0,0.0,22.94,MI,1.0
Vikas Kulkarni,22,Sri Lanka,Bowler,26.0,1,3219.0,119.5,295.0,4.02,42.04,GT,1.5
Rahul Verma,38,West Indies,Bowler,189.0,9,3377.0,145.2,877.5,5.26,45.08,SRH,0.5
Harshit Shetty,28,Australia,Allrounder,147.0,5,5649.0,139.1,309.0,6.23,52.92,LSG,3.0
Nikhil Reddy,40,India,Bowler,473.5,21,2839.0,113.4,210.0,4.35,36.22,GT,11.0
Irfan Verma,29,India,Allrounder,84.0,3,8521.0,127.5,138.0,6.74,30.52,KKR,2.0
Sandeep Patel,28,India,Allrounder,91.0,4,3103.0,133.7,388.0,7.34,40.22,DC,0.2
Irfan Sharma,27,West Indies,Wicketkeeper,197.0,7,11904.0,101.8,0.0,0.0,36.69,RR,3.0
Aditya Verma,38,India,Bowler,468.0,19,1948.0,124.5,877.5,5.35,52.27,LSG,1.5
Amit Chopra,28,India,Batter,109.0,7,6495.0,95.8,0.0,7.68,35.36,CSK,7.0
Aditya Iyer,23,England,Batter,60.0,2,8953.0,141.8,3.0,8.87,37.97,KKR,2.0
Nikhil Chopra,23,India,Wicketkeeper,21.0,1,5011.0,110.0,0.0,0.0,36.28,KKR,0.5
Rahul Verma,35,India,Allrounder,284.0,12,8207.0,155.0,158.0,6.97,42.55,RCB,0.5
Aditya Deshmukh,38,India,Wicketkeeper,112.0,5,6826.0,136.7,0.0,0.0,37.2,RCB,7.0
Rahul Singh,28,Australia,Wicketkeeper,80.0,4,4542.0,116.3,0.0,0.0,48.45,CSK,1.0
Arjun Malik,37,Sri Lanka,Wicketkeeper,335.0,13,10692.0,124.7,0.0,0.0,54.81,LSG,7.0
Pranav Singh,19,India,Batter,21.0,1,5926.0,99.1,13.0,7.6,43.89,PBKS,0.5
Vikas Khan,35,South Africa,Bowler,198.0,10,1383.0,110.0,443.0,4.18,32.38,RCB,1.5
Vikas Yadav,26,India,Batter,116.0,7,3575.0,124.7,10.0,8.59,21.0,RR,2.0
Vikas Iyer,32,West Indies,Wicketkeeper,33.0,2,8300.0,132.0,0.0,0.0,34.4,KKR,11.0
Sandeep Naidu,27,Sri Lanka,Allrounder,145.0,6,6733.0,125.0,438.0,8.23,44.81,GT,10.0
Sameer Iyer,23,England,Batter,87.0,4,7656.0,140.7,0.0,6.77,45.23,KKR,0.5
Amit Mehta,39,West Indies,Bowler,473.5,19,2084.0,97.0,701.0,7.44,35.66,PBKS,1.5
Karthik Deshmukh,20,South Africa,Batter,45.0,2,12322.0,100.7,12.0,8.38,34.37,GT,0.5
Nikhil Kulkarni,36,Australia,Batter,176.0,7,14173.0,121.2,14.0,9.3,54.49,MI,2.0
Sandeep Yadav,26,India,Batter,109.0,7,5326.0,138.1,9.0,6.2,40.34,MI,2.0
Rahul Naidu,20,West Indies,Allrounder,54.0,2,4747.0,153.3,151.0,6.75,24.54,DC,10.0
Vikas Yadav,32,Sri Lanka,Allrounder,62.0,4,2569.0,136.5,298.0,8.14,29.06,RCB,10.0
Manoj Reddy,42,South Africa,Wicketkeeper,473.5,19,8545.0,149.1,0.0,0.0,35.03,GT,1.5
Rahul Patel,35,India,Bowler,152.0,9,243.0,118.3,809.0,7.09,49.78,RR,2.0
Irfan Malik,39,Australia,Allrounder,374.0,13,6544.0,103.5,169.0,7.23,42.74,MI,10.0
Aditya Singh,32,India,Wicketkeeper,65.0,4,2798.0,106.5,0.0,0.0,34.42,SRH,7.0
Karthik Patel,28,India,Wicketkeeper,177.0,6,3401.0,105.2,0.0,0.0,20.77,CSK,0.2
Ankit Mehta,39,India,Wicketkeeper,146.0,5,11442.0,107.7,0.0,0.0,38.77,RR,1.5
Nikhil Naidu,36,India,Wicketkeeper,249.0,11,11042.0,123.9,0.0,0.0,37.55,PBKS,2.0
Sameer Iyer,27,India,Allrounder,76.0,4,6147.0,136.1,181.0,5.87,44.65,KKR,1.0
Aditya Patel,42,England,Bowler,305.0,11,1774.0,147.9,126.0,5.36,42.54,RCB,0.5
Harshit Mehta,31,India,Batter,80.0,3,3729.0,111.6,8.0,8.5,20.02,GT,0.2
Rahul Shetty,19,India,Allrounder,24.0,1,1517.0,144.3,223.0,8.03,24.31,SRH,5.0
Pranav Patel,19,Australia,Batter,30.0,1,13309.0,134.7,8.0,7.31,42.82,KKR,1.0
Sameer Yadav,40,Australia,Wicketkeeper,99.0,6,5492.0,146.6,0.0,0.0,24.91,RR,0.2
Karthik Iyer,23,Australia,Allrounder,104.0,4,3295.0,100.8,398.0,6.5,33.64,DC,1.0
Ankit Yadav,36,South Africa,Allrounder,91.0,6,8440.0,148.9,188.0,5.05,38.45,PBKS,7.0
Arjun Patel,22,Australia,Batter,90.0,3,13307.0,98.6,8.0,8.97,27.96,LSG,7.0
Sameer Mehta,22,West Indies,Bowler,86.0,3,1382.0,118.2,849.0,4.99,48.1,RR,2.0
Harshit Malik,38,West Indies,Wicketkeeper,112.0,6,2813.0,118.2,0.0,0.0,27.16,RR,2.0
Sandeep Iyer,36,South Africa,Batter,84.0,4,5014.0,99.8,8.0,6.23,46.6,SRH,11.0
Nikhil Shetty,23,India,Batter,95.0,5,3131.0,138.6,14.0,7.56,43.88,LSG,0.5
Pranav Yadav,36,India,Wicketkeeper,25.0,1,3768.0,103.1,0.0,0.0,25.0,DC,0.5
Pranav Yadav,20,India,Allrounder,44.0,2,1949.0,138.3,109.0,7.64,33.23,KKR,1.0
Vikas Naidu,39,Sri Lanka,Bowler,180.0,12,2176.0,95.7,478.0,4.29,30.09,PBKS,0.5
Karthik Shetty,19,England,Bowler,29.0,1,737.0,108.8,867.0,4.04,34.68,LSG,1.5
Rahul Naidu,29,India,Wicketkeeper,103.0,4,4381.0,102.3,0.0,0.0,23.65,RCB,10.0
Vikas Sharma,28,India,Bowler,119.0,4,3558.0,130.1,270.0,7.41,52.71,CSK,3.0
Rohan Naidu,28,India,Wicketkeeper,129.0,7,6364.0,115.7,0.0,0.0,43.7,SRH,2.0
Rahul Mehta,20,West Indies,Allrounder,22.0,1,6498.0,132.1,188.0,5.72,24.54,RR,10.0
Sandeep Reddy,35,India,Bowler,172.0,10,1507.0,150.9,389.0,4.01,39.42,RR,0.2
Vikas Kulkarni,24,India,Batter,22.0,1,4246.0,115.0,11.0,9.24,31.47,SRH,0.5
Vikas Malik,30,South Africa,Allrounder,292.0,11,2220.0,137.4,146.0,6.4,39.8,RR,3.0
Sameer Khan,30,England,Wicketkeeper,85.0,5,7439.0,150.5,0.0,0.0,20.89,KKR,3.0
Arjun Shetty,28,India,Bowler,53.0,3,3610.0,114.8,412.0,6.69,26.31,RCB,0.2
Arjun Kulkarni,39,India,Allrounder,210.0,7,7371.0,125.3,344.0,6.79,24.8,DC,2.0
Aditya Verma,32,South Africa,Bowler,285.0,13,3987.0,119.5,528.0,4.77,34.31,PBKS,5.0
Pranav Yadav,32,India,Bowler,105.0,6,2740.0,103.9,702.0,5.21,20.15,DC,5.0
Rohan Sharma,33,Australia,Wicketkeeper,17.0,1,4853.0,153.2,0.0,0.0,53.02,RR,3.0
Ankit Verma,24,India,Batter,129.0,6,7280.0,154.7,14.0,7.69,43.58,CSK,1.5
Sameer Naidu,34,India,Batter,118.0,7,9551.0,102.1,6.0,6.24,52.06,DC,0.2
Vikas Kulkarni,22,India,Batter,76.0,4,4674.0,145.6,0.0,8.21,51.44,SRH,2.0
Manoj Mehta,39,India,Bowler,285.0,12,3827.0,97.9,384.0,5.7,26.59,RR,0.5
Aditya Patel,23,South Africa,Bowler,120.0,4,3877.0,106.3,347.0,4.25,34.37,RCB,11.0
Vikas Reddy,39,South Africa,Allrounder,295.0,11,6807.0,105.0,433.0,5.41,35.6,LSG,2.0
Karthik Kulkarni,33,South Africa,Wicketkeeper,272.0,10,5546.0,115.4,0.0,0.0,36.37,SRH,1.0
Aditya Yadav,30,India,Wicketkeeper,209.0,10,5877.0,120.8,0.0,0.0,42.56,CSK,7.0
Nikhil Shetty,25,West Indies,Wicketkeeper,60.0,2,4709.0,151.2,0.0,0.0,23.78,GT,2.0
Sandeep Kulkarni,21,Sri Lanka,Batter,33.0,2,12879.0,146.2,12.0,6.35,37.72,RR,1.0
Nikhil Patel,20,England,Allrounder,33.0,2,4024.0,107.9,416.0,7.68,49.01,GT,7.0
Rahul Reddy,32,India,Wicketkeeper,159.0,6,7139.0,150.4,0.0,0.0,42.24,CSK,10.0
Manoj Sharma,36,West Indies,Bowler,212.0,11,3443.0,148.7,241.0,4.4,47.74,RR,5.0
Aditya Reddy,34,Australia,Allrounder,424.0,15,2193.0,97.2,425.0,7.63,47.96,MI,0.2
Rahul Kulkarni,18,India,Wicketkeeper,21.0,1,5089.0,103.3,0.0,0.0,27.78,DC,3.0
Arjun Mehta,41,West Indies,Wicketkeeper,294.0,11,7988.0,129.6,0.0,0.0,29.27,CSK,7.0
Vikas Sharma,19,Australia,Batter,30.0,1,14946.0,131.5,2.0,8.31,23.79,KKR,0.5
Sandeep Naidu,20,India,Batter,19.0,1,6839.0,150.4,11.0,8.3,25.64,KKR,1.0
Aditya Malik,38,India,Allrounder,363.0,19,1788.0,115.5,277.0,7.09,36.09,MI,10.0
Amit Shetty,22,India,Bowler,41.0,2,3014.0,116.2,646.0,5.09,21.01,KKR,0.2
Nikhil Chopra,22,England,Bowler,32.0,2,432.0,132.5,795.0,7.73,37.52,PBKS,5.0
Harshit Deshmukh,21,India,Wicketkeeper,29.0,1,5077.0,118.0,0.0,0.0,38.88,LSG,2.0
Manoj Naidu,32,India,Wicketkeeper,197.0,9,8914.0,117.8,0.0,0.0,32.6,GT,2.0
Sandeep Mehta,18,South Africa,Bowler,25.0,1,426.0,111.6,391.0,5.76,26.3,RR,0.2
Ankit Naidu,26,India,Wicketkeeper,78.0,5,9101.0,128.4,0.0,0.0,49.5,SRH,7.0
Arjun Patel,22,West Indies,Wicketkeeper,24.0,1,11773.0,104.2,0.0,0.0,21.15,SRH,1.5
Sandeep Sharma,37,West Indies,Wicketkeeper,65.0,4,3531.0,109.8,0.0,0.0,54.29,RCB,3.0
Arjun Verma,24,India,Batter,18.0,1,7744.0,130.8,2.0,8.9,52.52,KKR,5.0
Harshit Patel,36,South Africa,Batter,397.0,18,6195.0,154.0,0.0,7.56,30.37,LSG,5.0
Karthik Shetty,38,England,Batter,178.0,11,7624.0,133.3,9.0,6.84,33.24,SRH,11.0
Karthik Patel,25,India,Bowler,178.0,7,2287.0,113.3,745.0,6.38,41.63,PBKS,3.0
Pranav Verma,18,South Africa,Allrounder,17.0,1,7022.0,98.1,233.0,5.97,51.92,MI,1.5
Harshit Iyer,36,India,Wicketkeeper,171.0,7,11121.0,148.0,0.0,0.0,53.98,SRH,11.0
Sameer Kulkarni,42,India,Batter,198.0,11,6940.0,136.0,3.0,8.51,39.57,RR,5.0
Sameer Deshmukh,24,Sri Lanka,Batter,105.0,4,13890.0,106.4,9.0,6.44,30.13,DC,1.0
Karthik Reddy,20,India,Bowler,28.0,1,3493.0,105.4,826.0,7.38,52.3,RCB,0.5
Rahul Deshmukh,28,India,Allrounder,242.0,10,8684.0,137.9,447.0,6.83,23.86,DC,7.0
Rahul Shetty,35,India,Allrounder,145.0,7,5539.0,152.5,304.0,5.94,29.32,RR,1.5
Rohan Shetty,20,South Africa,Wicketkeeper,28.0,1,10699.0,112.8,0.0,0.0,26.92,SRH,5.0
Irfan Yadav,26,India,Batter,221.0,8,4646.0,109.0,1.0,6.45,42.48,RCB,2.0
Ankit Chopra,23,India,Batter,87.0,5,12026.0,128.2,11.0,7.59,24.28,DC,0.5
Irfan Sharma,34,Australia,Batter,69.0,3,3747.0,142.0,4.0,8.81,20.76,MI,3.0
Vikas Khan,24,South Africa,Allrounder,155.0,6,2835.0,99.1,301.0,6.34,47.72,DC,0.2
Harshit Verma,36,West Indies,Batter,18.0,1,5303.0,149.1,7.0,8.58,28.27,CSK,2.0
Harshit Patel,28,Sri Lanka,Bowler,209.0,7,1566.0,106.1,484.0,5.73,32.99,RR,3.0
Rahul Reddy,19,India,Wicketkeeper,29.0,1,11161.0,126.3,0.0,0.0,21.87,GT,2.0
Irfan Naidu,38,Sri Lanka,Allrounder,315.0,18,5966.0,127.6,79.0,7.5,49.01,GT,5.0
Rohan Naidu,37,India,Bowler,149.0,7,3992.0,149.2,170.0,5.03,54.95,LSG,7.0
Vikas Sharma,18,India,Wicketkeeper,20.0,1,10973.0,150.2,0.0,0.0,47.23,GT,7.0
Rahul Deshmukh,23,Australia,Bowler,20.0,1,1274.0,129.4,724.0,7.09,26.66,MI,0.2
Amit Verma,20,Australia,Bowler,42.0,2,2322.0,137.8,555.0,6.57,54.49,SRH,0.5
Harshit Singh,35,South Africa,Bowler,206.0,10,1230.0,111.3,673.0,6.06,43.93,PBKS,3.0
Sameer Patel,42,Sri Lanka,Batter,28.0,1,11617.0,105.6,7.0,9.43,31.41,PBKS,10.0
Amit Sharma,25,India,Allrounder,84.0,3,4482.0,105.2,85.0,6.9,20.78,SRH,7.0
Pranav Sharma,39,India,Bowler,73.0,3,3178.0,146.9,478.0,5.28,21.52,KKR,7.0
Amit Reddy,30,South Africa,Wicketkeeper,51.0,2,9085.0,120.7,0.0,0.0,46.68,MI,1.0
Rohan Shetty,35,India,Wicketkeeper,142.0,9,11055.0,152.2,0.0,0.0,54.49,GT,2.0
Harshit Chopra,33,West Indies,Allrounder,51.0,3,5879.0,152.0,239.0,6.48,21.24,MI,2.0
Vikas Shetty,36,Australia,Bowler,260.0,13,228.0,133.6,414.0,6.83,28.73,SRH,0.5
Irfan Khan,29,Sri Lanka,Bowler,216.0,8,1889.0,102.8,255.0,5.93,50.51,SRH,0.2
Irfan Yadav,20,India,Wicketkeeper,15.0,1,3718.0,116.5,0.0,0.0,41.91,RR,11.0
Nikhil Kulkarni,31,India,Allrounder,30.0,1,7526.0,107.4,398.0,5.56,54.72,SRH,1.0
Sameer Mehta,23,India,Batter,44.0,2,3915.0,152.7,12.0,8.64,30.35,CSK,1.0
Vikas Malik,31,India,Wicketkeeper,160.0,9,11438.0,104.9,0.0,0.0,37.61,LSG,0.2
Irfan Singh,29,Australia,Bowler,148.0,9,3304.0,105.5,392.0,5.88,45.66,GT,10.0
Aditya Naidu,33,India,Allrounder,28.0,1,4102.0,106.2,238.0,6.27,31.62,MI,3.0
Rahul Kulkarni,29,England,Allrounder,155.0,7,4692.0,138.6,254.0,6.97,36.87,RR,5.0
Karthik Shetty,32,India,Allrounder,56.0,2,2473.0,103.3,111.0,6.84,52.01,MI,10.0
Rahul Chopra,19,England,Batter,21.0,1,9016.0,136.0,13.0,9.25,20.62,CSK,1.5
Harshit Khan,33,India,Bowler,257.0,11,2955.0,132.8,427.0,6.04,54.81,RR,3.0
Manoj Patel,22,India,Wicketkeeper,90.0,3,6393.0,154.8,0.0,0.0,50.02,DC,0.2
Arjun Sharma,24,South Africa,Allrounder,49.0,3,5628.0,152.2,260.0,5.22,41.44,GT,0.5
Harshit Sharma,39,India,Bowler,458.0,21,3906.0,119.4,228.0,7.04,31.19,SRH,7.0
Arjun Singh,23,India,Wicketkeeper,90.0,5,2554.0,122.8,0.0,0.0,25.14,KKR,7.0
Sameer Mehta,20,India,Bowler,15.0,1,2314.0,146.5,94.0,5.36,21.33,GT,1.5
Vikas Naidu,26,England,Batter,24.0,1,13753.0,102.5,0.0,6.53,34.11,RR,1.5
Sameer Singh,21,England,Batter,53.0,2,3006.0,105.4,4.0,9.49,25.09,RR,3.0
Amit Kulkarni,29,India,Wicketkeeper,198.0,8,7823.0,149.9,0.0,0.0,50.87,PBKS,0.2
Pranav Khan,37,India,Bowler,38.0,2,1601.0,140.1,277.0,4.12,42.94,LSG,1.0
Harshit Mehta,30,India,Batter,282.0,10,6160.0,124.7,13.0,8.69,54.7,PBKS,0.5
Sandeep Reddy,26,South Africa,Wicketkeeper,65.0,4,9266.0,97.6,0.0,0.0,28.2,PBKS,1.0
Karthik Kulkarni,40,India,Wicketkeeper,163.0,7,9998.0,118.8,0.0,0.0,35.74,LSG,7.0
Aditya Khan,28,Australia,Wicketkeeper,88.0,3,5447.0,150.3,0.0,0.0,39.6,PBKS,1.0
Ankit Malik,40,West Indies,Batter,356.0,13,13061.0,119.5,14.0,6.16,34.58,SRH,0.5
Rahul Deshmukh,35,Australia,Allrounder,65.0,3,8319.0,131.0,123.0,8.38,42.25,RCB,2.0
Amit Singh,32,West Indies,Wicketkeeper,315.0,13,8035.0,137.8,0.0,0.0,46.95,CSK,10.0
Manoj Iyer,28,Australia,Allrounder,17.0,1,5952.0,109.2,420.0,7.22,50.59,SRH,1.0
Karthik Chopra,41,England,Wicketkeeper,282.0,18,4161.0,138.9,0.0,0.0,45.97,PBKS,0.2
Sameer Mehta,25,West Indies,Batter,134.0,5,4019.0,143.2,14.0,9.49,49.02,KKR,1.5
Sameer Iyer,26,India,Allrounder,37.0,2,3764.0,104.1,468.0,8.33,37.42,CSK,5.0
Vikas Chopra,37,West Indies,Allrounder,308.0,18,8850.0,114.8,199.0,7.03,49.38,RCB,3.0
Sandeep Verma,18,West Indies,Wicketkeeper,28.0,1,5711.0,140.7,0.0,0.0,45.23,LSG,7.0
Vikas Reddy,29,Sri Lanka,Bowler,237.0,8,930.0,110.6,318.0,7.79,45.74,RCB,11.0
Rohan Singh,19,Australia,Bowler,27.0,1,2684.0,113.8,592.0,6.1,25.62,SRH,7.0
Irfan Patel,27,England,Bowler,78.0,4,3925.0,130.7,695.0,7.4,48.87,CSK,3.0
Rahul Naidu,30,India,Wicketkeeper,149.0,9,10237.0,127.7,0.0,0.0,27.7,LSG,2.0
Aditya Malik,36,West Indies,Batter,23.0,1,9501.0,117.9,14.0,7.18,54.05,PBKS,0.2
Amit Mehta,31,England,Wicketkeeper,33.0,2,4018.0,95.3,0.0,0.0,54.5,PBKS,11.0
Aditya Malik,42,South Africa,Bowler,53.0,2,3971.0,154.8,246.0,7.73,36.68,DC,1.5
Sandeep Patel,28,India,Wicketkeeper,138.0,8,11129.0,152.8,0.0,0.0,33.85,CSK,0.5
Harshit Khan,18,England,Wicketkeeper,26.0,1,2881.0,96.6,0.0,0.0,27.85,PBKS,5.0
Rohan Verma,18,England,Allrounder,28.0,1,8475.0,95.8,471.0,8.31,39.11,MI,1.0
Amit Khan,42,Sri Lanka,Bowler,235.0,13,2035.0,112.2,461.0,4.29,23.08,DC,3.0
Amit Iyer,31,Sri Lanka,Bowler,65.0,3,2214.0,130.5,661.0,7.27,51.57,MI,3.0
Nikhil Deshmukh,23,England,Bowler,99.0,5,1882.0,153.3,109.0,6.62,37.85,CSK,2.0
Pranav Naidu,21,India,Bowler,87.0,3,1869.0,129.6,269.0,6.43,36.95,RR,7.0
Sameer Deshmukh,18,West Indies,Bowler,21.0,1,3403.0,133.7,874.0,7.21,48.05,SRH,1.0
Sameer Khan,22,England,Wicketkeeper,43.0,2,10553.0,142.2,0.0,0.0,26.69,LSG,2.0
Sameer Reddy,33,West Indies,Allrounder,233.0,10,3175.0,107.0,465.0,7.28,40.42,RR,3.0
Harshit Verma,23,Australia,Batter,54.0,3,9857.0,154.8,1.0,8.37,21.07,GT,5.0
Karthik Malik,33,South Africa,Allrounder,221.0,8,4322.0,99.6,311.0,5.32,33.94,SRH,7.0
Manoj Malik,28,England,Allrounder,131.0,8,7854.0,145.6,396.0,7.88,45.79,SRH,1.5
Sandeep Naidu,36,India,Allrounder,123.0,6,4661.0,114.4,315.0,8.14,23.09,PBKS,5.0
Rahul Reddy,39,India,Allrounder,98.0,5,6964.0,146.1,306.0,5.2,45.57,DC,0.5
Ankit Patel,33,West Indies,Bowler,344.0,15,1968.0,115.4,623.0,6.65,33.3,MI,10.0
Pranav Patel,30,Australia,Allrounder,95.0,4,8891.0,98.8,284.0,8.35,47.08,SRH,1.5
Rohan Naidu,39,India,Wicketkeeper,389.0,16,9803.0,113.6,0.0,0.0,21.37,RR,5.0
Vikas Patel,39,West Indies,Batter,73.0,3,5933.0,114.9,15.0,8.6,45.28,GT,0.2
Amit Malik,33,West Indies,Wicketkeeper,339.0,14,11051.0,137.5,0.0,0.0,38.72,RR,0.5
Pranav Deshmukh,39,India,Wicketkeeper,197.0,13,7915.0,141.6,0.0,0.0,40.34,SRH,2.0
Karthik Chopra,39,South Africa,Allrounder,20.0,1,2681.0,139.0,461.0,6.0,40.62,SRH,10.0
Rohan Shetty,20,England,Bowler,32.0,2,2176.0,149.1,818.0,4.05,39.1,RR,3.0
Ankit Yadav,30,India,Batter,98.0,6,7801.0,148.0,2.0,9.04,35.57,MI,10.0
Pranav Mehta,39,Sri Lanka,Bowler,199.0,8,192.0,119.9,624.0,5.93,35.73,GT,2.0
Ankit Shetty,41,Australia,Wicketkeeper,321.0,14,9215.0,148.7,0.0,0.0,47.59,MI,2.0
Amit Shetty,19,India,Wicketkeeper,28.0,1,10087.0,102.6,0.0,0.0,41.36,DC,0.2
Ankit Deshmukh,19,India,Allrounder,27.0,1,4025.0,130.7,79.0,8.49,47.51,RCB,7.0
Manoj Khan,41,England,Allrounder,94.0,5,7138.0,116.0,376.0,7.69,33.01,DC,1.0
Aditya Naidu,41,Sri Lanka,Allrounder,400.0,20,4098.0,125.0,98.0,7.53,39.97,GT,10.0
Sandeep Sharma,30,India,Bowler,253.0,9,2935.0,141.7,207.0,6.71,29.5,RCB,10.0
Arjun Sharma,20,India,Batter,17.0,1,7555.0,112.5,1.0,6.51,37.76,CSK,11.0
Pranav Singh,19,England,Wicketkeeper,29.0,1,10460.0,115.5,0.0,0.0,39.89,DC,3.0
Sandeep Chopra,25,India,Bowler,83.0,3,279.0,125.6,272.0,4.2,32.88,RCB,5.0
Manoj Reddy,22,Australia,Bowler,22.0,1,1467.0,120.4,681.0,6.03,29.95,PBKS,7.0
Manoj Mehta,34,Sri Lanka,Allrounder,21.0,1,2632.0,106.1,335.0,8.16,43.85,GT,0.5
Harshit Singh,32,India,Allrounder,150.0,6,2376.0,127.3,371.0,8.24,50.67,RR,3.0
Pranav Iyer,24,Australia,Batter,85.0,4,12996.0,124.6,8.0,6.44,36.0,SRH,0.2
Nikhil Sharma,29,South Africa,Batter,157.0,10,12398.0,121.6,9.0,6.03,32.92,RR,2.0
Amit Malik,32,India,Bowler,243.0,9,1191.0,151.3,495.0,6.55,23.0,RR,0.5
Sandeep Verma,41,Australia,Wicketkeeper,264.0,11,6473.0,114.6,0.0,0.0,35.54,SRH,0.5
Harshit Iyer,20,India,Allrounder,29.0,1,4004.0,141.5,339.0,6.59,35.52,CSK,1.5
Nikhil Chopra,25,India,Batter,108.0,6,5267.0,137.6,1.0,6.1,50.97,MI,2.0
Pranav Patel,23,West Indies,Allrounder,26.0,1,2141.0,129.9,147.0,6.8,25.7,RCB,3.0
Amit Singh,30,India,Allrounder,234.0,9,6982.0,109.1,209.0,5.77,35.08,SRH,0.2
Amit Sharma,23,Sri Lanka,Wicketkeeper,45.0,2,10300.0,150.7,0.0,0.0,38.26,GT,2.0
Harshit Sharma,29,India,Batter,35.0,2,14884.0,111.0,13.0,6.67,33.44,KKR,0.5
Rohan Shetty,18,West Indies,Bowler,24.0,1,982.0,121.4,244.0,6.37,33.74,LSG,3.0
Sameer Chopra,31,South Africa,Allrounder,154.0,8,6708.0,109.5,152.0,6.98,22.76,SRH,3.0
Sandeep Yadav,20,West Indies,Bowler,26.0,1,3321.0,110.1,343.0,4.09,23.21,KKR,3.0
Sameer Naidu,25,India,Wicketkeeper,107.0,4,8324.0,115.2,0.0,0.0,47.05,KKR,5.0
Rahul Mehta,35,Australia,Bowler,252.0,11,2467.0,131.7,707.0,6.72,49.84,RR,1.5
Sandeep Verma,31,India,Bowler,169.0,9,2786.0,148.1,761.0,5.07,33.97,KKR,7.0
Ankit Chopra,20,West Indies,Allrounder,21.0,1,7524.0,119.3,355.0,6.4,23.43,GT,2.0
Karthik Chopra,23,Australia,Batter,33.0,2,5090.0,103.3,10.0,9.41,31.93,MI,2.0
Karthik Khan,32,Sri Lanka,Wicketkeeper,30.0,1,5554.0,114.2,0.0,0.0,22.61,CSK,5.0
Rohan Deshmukh,27,England,Allrounder,131.0,5,2068.0,97.7,92.0,5.53,30.23,LSG,0.2
Ankit Shetty,25,West Indies,Batter,167.0,7,6455.0,115.4,3.0,9.03,24.33,RR,5.0
Rohan Iyer,39,Australia,Bowler,40.0,2,2463.0,154.8,822.0,6.45,28.13,RR,3.0
Manoj Chopra,31,England,Allrounder,92.0,4,3250.0,153.3,402.0,5.98,26.26,SRH,1.0
Vikas Malik,21,West Indies,Batter,26.0,1,11248.0,109.4,15.0,7.79,52.63,DC,0.2
Pranav Iyer,22,England,Bowler,62.0,4,3434.0,143.9,271.0,7.73,31.02,LSG,0.2
Nikhil Iyer,33,Australia,Batter,212.0,11,4809.0,109.5,0.0,7.41,51.18,RR,10.0
Irfan Iyer,23,West Indies,Wicketkeeper,30.0,2,10505.0,149.9,0.0,0.0,34.66,GT,5.0
Sameer Deshmukh,25,Sri Lanka,Wicketkeeper,62.0,4,8705.0,134.4,0.0,0.0,25.79,SRH,0.5
Nikhil Deshmukh,38,India,Allrounder,359.0,20,6113.0,132.9,460.0,6.52,33.49,PBKS,1.5
Vikas Deshmukh,30,England,Allrounder,270.0,11,2675.0,95.1,136.0,6.25,48.15,KKR,3.0
Sandeep Patel,36,India,Batter,295.0,11,10726.0,153.2,0.0,9.11,45.17,MI,7.0
Amit Chopra,39,India,Batter,34.0,2,3902.0,111.2,11.0,7.92,54.98,RCB,0.2
Amit Chopra,25,India,Bowler,48.0,2,2942.0,135.9,447.0,6.24,43.88,PBKS,1.0
Rohan Reddy,30,India,Batter,29.0,1,4909.0,95.6,0.0,8.96,27.71,RR,10.0
Irfan Chopra,20,Australia,Wicketkeeper,55.0,2,10131.0,134.9,0.0,0.0,51.33,RCB,0.2
Harshit Patel,29,India,Batter,295.0,10,3720.0,119.8,12.0,8.4,32.65,LSG,0.5
Aditya Reddy,31,West Indies,Batter,170.0,6,14921.0,139.5,11.0,8.58,41.25,GT,11.0
Harshit Sharma,32,Sri Lanka,Wicketkeeper,230.0,12,4484.0,112.5,0.0,0.0,52.38,RCB,3.0
Irfan Singh,31,India,Bowler,24.0,1,3685.0,142.4,428.0,6.1,27.5,CSK,1.0
Sandeep Deshmukh,18,India,Bowler,26.0,1,632.0,147.5,361.0,5.31,21.75,LSG,0.2
Harshit Shetty,20,South Africa,Allrounder,58.0,2,3955.0,123.9,235.0,6.79,46.29,DC,0.2
Karthik Reddy,35,South Africa,Wicketkeeper,367.0,14,4467.0,111.9,0.0,0.0,27.67,SRH,1.0
Amit Sharma,26,India,Allrounder,89.0,3,2398.0,129.3,148.0,8.24,23.66,CSK,10.0
Vikas Naidu,42,Australia,Allrounder,350.0,15,7493.0,154.9,89.0,5.68,26.85,GT,2.0
Arjun Shetty,18,India,Bowler,20.0,1,603.0,120.2,412.0,6.32,51.0,RCB,5.0
Vikas Naidu,41,India,Bowler,473.5,22,2991.0,130.8,224.0,6.87,20.38,RR,10.0
Rohan Singh,24,India,Bowler,133.0,6,1130.0,121.7,201.0,7.34,52.61,CSK,2.0
Ankit Naidu,33,South Africa,Wicketkeeper,224.0,8,9661.0,124.7,0.0,0.0,44.3,GT,0.5
Amit Sharma,20,India,Batter,18.0,1,11678.0,139.7,12.0,6.24,31.83,DC,2.0
Nikhil Shetty,23,India,Wicketkeeper,85.0,3,5876.0,116.1,0.0,0.0,24.15,KKR,10.0
Rohan Sharma,27,South Africa,Batter,234.0,9,6691.0,106.1,2.0,6.51,31.49,RCB,7.0
Pranav Chopra,28,India,Allrounder,154.0,6,5439.0,117.1,229.0,8.12,45.35,CSK,0.2
Karthik Singh,33,India,Allrounder,223.0,13,5669.0,130.5,430.0,5.29,36.87,MI,5.0
Vikas Naidu,25,West Indies,Bowler,125.0,6,1124.0,145.8,342.0,7.72,35.92,CSK,3.0
Amit Patel,30,West Indies,Allrounder,157.0,9,3503.0,106.6,299.0,7.71,39.68,KKR,10.0
Irfan Patel,29,Australia,Allrounder,210.0,11,6547.0,115.9,155.0,5.26,27.91,GT,0.5
Ankit Naidu,23,India,Allrounder,90.0,4,8559.0,124.4,454.0,7.52,46.29,CSK,3.0
Irfan Malik,32,India,Bowler,64.0,4,193.0,100.2,512.0,5.96,45.74,LSG,10.0
Amit Singh,29,Sri Lanka,Wicketkeeper,65.0,4,5512.0,145.0,0.0,0.0,51.62,SRH,2.0
Rahul Kulkarni,33,West Indies,Bowler,189.0,10,3597.0,140.2,477.0,6.17,46.32,CSK,2.0
Ankit Reddy,23,India,Wicketkeeper,87.0,4,2861.0,104.3,0.0,0.0,25.75,PBKS,0.2
Nikhil Malik,27,India,Wicketkeeper,49.0,2,8388.0,99.3,0.0,0.0,31.2,RR,1.0
Rahul Malik,30,India,Batter,175.0,7,12456.0,154.9,4.0,7.66,35.08,GT,1.5
Ankit Chopra,20,Australia,Wicketkeeper,22.0,1,8415.0,138.6,0.0,0.0,44.27,RR,11.0
Nikhil Naidu,35,India,Batter,145.0,8,14322.0,98.5,12.0,6.72,39.11,DC,1.0
Nikhil Malik,24,West Indies,Allrounder,28.0,1,6242.0,154.9,88.0,7.45,32.55,RCB,2.0
Pranav Naidu,34,South Africa,Batter,334.0,13,10077.0,117.9,6.0,9.14,44.13,DC,5.0
Harshit Mehta,26,Australia,Allrounder,175.0,6,7103.0,98.2,126.0,7.09,22.74,RR,0.5
Harshit Malik,23,India,Wicketkeeper,25.0,1,8121.0,96.2,0.0,0.0,32.98,PBKS,2.0
Amit Yadav,34,West Indies,Batter,127.0,8,13876.0,105.4,14.0,8.61,41.2,DC,5.0
Rohan Deshmukh,29,India,Bowler,197.0,7,3509.0,142.8,120.0,5.1,47.94,SRH,10.0
Rohan Chopra,34,India,Bowler,201.0,12,3660.0,126.5,702.0,6.95,29.96,GT,3.0
Aditya Iyer,42,Sri Lanka,Wicketkeeper,154.0,6,5935.0,143.6,0.0,0.0,26.51,LSG,5.0
Nikhil Malik,27,India,Wicketkeeper,17.0,1,11624.0,112.4,0.0,0.0,26.44,KKR,0.5
Rahul Khan,20,Sri Lanka,Wicketkeeper,51.0,2,4036.0,135.5,0.0,0.0,44.02,LSG,11.0
Rohan Sharma,21,India,Bowler,30.0,1,3570.0,119.9,304.0,6.48,23.51,RCB,0.5
Rohan Singh,31,Australia,Wicketkeeper,33.0,2,10261.0,149.7,0.0,0.0,37.77,LSG,7.0
Arjun Verma,38,India,Batter,309.0,20,4018.0,130.3,0.0,7.42,26.75,GT,1.0
Vikas Yadav,42,India,Batter,18.0,1,7526.0,119.3,0.0,6.46,27.95,CSK,10.0
Rahul Deshmukh,26,India,Batter,18.0,1,8820.0,148.6,2.0,6.86,38.58,KKR,5.0
Harshit Naidu,36,Australia,Wicketkeeper,111.0,5,6592.0,124.0,0.0,0.0,44.13,RCB,5.0
Rohan Singh,38,India,Wicketkeeper,357.0,15,7583.0,152.1,0.0,0.0,23.93,RR,0.5
Ankit Khan,31,India,Batter,187.0,9,9507.0,130.0,10.0,8.92,25.12,GT,2.0
Karthik Khan,37,India,Allrounder,299.0,15,5721.0,123.9,276.0,6.04,44.19,CSK,3.0
Nikhil Iyer,41,India,Batter,473.5,22,6673.0,127.1,7.0,6.85,43.96,PBKS,7.0
Ankit Reddy,34,Sri Lanka,Wicketkeeper,143.0,5,8702.0,121.9,0.0,0.0,50.21,MI,0.2
Manoj Reddy,35,India,Bowler,69.0,3,2988.0,123.2,667.0,7.3,54.05,RR,11.0
Irfan Naidu,36,West Indies,Wicketkeeper,171.0,6,9452.0,99.5,0.0,0.0,20.12,CSK,10.0
Karthik Khan,40,West Indies,Allrounder,382.0,13,4975.0,131.1,230.0,6.33,42.02,SRH,1.0
Pranav Singh,37,Sri Lanka,Wicketkeeper,350.0,15,9605.0,123.6,0.0,0.0,24.37,PBKS,7.0
Amit Khan,33,England,Batter,62.0,4,14999.0,146.1,13.0,6.6,50.38,LSG,2.0
Pranav Deshmukh,34,Sri Lanka,Bowler,105.0,5,3431.0,134.9,309.0,6.56,40.92,KKR,2.0
Karthik Shetty,36,India,Allrounder,238.0,8,6941.0,120.7,408.0,5.71,44.36,SRH,1.0
Arjun Chopra,23,England,Wicketkeeper,88.0,4,3355.0,127.2,0.0,0.0,20.65,RR,3.0
Rohan Malik,32,India,Allrounder,107.0,4,7590.0,145.7,426.0,8.34,29.12,RR,5.0
Karthik Khan,29,India,Batter,49.0,3,7072.0,150.4,6.0,8.16,23.36,KKR,2.0
Pranav Chopra,18,India,Wicketkeeper,15.0,1,5193.0,125.2,0.0,0.0,35.97,PBKS,3.0
Nikhil Kulkarni,40,England,Bowler,473.5,22,1631.0,145.1,713.0,5.56,33.32,DC,5.0
Arjun Chopra,42,India,Batter,168.0,7,14201.0,99.0,1.0,6.22,21.5,GT,5.0
Irfan Deshmukh,32,India,Batter,256.0,10,5087.0,138.1,6.0,7.43,27.13,PBKS,0.2
Ankit Deshmukh,39,India,Batter,471.0,21,7810.0,136.2,2.0,8.26,28.93,SRH,7.0
Sameer Malik,36,India,Allrounder,403.0,16,5972.0,136.1,495.0,7.1,36.33,LSG,2.0
Karthik Patel,27,Sri Lanka,Wicketkeeper,175.0,9,7302.0,115.2,0.0,0.0,41.67,MI,1.0
Irfan Mehta,37,India,Allrounder,386.0,17,3155.0,120.6,256.0,8.42,33.71,RR,1.0
Rahul Reddy,29,South Africa,Allrounder,29.0,1,2962.0,99.6,176.0,6.62,39.36,RCB,2.0
Arjun Kulkarni,18,India,Bowler,17.0,1,3647.0,102.3,810.0,5.25,36.32,LSG,10.0
Ankit Malik,25,South Africa,Batter,44.0,2,4013.0,119.1,2.0,6.01,23.7,RR,1.5
Arjun Naidu,39,Sri Lanka,Batter,356.0,20,3118.0,144.5,8.0,6.09,52.07,MI,5.0
Aditya Khan,28,Sri Lanka,Bowler,170.0,10,3727.0,127.4,608.0,4.79,29.73,CSK,0.2
Sandeep Iyer,37,India,Batter,323.0,18,12097.0,121.2,12.0,7.73,29.42,MI,2.0
Vikas Khan,19,South Africa,Batter,18.0,1,13387.0,102.6,2.0,8.45,21.86,SRH,11.0
Rahul Naidu,33,India,Allrounder,77.0,4,4839.0,135.0,467.0,7.69,37.45,SRH,7.0
Ankit Patel,29,India,Allrounder,116.0,6,4287.0,124.8,226.0,6.64,35.3,RCB,0.5
Harshit Shetty,36,India,Wicketkeeper,67.0,3,9228.0,118.6,0.0,0.0,37.49,SRH,2.0
Aditya Yadav,30,India,Batter,74.0,4,11397.0,136.5,13.0,7.85,44.89,RR,1.0
Ankit Sharma,40,Sri Lanka,Wicketkeeper,225.0,10,6791.0,117.7,0.0,0.0,34.47,CSK,2.0
Sameer Shetty,24,India,Bowler,49.0,3,2321.0,127.2,169.0,5.42,35.87,DC,7.0
Manoj Verma,31,India,Bowler,140.0,6,2667.0,136.8,525.0,7.38,51.45,LSG,7.0
Karthik Chopra,37,India,Wicketkeeper,277.0,14,3556.0,137.5,0.0,0.0,53.98,MI,1.0
Rohan Malik,27,West Indies,Bowler,145.0,6,1125.0,152.8,869.0,6.42,25.54,SRH,10.0
Vikas Singh,36,India,Allrounder,87.0,3,3674.0,129.7,140.0,5.18,54.42,CSK,3.0
Amit Khan,29,India,Allrounder,49.0,2,2756.0,107.7,347.0,6.46,38.25,RR,1.5
Ankit Patel,40,India,Wicketkeeper,251.0,9,3905.0,133.9,0.0,0.0,31.03,KKR,2.0
Nikhil Kulkarni,19,India,Allrounder,20.0,1,5016.0,153.5,432.0,7.5,51.39,PBKS,3.0
Arjun Verma,42,India,Bowler,160.0,9,2358.0,114.6,877.5,5.11,33.0,LSG,3.0
Amit Khan,23,India,Allrounder,27.0,1,8535.0,101.0,148.0,6.38,46.67,PBKS,2.0
Pranav Yadav,25,India,Bowler,115.0,5,2386.0,147.8,305.0,5.39,52.44,RR,2.0
Karthik Deshmukh,22,India,Allrounder,104.0,4,8568.0,154.3,351.0,5.09,44.85,MI,0.5
Sandeep Chopra,23,India,Batter,46.0,3,10005.0,118.4,5.0,7.82,38.15,KKR,7.0
Arjun Yadav,25,India,Batter,139.0,7,8964.0,132.4,3.0,7.14,23.25,PBKS,3.0
Karthik Naidu,31,India,Batter,207.0,8,14719.0,111.5,13.0,8.17,20.62,RR,0.5
Rahul Naidu,18,India,Batter,22.0,1,6742.0,129.7,10.0,7.93,34.93,RCB,7.0
Aditya Yadav,36,India,Bowler,65.0,4,3709.0,148.6,462.0,4.27,41.4,DC,10.0
Sandeep Deshmukh,25,Sri Lanka,Wicketkeeper,53.0,3,7597.0,101.9,0.0,0.0,37.88,GT,11.0
Harshit Verma,29,Australia,Batter,191.0,11,7365.0,98.6,14.0,7.74,41.24,CSK,1.5
Harshit Malik,39,West Indies,Batter,282.0,16,11713.0,139.9,5.0,8.83,27.1,RR,0.5
Rohan Reddy,20,India,Allrounder,18.0,1,4778.0,115.6,139.0,8.02,53.13,GT,2.0
Amit Yadav,30,South Africa,Wicketkeeper,86.0,3,7166.0,99.3,0.0,0.0,37.02,GT,0.2
Sandeep Deshmukh,38,India,Bowler,260.0,15,3923.0,109.9,221.0,6.27,47.0,RCB,10.0
Vikas Naidu,26,India,Wicketkeeper,70.0,3,10895.0,132.6,0.0,0.0,20.63,GT,0.5
Ankit Verma,41,Australia,Bowler,66.0,3,558.0,124.5,613.0,6.31,26.86,MI,1.0
Karthik Singh,42,India,Allrounder,311.0,16,3614.0,148.8,278.0,8.49,30.24,PBKS,2.0
Manoj Verma,27,Australia,Wicketkeeper,38.0,2,3777.0,127.5,0.0,0.0,31.08,KKR,1.5
Nikhil Verma,18,South Africa,Wicketkeeper,25.0,1,5490.0,141.5,0.0,0.0,52.56,CSK,7.0
Sandeep Mehta,42,India,Bowler,248.0,12,1224.0,143.3,355.0,5.36,37.44,KKR,2.0
Rohan Deshmukh,39,India,Bowler,458.0,18,1307.0,151.3,85.0,5.51,37.86,DC,0.5
Karthik Singh,42,Sri Lanka,Wicketkeeper,339.0,18,11408.0,123.0,0.0,0.0,43.54,SRH,1.0
Pranav Naidu,21,South Africa,Allrounder,72.0,3,2957.0,114.5,217.0,5.91,52.62,CSK,2.0
Aditya Reddy,40,India,Batter,15.0,1,7927.0,144.6,6.0,8.37,29.49,RCB,0.5
Rahul Verma,39,Australia,Wicketkeeper,365.0,15,10297.0,127.6,0.0,0.0,54.0,PBKS,3.0
Nikhil Iyer,23,India,Allrounder,67.0,3,2908.0,104.6,305.0,6.12,37.88,RR,3.0
Amit Singh,42,West Indies,Bowler,398.0,22,2982.0,104.6,132.0,5.47,51.1,RR,5.0
Amit Deshmukh,35,West Indies,Bowler,57.0,2,17.0,129.1,688.0,7.76,47.11,LSG,10.0
Amit Mehta,34,England,Bowler,112.0,6,2564.0,137.1,197.0,7.26,21.55,RCB,10.0
Vikas Kulkarni,18,Australia,Bowler,30.0,1,2313.0,99.3,163.0,4.6,20.35,DC,11.0
Karthik Malik,24,India,Bowler,15.0,1,686.0,118.5,402.0,5.16,28.44,PBKS,1.0
Harshit Kulkarni,20,India,Batter,30.0,1,12792.0,126.8,4.0,6.23,29.57,RCB,0.5
Ankit Shetty,29,Australia,Bowler,238.0,8,867.0,95.5,252.0,7.02,49.49,PBKS,1.0
Vikas Iyer,31,Australia,Batter,207.0,13,12026.0,138.0,0.0,9.34,45.68,RCB,10.0
Pranav Sharma,38,India,Wicketkeeper,348.0,15,11251.0,151.0,0.0,0.0,27.32,CSK,11.0
Harshit Singh,21,South Africa,Batter,47.0,2,8370.0,141.4,4.0,9.48,45.43,CSK,7.0
Arjun Chopra,27,England,Batter,210.0,7,12435.0,127.7,5.0,7.26,42.89,GT,0.2
Rahul Singh,39,India,Allrounder,34.0,2,6792.0,137.3,480.0,7.17,22.88,MI,11.0
Amit Sharma,34,Sri Lanka,Wicketkeeper,386.0,14,7247.0,116.3,0.0,0.0,35.19,PBKS,2.0
Rahul Shetty,36,India,Batter,230.0,9,12547.0,105.4,1.0,6.91,24.86,LSG,0.2
Irfan Khan,25,Sri Lanka,Allrounder,75.0,4,5360.0,124.6,104.0,6.28,22.2,GT,2.0
Harshit Patel,40,England,Batter,334.0,12,12434.0,140.9,13.0,9.31,45.58,RCB,0.2
Rohan Shetty,34,India,Bowler,248.0,9,2215.0,131.2,756.0,4.66,38.54,KKR,3.0
Rahul Singh,31,India,Wicketkeeper,310.0,11,8066.0,153.9,0.0,0.0,46.17,SRH,1.5
Harshit Naidu,39,Australia,Allrounder,473.5,20,7000.0,146.0,485.0,7.02,25.43,MI,2.0
Amit Naidu,38,India,Batter,429.0,16,13554.0,136.4,1.0,6.05,23.44,MI,3.0
Vikas Reddy,25,England,Bowler,84.0,3,608.0,139.7,197.0,4.44,29.47,KKR,10.0
Vikas Verma,38,England,Bowler,432.0,16,2585.0,150.0,168.0,6.39,31.08,CSK,5.0
Manoj Yadav,29,Australia,Wicketkeeper,175.0,6,6124.0,108.0,0.0,0.0,23.73,MI,2.0
Manoj Patel,35,England,Batter,302.0,15,5388.0,98.7,3.0,6.46,23.07,MI,7.0
Nikhil Verma,21,India,Allrounder,84.0,3,2711.0,114.3,411.0,6.51,44.73,PBKS,10.0
Pranav Mehta,40,India,Allrounder,316.0,13,3181.0,142.1,159.0,8.05,38.57,DC,0.2
Manoj Verma,30,India,Wicketkeeper,236.0,11,6154.0,101.1,0.0,0.0,44.84,GT,3.0
Sameer Verma,20,India,Wicketkeeper,17.0,1,11786.0,116.8,0.0,0.0,23.0,CSK,1.0
Irfan Patel,35,South Africa,Batter,37.0,2,12096.0,115.3,5.0,8.95,27.64,CSK,0.2
Vikas Iyer,23,England,Allrounder,61.0,3,6157.0,149.1,461.0,8.05,31.86,RR,5.0
Pranav Chopra,41,West Indies,Batter,195.0,11,13514.0,129.8,15.0,7.24,45.67,PBKS,10.0
Rahul Naidu,34,India,Allrounder,253.0,11,3834.0,130.6,486.0,5.22,53.35,PBKS,0.5
Sameer Kulkarni,25,Australia,Batter,83.0,4,12870.0,149.5,8.0,6.92,53.26,KKR,7.0
Rohan Mehta,35,India,Batter,172.0,7,3764.0,140.3,2.0,6.94,28.36,SRH,7.0
Nikhil Singh,19,West Indies,Wicketkeeper,17.0,1,11278.0,139.3,0.0,0.0,47.91,RR,10.0
Sameer Khan,40,India,Bowler,155.0,7,1927.0,138.0,683.0,4.94,48.42,KKR,1.0
Harshit Reddy,42,India,Wicketkeeper,179.0,6,6393.0,116.5,0.0,0.0,25.87,SRH,10.0
Ankit Sharma,40,India,Wicketkeeper,50.0,2,9555.0,100.5,0.0,0.0,40.14,DC,1.5
Amit Reddy,26,India,Batter,16.0,1,12424.0,144.4,3.0,9.42,35.25,LSG,3.0
Ankit Patel,32,England,Wicketkeeper,191.0,10,2917.0,127.2,0.0,0.0,29.78,CSK,0.2
Vikas Deshmukh,35,Australia,Allrounder,343.0,13,3724.0,123.9,221.0,5.57,36.22,LSG,0.2
Nikhil Yadav,40,West Indies,Bowler,273.0,12,3554.0,152.2,828.0,5.98,41.14,MI,5.0
Rohan Khan,31,India,Allrounder,137.0,7,5286.0,102.7,301.0,7.12,54.88,PBKS,2.0
Arjun Chopra,21,India,Wicketkeeper,15.0,1,10183.0,141.4,0.0,0.0,50.7,GT,1.0
Aditya Kulkarni,38,India,Wicketkeeper,300.0,18,3825.0,119.9,0.0,0.0,37.57,KKR,0.5
Pranav Malik,37,India,Batter,350.0,15,13280.0,106.6,3.0,7.83,44.13,KKR,5.0
Sandeep Yadav,32,England,Wicketkeeper,265.0,12,11201.0,149.2,0.0,0.0,25.73,RCB,0.2
Pranav Deshmukh,35,India,Batter,70.0,4,10206.0,139.3,14.0,6.3,29.56,PBKS,7.0
Irfan Patel,31,India,Allrounder,44.0,2,5619.0,136.7,480.0,7.18,31.27,GT,0.2
Rohan Reddy,26,South Africa,Bowler,77.0,5,250.0,128.0,340.0,7.1,50.41,LSG,0.5
Nikhil Naidu,39,England,Allrounder,138.0,5,2257.0,147.1,134.0,7.67,20.71,RR,1.5
Irfan Singh,28,Australia,Allrounder,131.0,5,6154.0,100.4,380.0,5.85,35.47,GT,2.0
Rahul Verma,29,India,Wicketkeeper,57.0,2,3593.0,148.4,0.0,0.0,36.36,PBKS,1.5
Aditya Khan,39,India,Batter,220.0,9,7972.0,114.6,9.0,8.97,31.88,PBKS,1.5
Pranav Deshmukh,27,India,Bowler,119.0,7,1724.0,120.5,437.0,7.4,47.64,DC,11.0
Irfan Shetty,25,India,Wicketkeeper,133.0,5,9114.0,109.2,0.0,0.0,53.21,KKR,5.0
Karthik Singh,30,Australia,Wicketkeeper,344.0,12,7374.0,129.5,0.0,0.0,46.58,RCB,0.2
Rahul Malik,23,Sri Lanka,Bowler,30.0,1,37.0,124.6,494.0,4.34,51.54,DC,2.0
Rahul Iyer,29,England,Batter,149.0,9,10746.0,97.8,14.0,9.07,30.63,SRH,10.0
Vikas Singh,35,South Africa,Wicketkeeper,214.0,8,10881.0,121.6,0.0,0.0,26.03,CSK,1.0
Sandeep Naidu,19,South Africa,Bowler,28.0,1,701.0,106.1,291.0,6.77,32.13,MI,0.2
Sandeep Khan,37,India,Allrounder,130.0,8,5277.0,123.9,362.0,7.32,45.85,RR,5.0
Ankit Singh,32,India,Wicketkeeper,58.0,3,4583.0,152.7,0.0,0.0,24.08,GT,3.0
Ankit Kulkarni,31,India,Bowler,56.0,2,1853.0,108.8,85.0,6.7,34.51,SRH,3.0
Vikas Kulkarni,20,India,Bowler,16.0,1,680.0,103.2,412.0,4.12,31.19,RCB,0.2
Rohan Malik,39,Sri Lanka,Batter,213.0,8,8060.0,149.0,0.0,7.2,45.96,RR,0.5
Arjun Khan,42,India,Batter,284.0,15,4854.0,130.9,2.0,9.4,28.46,DC,3.0
Aditya Chopra,28,England,Allrounder,158.0,7,2955.0,114.2,470.0,6.15,31.43,KKR,0.5
Ankit Yadav,41,West Indies,Wicketkeeper,402.0,18,11395.0,135.4,0.0,0.0,38.58,MI,2.0
Rohan Mehta,25,India,Wicketkeeper,41.0,2,4959.0,118.1,0.0,0.0,25.22,RCB,3.0
Rohan Singh,40,Sri Lanka,Wicketkeeper,317.0,19,8696.0,96.3,0.0,0.0,27.66,GT,1.0
Aditya Sharma,30,India,Bowler,70.0,4,393.0,142.1,524.0,4.41,23.94,KKR,11.0
Karthik Sharma,42,West Indies,Batter,349.0,18,4371.0,118.1,10.0,8.53,22.57,MI,7.0
Harshit Malik,28,India,Allrounder,223.0,8,7672.0,129.8,228.0,7.84,28.25,MI,5.0
Arjun Chopra,21,India,Batter,24.0,1,3249.0,97.7,2.0,9.13,27.06,KKR,0.2
Nikhil Khan,33,Australia,Batter,237.0,10,13313.0,137.6,11.0,8.63,30.12,SRH,0.2
Aditya Reddy,33,South Africa,Wicketkeeper,263.0,15,8133.0,98.7,0.0,0.0,50.03,PBKS,2.0
Irfan Patel,24,Sri Lanka,Wicketkeeper,67.0,4,4733.0,113.8,0.0,0.0,26.85,MI,0.5
Ankit Deshmukh,19,Australia,Allrounder,18.0,1,6677.0,149.6,267.0,6.81,21.52,LSG,11.0
Irfan Shetty,28,India,Allrounder,131.0,7,1547.0,129.3,64.0,7.68,34.89,PBKS,0.5
Sandeep Iyer,22,Sri Lanka,Allrounder,32.0,2,4796.0,152.9,237.0,7.6,28.02,KKR,2.0
Pranav Deshmukh,27,England,Bowler,118.0,4,346.0,149.8,693.0,4.55,43.41,KKR,1.5
Sameer Patel,37,India,Bowler,306.0,15,546.0,129.4,708.0,5.66,46.1,MI,3.0
Irfan Shetty,23,India,Batter,106.0,4,3910.0,150.2,13.0,8.71,34.94,PBKS,0.5
Sandeep Sharma,33,India,Allrounder,168.0,7,7721.0,133.4,467.0,6.03,34.55,MI,2.0
Amit Patel,40,India,Batter,123.0,8,14157.0,120.2,8.0,8.08,25.35,CSK,1.0
Irfan Singh,30,India,Batter,24.0,1,12591.0,136.5,10.0,7.64,47.97,RCB,10.0
Aditya Singh,30,India,Wicketkeeper,130.0,7,11483.0,124.6,0.0,0.0,25.78,MI,0.2
Karthik Kulkarni,37,India,Bowler,297.0,12,3164.0,142.2,802.0,5.58,34.45,RCB,10.0
Irfan Mehta,42,India,Bowler,340.0,17,1394.0,125.4,877.5,6.65,28.44,RCB,7.0
Rohan Chopra,24,West Indies,Allrounder,57.0,2,1682.0,100.1,291.0,7.79,38.37,GT,1.0
Ankit Naidu,42,South Africa,Wicketkeeper,290.0,14,7609.0,107.5,0.0,0.0,22.35,LSG,7.0
Nikhil Iyer,24,India,Allrounder,107.0,5,4970.0,125.0,160.0,6.76,44.74,GT,0.2
Irfan Kulkarni,42,England,Bowler,88.0,3,968.0,138.7,345.0,6.83,34.33,SRH,11.0
Rahul Reddy,32,West Indies,Batter,108.0,5,14125.0,129.6,14.0,8.21,34.75,CSK,3.0
Sandeep Iyer,35,Australia,Bowler,103.0,4,1110.0,151.8,729.0,6.27,26.75,KKR,1.0
Karthik Shetty,36,West Indies,Allrounder,227.0,10,5802.0,98.2,221.0,8.17,30.79,SRH,1.5
Rohan Singh,39,Australia,Allrounder,240.0,13,2467.0,132.6,362.0,6.01,24.59,MI,0.2
Nikhil Deshmukh,29,India,Bowler,152.0,8,542.0,144.7,468.0,7.35,42.82,PBKS,11.0
Rahul Yadav,40,India,Wicketkeeper,38.0,2,6338.0,122.5,0.0,0.0,52.65,KKR,0.2
Manoj Shetty,35,South Africa,Wicketkeeper,89.0,5,4667.0,144.8,0.0,0.0,37.48,SRH,5.0
Ankit Verma,24,India,Allrounder,132.0,6,7434.0,129.0,332.0,7.46,40.58,DC,2.0
Karthik Iyer,42,South Africa,Bowler,110.0,4,1919.0,122.7,531.0,5.26,22.73,CSK,11.0
Nikhil Kulkarni,38,West Indies,Batter,108.0,7,6951.0,136.7,6.0,7.25,53.36,LSG,1.0
Sandeep Sharma,26,England,Wicketkeeper,132.0,7,11726.0,152.8,0.0,0.0,39.45,LSG,3.0
Harshit Kulkarni,21,India,Batter,80.0,3,5591.0,106.1,2.0,8.12,44.34,PBKS,2.0
Amit Naidu,34,West Indies,Allrounder,143.0,7,5859.0,112.1,366.0,5.25,43.39,KKR,5.0
Ankit Sharma,28,West Indies,Batter,105.0,6,8664.0,98.0,3.0,7.09,49.12,RR,0.2
Manoj Iyer,39,West Indies,Allrounder,66.0,3,4738.0,98.8,434.0,6.09,22.62,LSG,0.5
Rahul Naidu,38,India,Bowler,382.0,14,1892.0,105.7,812.0,4.96,47.1,RR,0.5
Irfan Chopra,23,Australia,Bowler,62.0,3,3570.0,143.3,451.0,5.22,26.08,MI,5.0
Aditya Malik,31,Sri Lanka,Batter,133.0,6,6335.0,136.3,1.0,7.73,42.82,SRH,0.5
Manoj Deshmukh,20,India,Allrounder,47.0,2,3643.0,150.5,204.0,7.1,28.0,KKR,3.0
Harshit Sharma,28,India,Allrounder,93.0,5,2645.0,148.0,77.0,6.73,22.73,MI,0.5
Arjun Patel,37,India,Allrounder,320.0,17,1939.0,109.0,223.0,5.2,42.16,KKR,10.0
Arjun Mehta,37,India,Batter,123.0,8,12271.0,106.4,4.0,6.91,36.06,GT,11.0
Aditya Sharma,38,Australia,Bowler,98.0,6,3315.0,109.9,591.0,6.33,30.52,RCB,2.0
Amit Malik,31,West Indies,Wicketkeeper,130.0,7,11470.0,131.8,0.0,0.0,53.1,RR,1.5
Manoj Deshmukh,23,Sri Lanka,Bowler,112.0,5,247.0,142.0,780.0,6.56,32.84,RR,1.0
Karthik Yadav,18,Australia,Wicketkeeper,28.0,1,5535.0,111.3,0.0,0.0,35.9,DC,0.2
Nikhil Sharma,29,India,Allrounder,188.0,11,3280.0,122.4,226.0,7.82,49.64,MI,1.0
Rahul Iyer,28,India,Batter,76.0,4,14216.0,99.3,6.0,9.46,21.59,DC,5.0
Manoj Reddy,31,India,Allrounder,299.0,12,2004.0,118.1,258.0,5.52,24.59,PBKS,3.0
Sameer Reddy,33,Australia,Allrounder,170.0,11,3224.0,96.4,362.0,8.05,31.05,SRH,11.0
Sandeep Patel,20,Australia,Bowler,59.0,2,3285.0,150.9,418.0,4.7,43.43,MI,1.5
Sandeep Sharma,42,England,Wicketkeeper,473.5,22,6220.0,149.7,0.0,0.0,54.03,DC,5.0
Harshit Khan,23,England,Wicketkeeper,26.0,1,7697.0,124.8,0.0,0.0,28.2,GT,2.0
Irfan Khan,18,Australia,Wicketkeeper,26.0,1,2725.0,106.6,0.0,0.0,27.8,PBKS,2.0
Aditya Reddy,29,Sri Lanka,Bowler,175.0,9,609.0,97.4,653.0,6.69,21.8,CSK,1.0
Nikhil Iyer,34,West Indies,Bowler,254.0,10,3590.0,133.5,477.0,6.31,43.28,GT,2.0
Amit Reddy,34,India,Batter,26.0,1,7671.0,143.4,9.0,7.3,38.68,DC,2.0
Ankit Iyer,41,South Africa,Batter,118.0,7,7171.0,142.8,3.0,6.37,53.36,KKR,5.0
Pranav Naidu,31,Sri Lanka,Bowler,358.0,13,663.0,118.5,588.0,4.23,37.06,CSK,11.0
Amit Malik,26,India,Batter,56.0,3,13646.0,147.1,9.0,6.51,29.95,DC,1.5
Nikhil Khan,18,Sri Lanka,Bowler,17.0,1,193.0,135.3,348.0,6.98,40.93,LSG,0.2
Ankit Shetty,34,India,Batter,271.0,12,7345.0,108.2,5.0,6.67,21.66,PBKS,2.0
Arjun Verma,27,Australia,Wicketkeeper,161.0,9,7534.0,109.4,0.0,0.0,32.09,CSK,3.0
Amit Kulkarni,33,West Indies,Allrounder,44.0,2,5497.0,117.0,457.0,7.92,46.41,GT,0.5
Ankit Deshmukh,36,India,Batter,214.0,12,12691.0,142.1,3.0,7.54,54.17,RR,7.0
Pranav Shetty,38,India,Wicketkeeper,185.0,7,3533.0,109.4,0.0,0.0,50.18,PBKS,11.0
Pranav Sharma,30,Sri Lanka,Allrounder,238.0,9,7149.0,144.0,160.0,7.18,42.81,SRH,11.0
Karthik Shetty,25,India,Allrounder,24.0,1,2339.0,108.7,200.0,6.48,22.45,PBKS,0.5
Harshit Khan,38,Australia,Bowler,355.0,19,1913.0,154.4,469.0,6.03,45.83,GT,10.0
Rohan Patel,33,England,Wicketkeeper,271.0,14,9784.0,114.6,0.0,0.0,48.95,RR,5.0
Harshit Naidu,26,England,Wicketkeeper,210.0,7,9367.0,141.1,0.0,0.0,29.86,GT,2.0
Rahul Reddy,24,India,Wicketkeeper,140.0,6,3615.0,95.9,0.0,0.0,24.14,SRH,3.0
Manoj Shetty,38,England,Batter,97.0,4,9087.0,145.2,4.0,9.07,30.33,GT,7.0
Rahul Reddy,27,Sri Lanka,Wicketkeeper,39.0,2,10539.0,112.1,0.0,0.0,47.75,GT,2.0
Manoj Kulkarni,35,Australia,Allrounder,116.0,6,2919.0,141.7,206.0,8.28,41.2,KKR,1.5
Irfan Patel,20,India,Batter,21.0,1,14364.0,126.5,3.0,6.85,28.17,CSK,2.0
Rahul Sharma,26,India,Allrounder,53.0,2,2558.0,118.2,63.0,7.83,49.18,MI,3.0
Karthik Verma,20,India,Allrounder,40.0,2,7124.0,144.4,283.0,6.34,31.67,GT,0.5
Nikhil Malik,36,India,Batter,258.0,14,11202.0,131.9,1.0,7.54,22.46,SRH,10.0
Rohan Singh,23,India,Bowler,23.0,1,3505.0,129.4,877.5,7.6,37.77,GT,5.0
Arjun Sharma,33,India,Batter,329.0,12,5956.0,146.9,14.0,8.94,38.28,LSG,3.0
Rohan Deshmukh,34,South Africa,Wicketkeeper,357.0,12,7220.0,150.6,0.0,0.0,22.27,KKR,0.2
Sandeep Kulkarni,23,Sri Lanka,Allrounder,48.0,3,2910.0,130.8,237.0,5.4,32.39,SRH,3.0
Irfan Shetty,37,South Africa,Allrounder,85.0,4,5074.0,114.7,350.0,6.62,34.17,SRH,0.5
Karthik Shetty,38,Sri Lanka,Batter,94.0,5,5155.0,130.6,7.0,8.88,54.91,RCB,0.2
Amit Chopra,40,India,Wicketkeeper,73.0,4,7457.0,142.2,0.0,0.0,29.58,RR,3.0
Ankit Yadav,42,Sri Lanka,Allrounder,473.5,22,8660.0,115.2,495.0,5.93,49.51,PBKS,2.0
Aditya Yadav,19,England,Batter,27.0,1,14476.0,108.8,1.0,6.1,51.67,GT,3.0
Amit Khan,22,Sri Lanka,Allrounder,78.0,3,3139.0,108.6,254.0,7.24,27.67,RCB,0.2
Arjun Khan,40,Australia,Wicketkeeper,88.0,5,7305.0,146.8,0.0,0.0,51.28,SRH,2.0
Rohan Verma,32,England,Batter,170.0,10,8672.0,120.2,7.0,6.9,49.21,LSG,0.5
Manoj Khan,33,South Africa,Bowler,170.0,11,3669.0,143.8,632.0,6.93,38.14,CSK,11.0
Pranav Chopra,42,India,Bowler,77.0,5,56.0,114.6,778.0,7.46,25.48,RCB,3.0
Arjun Sharma,38,Sri Lanka,Wicketkeeper,160.0,6,4776.0,137.5,0.0,0.0,38.88,RR,5.0
Ankit Kulkarni,38,India,Wicketkeeper,136.0,9,4915.0,146.3,0.0,0.0,22.84,DC,1.5
Rahul Iyer,22,West Indies,Bowler,33.0,2,1633.0,112.6,718.0,7.21,42.92,GT,0.2
Irfan Chopra,18,India,Allrounder,19.0,1,3364.0,131.6,125.0,5.14,45.1,KKR,11.0
Rohan Verma,33,Australia,Bowler,49.0,3,3680.0,107.9,867.0,5.4,38.82,RCB,1.0
Arjun Chopra,30,Australia,Bowler,23.0,1,2219.0,114.4,765.0,7.17,28.84,MI,2.0
Pranav Yadav,23,India,Bowler,46.0,2,3847.0,151.9,824.0,5.06,32.57,RCB,5.0
Rahul Mehta,27,Sri Lanka,Wicketkeeper,115.0,7,3243.0,95.2,0.0,0.0,47.36,PBKS,0.2
Vikas Iyer,34,India,Wicketkeeper,101.0,4,6215.0,137.0,0.0,0.0,24.5,MI,7.0
Aditya Kulkarni,32,India,Allrounder,261.0,13,4324.0,131.5,378.0,8.45,37.53,RCB,3.0
Karthik Iyer,29,Sri Lanka,Allrounder,78.0,5,7352.0,148.9,66.0,6.34,28.54,RCB,1.0
Harshit Verma,26,India,Allrounder,204.0,8,4311.0,102.3,354.0,6.0,46.57,RCB,0.2
Amit Yadav,39,Australia,Bowler,356.0,15,3521.0,131.5,453.0,6.26,27.65,LSG,0.5
Harshit Naidu,38,India,Bowler,34.0,2,3007.0,140.9,131.0,6.47,32.53,SRH,10.0
Pranav Sharma,42,India,Wicketkeeper,30.0,2,9948.0,143.1,0.0,0.0,32.21,GT,5.0
Aditya Kulkarni,33,Sri Lanka,Wicketkeeper,108.0,4,8454.0,140.5,0.0,0.0,21.18,RR,1.0
Sameer Naidu,34,England,Wicketkeeper,299.0,12,6339.0,128.1,0.0,0.0,53.93,MI,0.2
Vikas Chopra,25,Sri Lanka,Allrounder,54.0,2,6331.0,111.9,59.0,8.43,35.45,KKR,5.0
Harshit Kulkarni,23,England,Allrounder,43.0,2,6367.0,147.4,414.0,5.22,39.9,CSK,3.0
Harshit Patel,27,India,Wicketkeeper,179.0,8,11093.0,118.1,0.0,0.0,23.95,PBKS,2.0
Karthik Mehta,21,India,Batter,23.0,1,11863.0,126.8,1.0,9.31,29.9,RR,1.5
Sandeep Verma,36,Sri Lanka,Bowler,263.0,12,1747.0,111.2,198.0,5.33,41.06,RCB,0.5
Sameer Naidu,32,India,Bowler,200.0,12,1949.0,146.4,824.0,7.53,36.11,RCB,5.0
Rahul Naidu,40,England,Batter,25.0,1,14362.0,120.4,12.0,8.89,28.83,DC,11.0
Karthik Yadav,32,India,Allrounder,125.0,8,8790.0,113.2,254.0,8.44,31.33,DC,0.5
Irfan Verma,32,West Indies,Allrounder,324.0,12,1847.0,103.0,442.0,8.46,46.62,SRH,3.0
Aditya Reddy,40,Sri Lanka,Batter,372.0,16,14660.0,125.7,1.0,9.28,20.09,LSG,2.0
Rohan Shetty,25,India,Bowler,22.0,1,2762.0,101.7,772.0,5.43,34.57,PBKS,2.0
Arjun Yadav,41,Australia,Batter,18.0,1,11739.0,121.3,15.0,8.77,35.12,KKR,1.0
Harshit Kulkarni,21,India,Allrounder,49.0,2,6623.0,129.9,139.0,6.95,49.97,CSK,7.0
Vikas Shetty,19,Australia,Batter,21.0,1,4727.0,144.3,7.0,7.08,39.81,DC,2.0
Rahul Iyer,32,England,Bowler,357.0,12,118.0,112.7,877.5,5.14,32.64,PBKS,3.0
Harshit Mehta,42,Sri Lanka,Batter,228.0,9,12259.0,108.8,14.0,8.18,52.21,GT,1.0
Pranav Mehta,25,Sri Lanka,Bowler,46.0,2,159.0,150.2,716.0,6.18,21.62,RCB,0.5
Sameer Shetty,36,West Indies,Bowler,125.0,5,862.0,96.4,671.0,5.3,29.53,PBKS,0.2
Manoj Iyer,21,Australia,Batter,72.0,3,10536.0,97.2,13.0,9.02,35.27,CSK,5.0
Arjun Patel,24,India,Bowler,23.0,1,2233.0,120.0,482.0,4.45,49.36,RR,0.5
Pranav Reddy,33,West Indies,Wicketkeeper,28.0,1,6700.0,132.4,0.0,0.0,45.79,PBKS,5.0
Rahul Chopra,26,India,Batter,80.0,5,4733.0,151.7,10.0,7.22,44.82,DC,1.5
Harshit Iyer,26,England,Wicketkeeper,74.0,3,6244.0,120.3,0.0,0.0,34.93,DC,2.0
Arjun Naidu,18,England,Batter,24.0,1,5874.0,129.6,7.0,9.22,44.72,RCB,2.0
Pranav Deshmukh,18,India,Bowler,30.0,1,2831.0,108.4,461.0,5.58,45.32,LSG,1.5
Irfan Iyer,23,India,Allrounder,22.0,1,2065.0,125.1,483.0,7.13,41.84,LSG,0.2
Vikas Verma,21,South Africa,Allrounder,69.0,3,8575.0,142.6,159.0,5.73,53.19,MI,1.0
Karthik Naidu,35,Sri Lanka,Wicketkeeper,106.0,6,10120.0,148.5,0.0,0.0,31.25,DC,5.0
Pranav Mehta,32,Australia,Batter,172.0,8,3435.0,143.5,11.0,7.42,40.83,GT,5.0
Manoj Khan,24,Sri Lanka,Allrounder,126.0,6,8844.0,150.6,428.0,6.92,38.76,DC,1.0
Harshit Chopra,42,Australia,Wicketkeeper,52.0,2,11248.0,125.9,0.0,0.0,21.47,KKR,2.0
Rahul Reddy,31,South Africa,Wicketkeeper,235.0,13,4561.0,99.2,0.0,0.0,20.26,SRH,0.5
Karthik Shetty,36,South Africa,Wicketkeeper,46.0,3,7835.0,149.8,0.0,0.0,34.29,KKR,0.5
Sameer Khan,25,India,Batter,115.0,7,3210.0,145.7,0.0,7.64,41.32,GT,0.2
Arjun Yadav,19,West Indies,Wicketkeeper,20.0,1,9194.0,131.6,0.0,0.0,30.38,MI,10.0
Rahul Mehta,24,Sri Lanka,Allrounder,103.0,4,7603.0,104.9,64.0,7.92,21.86,GT,0.5
Ankit Sharma,24,India,Bowler,49.0,2,814.0,111.1,316.0,4.73,29.88,GT,1.0
Karthik Malik,37,Australia,Bowler,122.0,5,1085.0,108.1,755.0,6.55,43.68,SRH,1.0
Harshit Verma,40,India,Allrounder,293.0,12,5749.0,103.8,293.0,5.32,37.81,LSG,0.5
Rohan Verma,40,Sri Lanka,Bowler,338.0,20,1866.0,146.6,399.0,7.5,53.91,LSG,3.0
Arjun Reddy,18,Australia,Wicketkeeper,19.0,1,2594.0,134.0,0.0,0.0,43.65,LSG,0.2
Vikas Naidu,39,West Indies,Batter,237.0,13,6130.0,132.4,14.0,8.19,25.15,RR,0.5
Ankit Deshmukh,30,India,Bowler,59.0,2,121.0,118.2,637.0,6.07,35.49,PBKS,5.0
Nikhil Sharma,33,India,Wicketkeeper,180.0,9,10696.0,126.4,0.0,0.0,24.49,PBKS,1.5
Sandeep Khan,20,India,Batter,25.0,1,14709.0,98.8,3.0,7.26,54.29,RR,5.0
Rahul Sharma,29,South Africa,Wicketkeeper,126.0,7,5292.0,102.1,0.0,0.0,29.05,RCB,3.0
Nikhil Yadav,40,England,Batter,272.0,11,5138.0,124.0,9.0,9.12,24.75,KKR,1.0
Pranav Iyer,27,India,Wicketkeeper,116.0,4,10692.0,118.1,0.0,0.0,24.06,GT,5.0
Irfan Iyer,26,India,Batter,16.0,1,3706.0,98.1,8.0,6.7,35.34,DC,0.2
Nikhil Patel,25,India,Batter,46.0,2,13645.0,130.2,3.0,8.82,41.22,GT,3.0
Sameer Mehta,22,South Africa,Wicketkeeper,72.0,3,10142.0,107.0,0.0,0.0,32.04,RR,2.0
Vikas Patel,34,India,Batter,181.0,7,7366.0,100.3,1.0,8.96,50.03,LSG,1.0
Ankit Patel,37,Sri Lanka,Wicketkeeper,158.0,7,11266.0,124.0,0.0,0.0,49.3,KKR,3.0
Aditya Kulkarni,26,South Africa,Allrounder,45.0,2,6115.0,115.3,354.0,6.11,46.31,MI,10.0
Irfan Singh,21,India,Allrounder,45.0,3,5667.0,108.8,409.0,7.75,54.05,MI,11.0
Vikas Shetty,26,England,Allrounder,116.0,7,8926.0,99.1,331.0,5.3,40.84,GT,3.0
Sameer Reddy,26,Australia,Allrounder,26.0,1,6692.0,152.7,452.0,7.53,34.17,GT,2.0
Amit Khan,36,India,Allrounder,164.0,7,4478.0,131.2,482.0,5.09,30.14,MI,1.0
Aditya Malik,23,Sri Lanka,Wicketkeeper,96.0,5,4780.0,121.0,0.0,0.0,37.1,PBKS,1.0
Amit Iyer,28,England,Allrounder,198.0,8,3535.0,124.2,497.0,5.23,34.92,RCB,2.0
Sameer Shetty,40,Sri Lanka,Bowler,70.0,4,1527.0,133.7,355.0,6.71,26.48,RCB,1.5
Pranav Sharma,27,India,Allrounder,147.0,6,6223.0,110.1,202.0,5.72,26.26,KKR,10.0
Rohan Shetty,35,Sri Lanka,Allrounder,131.0,5,2716.0,154.7,161.0,7.3,42.82,RR,1.5
Pranav Naidu,37,India,Wicketkeeper,339.0,13,2679.0,131.4,0.0,0.0,34.35,GT,1.5
Manoj Yadav,32,India,Batter,141.0,6,9983.0,149.7,5.0,7.09,53.92,GT,1.5
Amit Mehta,30,India,Allrounder,178.0,8,3209.0,112.4,278.0,6.74,46.95,PBKS,7.0
Nikhil Deshmukh,41,Sri Lanka,Bowler,124.0,5,1123.0,140.9,625.0,4.5,48.66,MI,5.0
Rahul Verma,18,Australia,Wicketkeeper,23.0,1,2915.0,102.5,0.0,0.0,54.19,DC,3.0
Sameer Mehta,39,South Africa,Batter,132.0,6,3316.0,151.2,10.0,9.45,37.36,DC,1.5
Arjun Verma,41,Australia,Allrounder,346.0,17,8118.0,129.9,104.0,5.86,34.7,MI,7.0
Aditya Reddy,35,India,Allrounder,137.0,8,8360.0,120.4,343.0,5.72,43.24,CSK,0.2
Rahul Kulkarni,25,Australia,Batter,77.0,3,13399.0,115.0,12.0,6.25,20.62,LSG,10.0
Sameer Chopra,24,England,Bowler,94.0,4,1037.0,133.4,481.0,6.85,22.19,CSK,2.0
Pranav Shetty,19,India,Batter,25.0,1,13986.0,96.4,3.0,9.38,40.65,SRH,1.5
Rahul Naidu,33,South Africa,Bowler,98.0,6,3604.0,142.3,114.0,6.95,21.2,RCB,2.0
Manoj Yadav,35,Australia,Allrounder,249.0,9,7088.0,150.1,342.0,8.17,39.65,MI,5.0
Manoj Singh,30,West Indies,Bowler,47.0,2,2914.0,97.7,703.0,5.83,39.67,CSK,0.2
Ankit Chopra,37,India,Allrounder,467.0,16,5372.0,141.4,342.0,6.43,34.14,DC,10.0
Manoj Deshmukh,37,West Indies,Batter,402.0,16,3706.0,101.1,12.0,8.39,24.65,RR,2.0
Nikhil Chopra,28,West Indies,Batter,44.0,2,7683.0,97.7,9.0,6.49,38.95,GT,1.5
Harshit Iyer,40,Sri Lanka,Bowler,403.0,16,1853.0,131.6,601.0,7.02,40.12,MI,0.5
Ankit Naidu,42,Sri Lanka,Allrounder,283.0,11,1691.0,115.4,243.0,7.38,32.67,SRH,2.0
Arjun Deshmukh,19,India,Allrounder,24.0,1,5926.0,137.7,445.0,6.1,25.66,GT,2.0
Harshit Deshmukh,29,India,Allrounder,164.0,7,7283.0,130.8,226.0,5.05,52.98,KKR,2.0
Aditya Malik,27,South Africa,Batter,41.0,2,5463.0,142.0,15.0,8.13,43.55,DC,5.0
Sameer Kulkarni,32,South Africa,Batter,20.0,1,9385.0,138.1,12.0,7.74,48.84,DC,2.0
Arjun Sharma,42,India,Batter,473.5,20,12631.0,115.2,4.0,6.79,27.83,DC,11.0
Rohan Reddy,18,India,Allrounder,28.0,1,7390.0,148.1,429.0,6.58,32.08,KKR,3.0
Amit Reddy,42,Australia,Wicketkeeper,186.0,9,5132.0,117.5,0.0,0.0,50.11,RR,7.0
Ankit Deshmukh,25,India,Allrounder,92.0,4,5765.0,127.1,143.0,6.8,50.13,GT,0.2
Pranav Patel,41,India,Bowler,203.0,8,633.0,135.9,446.0,5.86,23.0,SRH,1.5
Sameer Mehta,27,West Indies,Allrounder,179.0,9,7605.0,119.3,44.0,5.63,37.32,RCB,1.5
Ankit Yadav,30,Sri Lanka,Wicketkeeper,183.0,7,9847.0,152.9,0.0,0.0,53.97,SRH,3.0
Nikhil Sharma,40,India,Batter,79.0,3,4350.0,113.9,0.0,8.98,53.74,CSK,10.0
Sameer Iyer,19,South Africa,Bowler,28.0,1,3477.0,118.6,172.0,6.62,44.56,RR,0.2
Arjun Deshmukh,32,South Africa,Batter,200.0,9,8053.0,103.8,2.0,6.06,49.04,GT,0.2
Aditya Naidu,30,England,Wicketkeeper,45.0,3,4920.0,133.7,0.0,0.0,32.75,RR,7.0
Sameer Shetty,41,England,Allrounder,331.0,20,7709.0,149.3,83.0,6.75,42.11,RCB,0.5
Ankit Yadav,22,India,Batter,44.0,2,8368.0,102.2,5.0,7.39,30.28,DC,5.0
Irfan Reddy,33,India,Wicketkeeper,42.0,2,5239.0,153.7,0.0,0.0,35.31,RR,3.0
Vikas Chopra,27,India,Bowler,87.0,3,198.0,124.9,862.0,5.79,50.94,CSK,7.0
Rahul Naidu,42,Australia,Batter,318.0,16,9492.0,136.6,0.0,8.11,33.63,LSG,0.5
Arjun Khan,35,Australia,Allrounder,193.0,8,2459.0,150.9,289.0,5.1,53.22,RR,0.5
Karthik Chopra,41,India,Batter,198.0,11,6357.0,151.6,7.0,9.32,48.53,KKR,3.0
Rohan Mehta,21,South Africa,Bowler,35.0,2,422.0,145.7,581.0,6.6,41.02,LSG,11.0
Irfan Shetty,27,Sri Lanka,Batter,41.0,2,4713.0,118.5,9.0,6.47,54.0,KKR,2.0
Arjun Deshmukh,21,South Africa,Allrounder,46.0,2,7113.0,147.1,335.0,6.23,23.26,RR,1.5
Nikhil Deshmukh,35,India,Bowler,172.0,6,535.0,116.1,535.0,5.27,21.81,LSG,3.0
Sandeep Shetty,34,Australia,Batter,373.0,13,13230.0,106.6,13.0,6.42,49.32,GT,10.0
Sameer Singh,24,India,Allrounder,54.0,3,2043.0,112.9,376.0,5.22,20.36,CSK,7.0
Rohan Khan,37,England,Batter,351.0,19,8268.0,132.2,6.0,8.43,42.57,PBKS,11.0
Vikas Sharma,28,South Africa,Allrounder,243.0,10,3724.0,107.5,331.0,6.31,45.21,MI,0.2
Ankit Shetty,41,Australia,Batter,305.0,16,8911.0,103.3,3.0,8.84,37.04,PBKS,0.2
Harshit Khan,26,India,Bowler,107.0,6,153.0,105.1,735.0,4.95,45.7,MI,3.0
Amit Kulkarni,42,India,Wicketkeeper,136.0,7,9537.0,127.3,0.0,0.0,27.57,LSG,7.0
Rahul Iyer,18,India,Bowler,16.0,1,1172.0,153.0,497.0,5.18,49.7,MI,1.0
Ankit Iyer,35,India,Wicketkeeper,469.0,16,3490.0,147.8,0.0,0.0,36.1,MI,1.0
Ankit Verma,34,England,Wicketkeeper,234.0,10,9601.0,132.4,0.0,0.0,33.19,RCB,7.0
Irfan Iyer,40,India,Wicketkeeper,283.0,17,7779.0,99.7,0.0,0.0,34.04,RCB,0.2
Karthik Patel,26,England,Batter,123.0,5,11157.0,112.2,6.0,8.08,49.68,CSK,1.5
Aditya Malik,37,India,Bowler,134.0,5,37.0,117.0,469.0,4.57,24.37,RR,2.0
Aditya Yadav,26,West Indies,Bowler,219.0,8,3187.0,97.4,856.0,5.54,29.54,DC,3.0
Rahul Naidu,41,India,Allrounder,111.0,7,3991.0,123.7,277.0,6.4,39.03,DC,5.0
Rohan Chopra,33,India,Batter,29.0,1,9401.0,126.4,4.0,6.96,37.82,KKR,1.5
Ankit Singh,32,West Indies,Bowler,70.0,4,1884.0,144.8,827.0,5.2,39.1,KKR,3.0
Sandeep Deshmukh,27,India,Bowler,115.0,4,522.0,151.8,425.0,5.26,49.58,RR,3.0
Rohan Chopra,19,Sri Lanka,Bowler,22.0,1,3692.0,136.5,844.0,7.73,33.24,KKR,3.0
Irfan Sharma,39,Australia,Bowler,127.0,5,1051.0,134.8,514.0,5.07,54.33,MI,5.0
Vikas Chopra,33,England,Batter,127.0,6,4394.0,147.9,10.0,8.19,31.52,CSK,1.0
Vikas Mehta,40,India,Batter,95.0,6,4981.0,149.4,0.0,7.42,46.49,LSG,0.2
Vikas Sharma,26,India,Bowler,149.0,5,2209.0,141.5,134.0,7.73,35.7,DC,0.2
Amit Kulkarni,36,South Africa,Allrounder,209.0,8,1661.0,149.0,68.0,6.86,39.31,PBKS,1.0
Sameer Reddy,41,Australia,Wicketkeeper,455.0,17,8620.0,110.3,0.0,0.0,35.25,GT,2.0
Sandeep Iyer,28,India,Allrounder,253.0,9,5103.0,100.8,239.0,6.81,46.03,DC,7.0
Ankit Singh,34,Australia,Wicketkeeper,259.0,12,4819.0,101.6,0.0,0.0,34.17,RR,5.0
Karthik Singh,36,India,Wicketkeeper,167.0,6,5943.0,143.3,0.0,0.0,36.36,CSK,7.0
Aditya Reddy,22,Australia,Bowler,84.0,3,1144.0,115.5,220.0,7.2,53.52,LSG,1.5
Manoj Reddy,23,England,Batter,35.0,2,6127.0,97.3,3.0,6.73,50.53,CSK,2.0
Aditya Verma,26,India,Batter,213.0,8,14475.0,108.9,7.0,8.63,54.47,RCB,1.5
Sameer Naidu,39,India,Wicketkeeper,195.0,11,5396.0,125.1,0.0,0.0,53.29,LSG,0.5
Nikhil Yadav,26,South Africa,Allrounder,21.0,1,4572.0,123.3,115.0,6.77,35.72,GT,0.2
Sameer Naidu,42,England,Batter,146.0,8,6573.0,127.0,14.0,7.17,35.84,DC,3.0
Sameer Naidu,24,South Africa,Allrounder,117.0,6,2011.0,110.6,487.0,5.13,27.46,LSG,11.0
Ankit Chopra,42,West Indies,Wicketkeeper,418.0,22,9938.0,147.0,0.0,0.0,40.96,DC,0.5
Sameer Shetty,31,India,Allrounder,134.0,6,7036.0,152.4,366.0,7.67,42.54,RR,0.2
Pranav Sharma,35,Sri Lanka,Bowler,432.0,16,2089.0,113.7,408.0,7.73,26.52,KKR,7.0
Pranav Shetty,34,India,Allrounder,120.0,4,6142.0,123.2,308.0,6.41,51.34,SRH,1.0
Arjun Naidu,40,India,Wicketkeeper,184.0,7,2845.0,128.6,0.0,0.0,30.23,RR,7.0
Ankit Reddy,32,India,Batter,134.0,6,8784.0,125.3,11.0,8.6,25.67,MI,5.0
Sameer Verma,21,West Indies,Wicketkeeper,18.0,1,11714.0,129.6,0.0,0.0,51.9,PBKS,11.0
Sameer Patel,34,England,Wicketkeeper,337.0,13,11146.0,145.6,0.0,0.0,40.54,MI,2.0
Karthik Patel,37,Sri Lanka,Batter,19.0,1,12710.0,100.2,14.0,7.32,36.44,GT,5.0
Sameer Reddy,18,India,Bowler,18.0,1,1458.0,116.6,856.0,6.86,28.24,GT,2.0
Sandeep Sharma,30,India,Allrounder,68.0,3,6734.0,144.3,488.0,8.26,42.34,RR,3.0
Nikhil Shetty,20,South Africa,Wicketkeeper,15.0,1,8124.0,103.2,0.0,0.0,25.07,LSG,2.0
Harshit Iyer,26,West Indies,Allrounder,110.0,4,2527.0,132.0,416.0,5.36,24.04,RR,0.5
Aditya Naidu,42,India,Allrounder,89.0,3,2573.0,154.6,381.0,7.95,32.82,MI,2.0
Aditya Patel,25,Sri Lanka,Wicketkeeper,55.0,2,6537.0,122.2,0.0,0.0,44.91,CSK,3.0
Ankit Mehta,22,India,Wicketkeeper,56.0,3,6433.0,151.2,0.0,0.0,51.29,RCB,7.0
Arjun Mehta,19,India,Allrounder,25.0,1,4856.0,105.1,404.0,5.2,46.41,PBKS,5.0
Karthik Iyer,26,India,Batter,101.0,4,13715.0,103.0,8.0,8.41,37.57,MI,5.0
Harshit Patel,30,South Africa,Batter,108.0,4,14965.0,108.1,14.0,8.73,50.5,GT,0.2
Arjun Malik,18,England,Wicketkeeper,15.0,1,7734.0,98.2,0.0,0.0,47.38,KKR,5.0
Nikhil Yadav,27,West Indies,Allrounder,88.0,5,3321.0,113.9,88.0,7.16,45.23,MI,2.0
Sameer Naidu,22,Sri Lanka,Allrounder,57.0,3,3596.0,151.0,461.0,7.74,32.87,CSK,10.0
Pranav Malik,21,England,Allrounder,23.0,1,7172.0,131.2,43.0,7.4,38.38,CSK,10.0
Rohan Shetty,32,India,Wicketkeeper,376.0,14,11618.0,148.4,0.0,0.0,20.11,LSG,0.2
Pranav Mehta,39,India,Bowler,299.0,13,2245.0,127.3,786.0,5.07,26.24,SRH,7.0
Rohan Khan,21,India,Batter,24.0,1,12057.0,133.9,0.0,9.18,36.73,DC,0.2
Harshit Sharma,42,West Indies,Bowler,442.0,15,1024.0,122.1,826.0,7.1,39.55,LSG,1.5
Ankit Chopra,29,India,Allrounder,210.0,11,2582.0,116.9,122.0,5.01,24.86,SRH,3.0
Manoj Kulkarni,32,India,Wicketkeeper,204.0,12,11576.0,136.4,0.0,0.0,36.77,CSK,0.5
Irfan Naidu,19,England,Wicketkeeper,20.0,1,9851.0,113.1,0.0,0.0,36.37,RCB,5.0
Rohan Khan,36,England,Allrounder,120.0,7,7334.0,150.5,451.0,5.73,21.89,SRH,0.2
Karthik Naidu,36,India,Wicketkeeper,32.0,2,2627.0,146.9,0.0,0.0,37.9,SRH,0.5
Amit Reddy,42,Australia,Bowler,421.0,18,818.0,113.2,823.0,6.35,53.83,KKR,3.0
Pranav Kulkarni,33,Australia,Batter,35.0,2,8434.0,130.3,14.0,6.99,54.77,GT,5.0
Sandeep Shetty,41,Sri Lanka,Allrounder,241.0,12,4265.0,127.2,147.0,8.08,54.66,KKR,10.0
Sandeep Verma,40,South Africa,Wicketkeeper,268.0,9,10850.0,137.1,0.0,0.0,27.3,GT,5.0
Sandeep Khan,38,India,Bowler,148.0,7,107.0,115.1,268.0,5.54,32.04,DC,5.0
Rohan Kulkarni,23,India,Wicketkeeper,72.0,4,6269.0,140.6,0.0,0.0,40.45,RR,1.5
Irfan Patel,34,Sri Lanka,Wicketkeeper,137.0,9,8062.0,97.3,0.0,0.0,50.71,KKR,0.2
Aditya Singh,34,India,Wicketkeeper,286.0,16,3851.0,112.8,0.0,0.0,54.9,RCB,0.5
Aditya Khan,39,India,Bowler,471.0,21,50.0,151.4,729.0,7.63,48.39,CSK,3.0
Sandeep Khan,22,India,Allrounder,37.0,2,7053.0,127.0,463.0,5.77,27.85,CSK,5.0
Arjun Verma,35,India,Bowler,331.0,16,3422.0,131.7,113.0,4.99,21.43,DC,2.0
Ankit Kulkarni,19,India,Batter,21.0,1,9601.0,150.1,12.0,9.39,33.33,RR,5.0
Pranav Shetty,31,South Africa,Allrounder,236.0,10,5659.0,123.0,232.0,6.8,50.88,KKR,3.0
Nikhil Patel,41,Sri Lanka,Allrounder,473.5,20,7191.0,111.7,488.0,7.41,35.64,PBKS,0.2
Aditya Kulkarni,28,Australia,Bowler,55.0,2,1291.0,152.6,823.0,5.63,26.14,SRH,0.5
Nikhil Reddy,28,Sri Lanka,Bowler,72.0,4,2013.0,147.8,402.0,4.34,51.38,LSG,7.0
Arjun Yadav,36,West Indies,Bowler,289.0,10,2151.0,125.7,753.0,7.31,43.09,MI,5.0
Manoj Reddy,30,India,Wicketkeeper,56.0,2,7405.0,128.8,0.0,0.0,22.43,KKR,10.0
Nikhil Patel,23,England,Batter,108.0,5,14986.0,95.8,3.0,8.09,31.37,MI,0.2
Rohan Mehta,30,Sri Lanka,Bowler,136.0,9,3097.0,113.2,444.0,7.54,52.89,LSG,11.0
Rahul Khan,39,India,Batter,244.0,9,9082.0,113.9,8.0,6.88,41.99,SRH,0.5
Rahul Iyer,33,Sri Lanka,Allrounder,192.0,7,6747.0,125.1,451.0,7.67,50.87,RR,0.2
Karthik Singh,38,England,Batter,160.0,9,6281.0,150.3,7.0,6.14,26.87,KKR,11.0
Sandeep Malik,26,India,Wicketkeeper,118.0,6,7447.0,148.1,0.0,0.0,34.03,PBKS,1.0
Manoj Malik,39,India,Allrounder,471.0,20,7172.0,135.3,312.0,7.91,26.16,DC,5.0
Irfan Sharma,22,Australia,Bowler,45.0,2,1642.0,109.7,117.0,7.49,28.54,PBKS,0.5
Karthik Reddy,28,South Africa,Wicketkeeper,171.0,10,5248.0,143.9,0.0,0.0,23.71,DC,3.0
Harshit Khan,26,Australia,Bowler,66.0,4,1279.0,125.2,471.0,4.84,49.07,SRH,10.0
Nikhil Deshmukh,33,West Indies,Wicketkeeper,345.0,13,4953.0,103.8,0.0,0.0,39.17,KKR,1.5
Irfan Mehta,29,Australia,Bowler,329.0,11,2438.0,146.6,309.0,6.7,52.74,MI,5.0
Pranav Kulkarni,33,India,Allrounder,93.0,4,3340.0,134.2,83.0,7.75,35.18,RCB,0.5
Aditya Reddy,42,South Africa,Batter,473.5,22,14302.0,137.6,8.0,6.39,54.75,GT,3.0
Irfan Chopra,26,India,Wicketkeeper,136.0,8,2553.0,139.2,0.0,0.0,20.58,LSG,1.5
Rahul Reddy,32,Australia,Batter,38.0,2,4878.0,131.9,4.0,7.74,44.14,PBKS,0.5
Pranav Patel,30,Sri Lanka,Wicketkeeper,164.0,10,4366.0,138.2,0.0,0.0,39.53,GT,1.0
Rohan Malik,28,England,Wicketkeeper,108.0,4,6954.0,108.4,0.0,0.0,52.98,CSK,0.5
Aditya Khan,20,West Indies,Allrounder,25.0,1,6879.0,109.2,443.0,7.44,31.28,PBKS,10.0
Rohan Iyer,21,India,Wicketkeeper,24.0,1,4646.0,150.3,0.0,0.0,51.06,RR,1.5
Amit Verma,22,India,Allrounder,70.0,4,8337.0,97.3,125.0,6.42,21.7,DC,1.0
Pranav Naidu,34,West Indies,Bowler,194.0,11,202.0,132.7,841.0,5.08,40.45,CSK,2.0
Pranav Verma,25,India,Wicketkeeper,80.0,3,11781.0,133.0,0.0,0.0,45.1,KKR,1.5
Rohan Kulkarni,21,India,Batter,23.0,1,9586.0,101.3,1.0,6.07,32.58,PBKS,5.0
Arjun Kulkarni,42,Australia,Bowler,102.0,4,2681.0,99.5,663.0,4.59,42.43,DC,11.0
Manoj Shetty,36,India,Bowler,391.0,15,1371.0,140.2,133.0,7.1,48.6,KKR,2.0
Arjun Reddy,34,Sri Lanka,Batter,48.0,3,7399.0,139.1,4.0,8.33,29.51,RR,10.0
Irfan Kulkarni,41,India,Allrounder,394.0,19,4139.0,106.0,182.0,8.48,27.51,LSG,3.0
Rohan Iyer,39,India,Wicketkeeper,37.0,2,8396.0,112.3,0.0,0.0,54.14,GT,0.5
Harshit Chopra,36,Sri Lanka,Allrounder,458.0,17,6603.0,142.7,379.0,8.46,42.02,GT,5.0
Harshit Chopra,20,India,Allrounder,35.0,2,2159.0,153.2,116.0,6.82,44.35,SRH,2.0
Amit Singh,25,India,Wicketkeeper,76.0,3,3193.0,151.7,0.0,0.0,31.08,PBKS,5.0
Karthik Iyer,40,England,Bowler,230.0,13,1602.0,146.3,356.0,5.27,25.24,KKR,10.0
Rahul Patel,40,West Indies,Wicketkeeper,206.0,7,11244.0,151.8,0.0,0.0,37.76,KKR,2.0
Karthik Patel,33,India,Allrounder,23.0,1,5575.0,115.2,415.0,8.24,45.06,RR,10.0
Amit Deshmukh,29,South Africa,Wicketkeeper,107.0,5,9247.0,124.0,0.0,0.0,41.94,CSK,5.0
Nikhil Mehta,21,West Indies,Wicketkeeper,37.0,2,10897.0,125.3,0.0,0.0,53.85,SRH,2.0
Aditya Sharma,38,South Africa,Wicketkeeper,288.0,12,10742.0,136.5,0.0,0.0,28.8,MI,3.0
Karthik Shetty,28,West Indies,Wicketkeeper,220.0,9,6281.0,149.6,0.0,0.0,30.29,LSG,1.5
Nikhil Naidu,41,India,Allrounder,101.0,5,1837.0,101.1,156.0,6.3,51.5,DC,11.0
Irfan Mehta,38,India,Batter,227.0,13,9194.0,110.5,0.0,7.0,52.21,PBKS,5.0
Rahul Kulkarni,25,Sri Lanka,Wicketkeeper,187.0,7,7175.0,143.3,0.0,0.0,24.94,DC,0.2
Arjun Yadav,22,West Indies,Wicketkeeper,30.0,2,6081.0,141.2,0.0,0.0,51.96,LSG,1.5
Rahul Chopra,32,England,Wicketkeeper,47.0,2,11421.0,99.7,0.0,0.0,48.88,RR,3.0
Manoj Shetty,18,India,Allrounder,16.0,1,3558.0,135.2,468.0,6.92,37.25,MI,0.2
Ankit Reddy,31,South Africa,Allrounder,139.0,6,3311.0,97.0,393.0,7.44,46.69,DC,0.2
Manoj Yadav,30,India,Bowler,233.0,12,3753.0,122.3,713.0,4.13,25.28,GT,2.0
Vikas Malik,22,Australia,Bowler,60.0,2,3094.0,113.8,267.0,7.13,35.89,CSK,1.5
Karthik Mehta,21,West Indies,Bowler,20.0,1,3701.0,141.4,111.0,5.63,36.84,PBKS,2.0
Nikhil Deshmukh,27,Sri Lanka,Wicketkeeper,146.0,9,4015.0,142.3,0.0,0.0,22.57,KKR,1.0
Ankit Shetty,23,India,Bowler,53.0,2,2024.0,128.1,724.0,4.73,53.15,LSG,0.5
Nikhil Sharma,33,India,Allrounder,333.0,12,2563.0,97.6,341.0,5.26,25.48,MI,5.0
Nikhil Iyer,39,India,Bowler,419.0,20,856.0,118.9,534.0,6.44,48.89,CSK,2.0
Sameer Naidu,18,India,Allrounder,25.0,1,1904.0,106.8,410.0,5.25,30.5,SRH,0.5
Nikhil Kulkarni,33,India,Allrounder,237.0,12,6447.0,136.1,119.0,7.19,24.35,MI,1.0
Irfan Reddy,35,South Africa,Bowler,114.0,5,2552.0,115.5,325.0,7.59,44.96,PBKS,3.0
Arjun Yadav,35,India,Wicketkeeper,145.0,5,2727.0,126.5,0.0,0.0,27.8,MI,0.2
Vikas Chopra,40,India,Bowler,28.0,1,3070.0,144.1,546.0,7.22,33.86,KKR,0.5
Rahul Verma,41,Australia,Wicketkeeper,168.0,7,9283.0,130.3,0.0,0.0,29.02,CSK,0.2
Sameer Khan,20,India,Allrounder,58.0,2,6985.0,113.5,408.0,7.41,49.54,RR,7.0
Arjun Patel,28,India,Batter,236.0,9,14459.0,95.9,9.0,6.76,29.4,MI,5.0
Sandeep Khan,39,India,Bowler,137.0,5,3044.0,125.5,596.0,4.73,27.13,KKR,5.0
Pranav Kulkarni,36,India,Bowler,181.0,11,3713.0,109.5,877.5,6.9,44.74,RCB,5.0
Karthik Iyer,19,India,Batter,19.0,1,13713.0,154.2,15.0,8.02,55.0,KKR,5.0
Harshit Sharma,27,Australia,Bowler,154.0,8,506.0,140.6,86.0,7.3,33.53,MI,2.0
Harshit Verma,34,India,Allrounder,148.0,7,3532.0,152.4,288.0,7.64,20.82,SRH,5.0
Nikhil Shetty,27,India,Allrounder,76.0,3,5605.0,108.1,209.0,6.88,39.53,SRH,0.2
Aditya Naidu,35,India,Wicketkeeper,190.0,9,4639.0,123.0,0.0,0.0,40.15,CSK,3.0
Amit Mehta,34,England,Batter,161.0,7,4122.0,152.6,2.0,7.93,39.33,MI,7.0
Aditya Mehta,18,India,Bowler,22.0,1,3970.0,114.2,397.0,7.22,35.33,LSG,2.0
Irfan Verma,20,England,Bowler,16.0,1,1319.0,111.7,701.0,5.79,33.29,RCB,1.5
Rahul Sharma,39,India,Bowler,303.0,13,3438.0,129.8,653.0,6.27,42.28,RR,1.0
Arjun Naidu,27,South Africa,Batter,144.0,5,13010.0,113.9,13.0,7.23,41.41,LSG,5.0
Pranav Chopra,20,India,Wicketkeeper,48.0,2,9332.0,103.0,0.0,0.0,28.86,LSG,5.0
Sandeep Shetty,22,Sri Lanka,Allrounder,26.0,1,7997.0,99.4,403.0,5.15,28.52,PBKS,10.0
Rahul Deshmukh,35,India,Batter,48.0,3,14835.0,109.7,0.0,6.07,42.92,SRH,1.5
Sameer Mehta,34,India,Allrounder,81.0,5,4669.0,121.2,216.0,5.21,51.96,RCB,7.0
Manoj Chopra,21,England,Wicketkeeper,18.0,1,7742.0,142.5,0.0,0.0,30.69,RCB,3.0
Rohan Mehta,22,India,Batter,26.0,1,7494.0,114.8,13.0,9.24,22.54,RR,10.0
Irfan Sharma,36,Australia,Allrounder,25.0,1,6891.0,147.2,84.0,8.48,36.31,GT,3.0
Sameer Verma,33,India,Batter,252.0,12,10853.0,135.3,6.0,8.33,26.81,RCB,2.0
Ankit Khan,18,South Africa,Wicketkeeper,22.0,1,5138.0,107.0,0.0,0.0,36.44,RCB,3.0
Rohan Patel,23,India,Allrounder,99.0,5,4134.0,95.6,322.0,8.19,47.39,KKR,5.0
Pranav Khan,38,India,Bowler,36.0,2,1967.0,123.7,846.0,4.22,42.33,MI,11.0
Sandeep Yadav,33,England,Batter,19.0,1,6249.0,98.5,10.0,8.4,34.65,KKR,0.2
Karthik Verma,18,England,Bowler,30.0,1,3675.0,99.0,134.0,6.22,24.73,MI,0.2
Arjun Reddy,34,Australia,Bowler,117.0,7,1558.0,126.3,182.0,6.52,25.66,CSK,10.0
Irfan Verma,27,Australia,Allrounder,97.0,4,8954.0,149.8,97.0,6.87,20.55,KKR,3.0
Irfan Verma,40,England,Bowler,473.5,21,2986.0,99.4,373.0,6.44,20.23,DC,3.0
Aditya Yadav,38,India,Allrounder,224.0,14,3730.0,120.4,458.0,5.53,48.08,KKR,2.0
Pranav Kulkarni,18,West Indies,Batter,17.0,1,11206.0,132.5,3.0,6.99,34.39,DC,0.2
Vikas Singh,29,South Africa,Allrounder,197.0,11,6434.0,125.9,117.0,5.82,47.91,CSK,7.0
Aditya Deshmukh,29,Australia,Batter,151.0,9,12329.0,145.8,8.0,8.91,31.85,PBKS,5.0
Sameer Yadav,42,India,Wicketkeeper,128.0,8,5386.0,142.6,0.0,0.0,27.43,KKR,1.0
Aditya Malik,37,England,Wicketkeeper,156.0,7,11534.0,139.3,0.0,0.0,53.19,DC,1.0
Sameer Iyer,28,West Indies,Bowler,15.0,1,1532.0,121.4,274.0,4.05,42.67,CSK,7.0
Irfan Kulkarni,35,India,Wicketkeeper,265.0,10,8555.0,137.1,0.0,0.0,26.16,PBKS,0.2
Harshit Deshmukh,20,South Africa,Bowler,25.0,1,311.0,131.9,639.0,7.69,25.75,SRH,10.0
Sameer Mehta,24,Australia,Allrounder,145.0,6,2428.0,142.0,362.0,5.07,22.79,MI,1.0
Aditya Verma,23,Sri Lanka,Batter,22.0,1,7498.0,129.5,0.0,6.49,41.12,CSK,3.0
Harshit Patel,18,India,Wicketkeeper,18.0,1,3010.0,136.2,0.0,0.0,33.77,RR,10.0
Irfan Khan,35,India,Batter,159.0,8,12942.0,153.5,13.0,8.71,29.49,LSG,5.0
Ankit Singh,24,India,Batter,57.0,2,13103.0,150.7,14.0,8.46,44.02,KKR,2.0
Karthik Singh,28,West Indies,Batter,84.0,4,4639.0,108.4,5.0,8.38,38.73,RCB,5.0
Amit Khan,39,India,Allrounder,107.0,6,4062.0,137.0,333.0,6.97,54.89,CSK,1.5
Irfan Chopra,24,West Indies,Allrounder,74.0,4,4315.0,98.9,59.0,5.12,22.73,MI,1.0
Sandeep Chopra,38,Australia,Bowler,30.0,2,3998.0,103.2,767.0,6.82,41.79,LSG,11.0
Pranav Naidu,34,Australia,Allrounder,462.0,16,2617.0,122.4,157.0,6.14,27.55,GT,5.0
Aditya Malik,29,South Africa,Batter,39.0,2,5969.0,130.2,3.0,9.03,53.06,RCB,5.0
Irfan Chopra,38,Australia,Bowler,168.0,10,1587.0,102.4,819.0,6.18,25.98,GT,1.5
Sameer Verma,25,Sri Lanka,Allrounder,173.0,6,6345.0,138.5,135.0,8.46,21.72,LSG,0.2
Nikhil Shetty,33,India,Wicketkeeper,166.0,11,8167.0,137.2,0.0,0.0,34.43,KKR,0.2
Aditya Kulkarni,29,India,Allrounder,55.0,2,3556.0,104.2,456.0,6.08,49.4,LSG,3.0
Amit Verma,29,Australia,Bowler,99.0,4,1115.0,112.4,648.0,4.24,30.72,KKR,7.0
Aditya Reddy,21,Sri Lanka,Bowler,39.0,2,1192.0,125.5,305.0,4.61,20.41,GT,3.0
Sameer Yadav,25,Australia,Wicketkeeper,170.0,6,2685.0,113.1,0.0,0.0,52.68,MI,7.0
Amit Sharma,22,India,Bowler,15.0,1,909.0,116.6,701.0,5.18,36.56,GT,0.2
Pranav Verma,20,Sri Lanka,Batter,26.0,1,9122.0,143.5,14.0,7.97,26.66,CSK,1.5
Rahul Malik,35,India,Bowler,274.0,14,2072.0,140.5,392.0,7.31,45.29,RR,1.0
Amit Singh,41,Australia,Bowler,216.0,10,3814.0,96.3,850.0,4.33,40.79,KKR,2.0
Sameer Singh,38,West Indies,Allrounder,277.0,16,8835.0,130.1,157.0,8.02,27.46,CSK,0.2
Sameer Reddy,35,India,Batter,133.0,5,13697.0,137.0,2.0,6.32,45.26,MI,11.0
Karthik Yadav,36,Sri Lanka,Batter,196.0,11,8039.0,96.7,12.0,6.6,34.29,RCB,1.0
Rohan Iyer,25,Australia,Allrounder,72.0,3,8174.0,137.4,306.0,7.04,48.35,GT,10.0
Sandeep Sharma,31,India,Wicketkeeper,72.0,4,11106.0,131.6,0.0,0.0,23.88,KKR,2.0
Harshit Iyer,25,India,Bowler,144.0,7,2496.0,154.1,347.0,6.59,51.7,LSG,11.0
Aditya Verma,25,India,Wicketkeeper,42.0,2,8276.0,147.3,0.0,0.0,30.58,CSK,3.0
Nikhil Iyer,28,England,Allrounder,147.0,9,2855.0,146.1,160.0,7.63,43.74,SRH,10.0
Amit Chopra,41,West Indies,Batter,165.0,8,13612.0,152.2,8.0,6.88,35.78,MI,0.2
Irfan Singh,41,Australia,Batter,390.0,18,13803.0,101.6,5.0,6.45,42.66,MI,5.0
Pranav Shetty,33,India,Wicketkeeper,97.0,4,11891.0,121.3,0.0,0.0,23.31,SRH,10.0
Rahul Chopra,26,India,Wicketkeeper,93.0,5,7352.0,139.4,0.0,0.0,47.98,MI,0.5
Sandeep Khan,42,Australia,Wicketkeeper,43.0,2,4055.0,138.5,0.0,0.0,27.08,MI,0.2
Rohan Naidu,25,India,Allrounder,45.0,2,1981.0,95.6,126.0,7.41,30.68,KKR,2.0
Ankit Shetty,42,India,Allrounder,239.0,11,6663.0,145.1,321.0,6.4,33.66,RR,10.0
Irfan Khan,21,Sri Lanka,Batter,44.0,2,13881.0,116.1,3.0,6.04,37.46,DC,3.0
Sameer Verma,35,India,Wicketkeeper,34.0,2,5588.0,151.9,0.0,0.0,52.94,PBKS,3.0
Ankit Iyer,37,England,Wicketkeeper,389.0,14,4221.0,105.9,0.0,0.0,26.48,GT,0.5
Nikhil Sharma,38,India,Batter,249.0,9,7556.0,142.3,10.0,6.57,20.21,GT,0.2
Ankit Reddy,39,India,Allrounder,320.0,15,1645.0,127.3,289.0,5.45,28.66,DC,7.0
Karthik Malik,31,South Africa,Bowler,78.0,4,3468.0,116.6,872.0,4.35,29.6,KKR,0.2
Karthik Patel,24,India,Bowler,63.0,3,1614.0,153.8,329.0,5.94,24.35,RCB,3.0
Pranav Malik,19,England,Batter,21.0,1,3339.0,150.9,8.0,7.3,50.69,CSK,10.0
Vikas Iyer,23,India,Wicketkeeper,81.0,5,5401.0,118.7,0.0,0.0,44.46,KKR,0.5
Karthik Verma,30,Australia,Allrounder,177.0,6,3885.0,137.8,348.0,5.31,54.05,LSG,5.0
Karthik Yadav,24,India,Wicketkeeper,66.0,4,9054.0,127.2,0.0,0.0,37.45,DC,0.2
Amit Iyer,18,Sri Lanka,Allrounder,23.0,1,7893.0,133.0,41.0,5.66,40.67,GT,3.0
Rohan Khan,37,South Africa,Bowler,140.0,7,1947.0,96.6,877.5,6.48,39.21,PBKS,0.5
Vikas Mehta,37,South Africa,Allrounder,125.0,7,8056.0,107.5,93.0,7.08,27.29,DC,5.0
Sandeep Deshmukh,41,India,Allrounder,270.0,11,5223.0,137.7,472.0,5.97,41.22,RR,1.0
Aditya Naidu,20,India,Wicketkeeper,21.0,1,9563.0,145.7,0.0,0.0,30.35,CSK,2.0
Manoj Naidu,20,India,Wicketkeeper,19.0,1,4471.0,149.7,0.0,0.0,46.03,KKR,3.0
Pranav Shetty,40,England,Wicketkeeper,473.5,21,7037.0,118.7,0.0,0.0,23.33,LSG,0.5
Karthik Naidu,20,India,Allrounder,54.0,2,3794.0,152.4,214.0,5.9,30.86,RCB,5.0
Aditya Shetty,25,Sri Lanka,Wicketkeeper,49.0,2,4158.0,114.8,0.0,0.0,26.64,RR,1.0
Karthik Reddy,40,Australia,Bowler,272.0,14,2357.0,111.5,499.0,7.07,31.56,RCB,5.0
Vikas Sharma,39,Sri Lanka,Wicketkeeper,48.0,2,11194.0,119.9,0.0,0.0,35.18,CSK,0.5
Pranav Shetty,23,India,Bowler,45.0,2,2048.0,125.2,582.0,5.56,48.51,GT,5.0
Irfan Reddy,42,India,Allrounder,114.0,7,2388.0,142.9,297.0,7.87,23.54,KKR,0.5
Aditya Reddy,32,South Africa,Batter,269.0,9,10820.0,102.2,14.0,8.8,24.37,RCB,2.0
Sameer Sharma,25,Sri Lanka,Batter,58.0,3,7896.0,144.2,9.0,9.32,39.33,DC,1.0
Harshit Sharma,42,Australia,Allrounder,324.0,14,6551.0,154.4,386.0,8.06,41.37,CSK,5.0
Nikhil Yadav,26,India,Bowler,169.0,8,3502.0,140.3,501.0,6.33,28.12,RR,1.0
Nikhil Khan,22,South Africa,Wicketkeeper,27.0,1,6306.0,105.0,0.0,0.0,46.59,RCB,10.0
Karthik Malik,38,India,Wicketkeeper,369.0,14,8646.0,115.7,0.0,0.0,24.73,RR,10.0
Sandeep Naidu,30,South Africa,Allrounder,60.0,4,1651.0,116.5,444.0,6.1,53.78,KKR,0.5
Amit Verma,32,West Indies,Allrounder,125.0,6,2435.0,126.9,403.0,7.44,53.91,CSK,3.0
Harshit Chopra,24,India,Bowler,87.0,5,271.0,125.7,550.0,7.43,51.7,PBKS,0.2
Amit Shetty,28,India,Bowler,76.0,3,1979.0,108.8,736.0,5.54,28.14,LSG,1.5
Rahul Khan,36,India,Wicketkeeper,446.0,17,9287.0,134.7,0.0,0.0,37.54,GT,5.0
Manoj Verma,40,India,Wicketkeeper,80.0,3,2560.0,134.5,0.0,0.0,44.01,CSK,5.0
Sandeep Khan,22,Australia,Bowler,24.0,1,3444.0,98.2,477.0,4.08,38.64,RCB,3.0
Ankit Patel,31,England,Wicketkeeper,47.0,2,9592.0,106.5,0.0,0.0,42.14,LSG,1.0
Irfan Reddy,30,Sri Lanka,Bowler,209.0,7,214.0,130.1,385.0,6.1,30.59,DC,1.5
Vikas Shetty,24,India,Bowler,100.0,5,3969.0,144.8,769.0,6.43,54.93,PBKS,0.2
Amit Mehta,41,India,Allrounder,350.0,17,7843.0,128.4,242.0,7.93,26.77,PBKS,5.0
Manoj Shetty,37,West Indies,Wicketkeeper,68.0,3,9836.0,135.9,0.0,0.0,52.82,SRH,2.0
Karthik Yadav,32,West Indies,Bowler,108.0,5,3896.0,110.4,136.0,4.81,25.22,DC,5.0
Aditya Malik,39,Australia,Batter,344.0,15,5528.0,119.4,1.0,8.58,22.19,DC,1.0
Manoj Verma,42,England,Bowler,372.0,20,2405.0,128.5,502.0,7.32,31.59,RR,1.5
Sameer Naidu,32,West Indies,Allrounder,334.0,12,8388.0,112.4,79.0,6.2,35.94,MI,1.5
Arjun Sharma,40,India,Wicketkeeper,392.0,14,4375.0,115.2,0.0,0.0,39.18,LSG,0.2
Sameer Patel,41,Sri Lanka,Batter,45.0,2,9581.0,135.5,12.0,8.71,30.31,LSG,1.5
Sandeep Iyer,39,India,Batter,50.0,2,7095.0,145.4,13.0,7.85,22.39,CSK,7.0
Arjun Iyer,27,India,Bowler,66.0,3,1308.0,128.4,265.0,4.3,42.37,RCB,10.0
Rahul Iyer,22,England,Allrounder,27.0,1,3023.0,139.7,364.0,5.74,42.62,SRH,2.0
Aditya Khan,38,India,Bowler,83.0,4,1056.0,105.1,742.0,7.51,46.3,CSK,2.0
Rahul Khan,18,South Africa,Batter,25.0,1,7275.0,128.9,11.0,6.29,39.32,KKR,0.2
Rahul Naidu,23,England,Allrounder,71.0,3,7369.0,145.7,354.0,6.36,20.15,RR,10.0
Rohan Malik,35,England,Wicketkeeper,123.0,8,5395.0,126.2,0.0,0.0,27.6,PBKS,0.2
Ankit Kulkarni,31,India,Wicketkeeper,48.0,3,5639.0,139.6,0.0,0.0,21.51,LSG,11.0
Aditya Yadav,40,South Africa,Allrounder,66.0,4,3952.0,145.3,161.0,7.91,49.15,CSK,2.0
Arjun Mehta,23,Australia,Allrounder,132.0,5,1820.0,132.8,347.0,5.53,20.5,PBKS,1.5
Manoj Mehta,39,West Indies,Batter,343.0,19,12043.0,138.4,4.0,8.97,38.59,PBKS,10.0
Rahul Sharma,25,Australia,Wicketkeeper,179.0,7,3464.0,138.8,0.0,0.0,23.3,SRH,0.2
Vikas Kulkarni,33,Australia,Batter,43.0,2,11854.0,112.5,1.0,7.85,54.04,RR,3.0
Arjun Singh,30,India,Wicketkeeper,228.0,12,4146.0,146.4,0.0,0.0,45.66,GT,3.0
Nikhil Shetty,22,England,Wicketkeeper,72.0,4,11369.0,151.0,0.0,0.0,32.14,CSK,0.5
Rahul Deshmukh,41,England,Allrounder,294.0,16,7481.0,114.5,429.0,8.15,45.65,GT,2.0
Pranav Sharma,26,Sri Lanka,Wicketkeeper,76.0,3,5827.0,139.2,0.0,0.0,20.64,KKR,5.0
Irfan Sharma,25,India,Batter,107.0,5,13939.0,96.2,6.0,7.26,54.9,SRH,5.0
Pranav Verma,23,India,Allrounder,112.0,4,3662.0,127.6,432.0,5.43,47.67,MI,0.2
Sameer Sharma,22,West Indies,Bowler,42.0,2,1492.0,124.1,639.0,4.76,41.26,CSK,10.0
Vikas Verma,30,Sri Lanka,Bowler,78.0,3,274.0,141.7,710.0,4.61,30.48,GT,0.5
Sameer Patel,25,Australia,Bowler,73.0,3,2640.0,128.5,369.0,4.8,34.36,MI,1.0
Irfan Khan,30,India,Allrounder,141.0,8,7248.0,147.8,202.0,8.22,36.92,LSG,1.0
Ankit Khan,20,India,Batter,44.0,2,6111.0,114.5,2.0,7.26,29.36,RR,0.2
Sandeep Patel,23,Sri Lanka,Bowler,81.0,3,3913.0,143.3,237.0,6.07,30.88,PBKS,0.5
Rahul Naidu,26,India,Wicketkeeper,149.0,8,7865.0,106.4,0.0,0.0,36.64,SRH,11.0
Amit Shetty,38,South Africa,Batter,171.0,7,7438.0,137.1,3.0,6.24,38.14,DC,1.0
Vikas Verma,32,South Africa,Wicketkeeper,81.0,3,10534.0,124.8,0.0,0.0,30.52,CSK,0.2
Vikas Shetty,28,South Africa,Batter,99.0,5,14770.0,100.4,0.0,9.17,50.44,RCB,0.2
Sameer Sharma,39,India,Allrounder,68.0,4,6524.0,147.8,298.0,6.32,45.51,GT,5.0
Sandeep Patel,24,India,Bowler,29.0,1,125.0,144.9,339.0,4.4,43.88,KKR,7.0
Vikas Kulkarni,39,South Africa,Batter,169.0,11,11130.0,103.0,5.0,6.11,42.25,GT,1.0
Amit Reddy,37,West Indies,Bowler,267.0,10,768.0,139.8,870.0,6.52,45.21,RCB,0.2
Sandeep Mehta,26,India,Batter,168.0,6,10235.0,141.0,4.0,8.31,40.13,DC,1.0
Arjun Reddy,35,India,Allrounder,195.0,11,4608.0,149.7,487.0,5.91,20.64,LSG,0.2
Arjun Reddy,19,Australia,Wicketkeeper,29.0,1,9368.0,117.0,0.0,0.0,45.51,KKR,0.2
Sameer Deshmukh,42,India,Wicketkeeper,315.0,12,3406.0,120.6,0.0,0.0,20.87,MI,2.0
Sameer Singh,31,India,Allrounder,176.0,10,1791.0,133.9,396.0,5.23,53.77,RCB,1.0
Rahul Reddy,37,England,Bowler,262.0,11,3314.0,125.4,480.0,6.1,31.14,MI,2.0
Nikhil Naidu,33,India,Allrounder,248.0,12,2095.0,96.3,98.0,5.9,29.55,MI,1.0
Amit Verma,22,India,Batter,47.0,2,13319.0,106.9,10.0,7.57,23.06,RCB,11.0
Karthik Mehta,38,England,Allrounder,178.0,6,8332.0,148.7,223.0,7.51,52.79,RR,10.0
Harshit Chopra,27,England,Batter,123.0,6,11859.0,98.2,10.0,8.16,45.93,DC,3.0
Manoj Mehta,37,Australia,Batter,378.0,17,12494.0,135.2,15.0,6.39,47.28,CSK,1.5
Harshit Verma,34,South Africa,Allrounder,159.0,10,2696.0,152.1,443.0,7.54,45.84,CSK,1.5
Nikhil Kulkarni,30,Australia,Batter,162.0,10,8658.0,110.7,4.0,8.43,52.37,DC,2.0
Sandeep Khan,21,Sri Lanka,Batter,74.0,3,11171.0,149.3,6.0,6.63,30.94,CSK,5.0
Vikas Sharma,19,India,Allrounder,21.0,1,3161.0,144.6,238.0,5.46,20.09,RCB,2.0
Ankit Iyer,32,Sri Lanka,Batter,194.0,8,5239.0,110.7,11.0,8.91,50.97,PBKS,7.0
Rahul Deshmukh,25,Sri Lanka,Allrounder,150.0,5,6678.0,135.0,93.0,7.42,32.79,RCB,11.0
Vikas Khan,25,India,Allrounder,52.0,2,4428.0,144.8,306.0,5.21,25.98,KKR,1.5
Harshit Kulkarni,42,Australia,Allrounder,310.0,18,4960.0,131.0,128.0,6.3,36.88,CSK,3.0
Sandeep Patel,33,India,Bowler,86.0,5,3049.0,103.4,861.0,4.75,24.31,RCB,0.2
Rohan Kulkarni,28,England,Allrounder,76.0,5,2693.0,96.9,386.0,8.02,54.2,GT,0.5
Amit Kulkarni,27,South Africa,Batter,173.0,7,4533.0,101.6,0.0,6.69,40.19,MI,2.0
Sameer Naidu,33,Sri Lanka,Bowler,37.0,2,60.0,131.1,714.0,4.3,49.77,LSG,0.5
Aditya Verma,38,India,Batter,279.0,11,6117.0,143.0,15.0,6.17,33.81,RR,10.0
Amit Yadav,23,Australia,Allrounder,15.0,1,3824.0,105.6,195.0,5.56,52.16,RCB,0.5
Rahul Naidu,18,England,Bowler,28.0,1,3943.0,147.0,804.0,4.42,39.05,GT,2.0
Vikas Reddy,38,Australia,Allrounder,148.0,7,4487.0,122.9,461.0,5.14,48.61,MI,3.0
Nikhil Sharma,19,India,Bowler,17.0,1,3736.0,124.3,243.0,6.76,50.1,SRH,5.0
Manoj Naidu,34,England,Wicketkeeper,308.0,14,7308.0,102.2,0.0,0.0,51.85,LSG,1.5
Manoj Yadav,30,India,Bowler,158.0,10,2329.0,137.5,369.0,7.22,48.63,KKR,10.0
Arjun Malik,34,India,Wicketkeeper,65.0,4,11980.0,127.6,0.0,0.0,43.63,DC,3.0
Aditya Chopra,39,India,Batter,334.0,20,7985.0,116.3,12.0,7.96,39.91,LSG,2.0
Sameer Sharma,21,Sri Lanka,Wicketkeeper,89.0,3,6242.0,110.4,0.0,0.0,35.41,RCB,0.2
Harshit Reddy,37,West Indies,Allrounder,104.0,5,2230.0,102.4,196.0,5.98,31.27,LSG,2.0
Sandeep Singh,40,West Indies,Allrounder,327.0,13,7512.0,117.9,129.0,7.98,46.18,CSK,7.0
Pranav Yadav,25,South Africa,Allrounder,56.0,2,6179.0,120.5,261.0,5.61,24.02,PBKS,3.0
Pranav Malik,38,India,Wicketkeeper,188.0,10,6581.0,103.3,0.0,0.0,41.61,LSG,7.0
Irfan Khan,33,India,Allrounder,83.0,3,2857.0,107.8,372.0,7.13,36.6,PBKS,2.0
Sandeep Verma,20,South Africa,Bowler,17.0,1,2117.0,105.5,492.0,7.28,20.67,CSK,0.2
Manoj Sharma,39,South Africa,Allrounder,376.0,20,8966.0,98.2,269.0,7.28,54.3,DC,0.2
Sameer Singh,26,England,Batter,175.0,6,11582.0,123.2,5.0,8.13,35.05,RR,1.0
Aditya Mehta,30,India,Wicketkeeper,38.0,2,6144.0,129.4,0.0,0.0,23.17,MI,5.0
Sandeep Shetty,38,West Indies,Batter,279.0,17,6037.0,132.5,10.0,9.26,26.44,DC,7.0
Nikhil Naidu,30,Sri Lanka,Batter,72.0,3,3778.0,103.0,9.0,7.97,20.61,SRH,1.0
Rohan Iyer,41,India,Batter,223.0,10,5399.0,133.9,13.0,8.21,40.43,SRH,2.0
Manoj Patel,28,India,Bowler,137.0,7,1654.0,131.2,384.0,4.7,21.98,RR,2.0
Karthik Iyer,25,Sri Lanka,Batter,27.0,1,9340.0,128.2,0.0,8.13,42.93,SRH,2.0
Irfan Yadav,29,Sri Lanka,Batter,108.0,4,11665.0,146.0,6.0,9.13,54.32,PBKS,1.0
Manoj Reddy,32,India,Wicketkeeper,138.0,5,10239.0,153.6,0.0,0.0,47.03,PBKS,0.5
Rohan Shetty,41,Australia,Bowler,283.0,16,1977.0,147.0,602.0,7.63,45.47,RCB,0.5
Irfan Chopra,27,South Africa,Bowler,54.0,2,3765.0,97.9,877.5,4.29,49.32,LSG,0.2
Manoj Patel,21,Australia,Bowler,29.0,1,1836.0,143.9,703.0,5.86,30.95,RCB,0.5
Nikhil Verma,36,South Africa,Batter,291.0,10,4995.0,137.0,5.0,7.39,52.04,CSK,0.2
Rahul Deshmukh,32,Australia,Wicketkeeper,94.0,6,11659.0,100.3,0.0,0.0,50.15,CSK,3.0
Sandeep Singh,31,South Africa,Bowler,184.0,8,3937.0,113.9,352.0,7.01,32.43,GT,1.0
Manoj Malik,34,Australia,Batter,74.0,3,4216.0,95.9,12.0,6.16,36.7,RCB,11.0
Pranav Malik,29,South Africa,Bowler,145.0,7,284.0,106.6,266.0,4.36,49.64,GT,0.5
Rahul Singh,18,West Indies,Allrounder,15.0,1,7473.0,133.0,287.0,7.0,26.56,RCB,1.5
Karthik Shetty,34,India,Allrounder,239.0,14,4943.0,147.1,337.0,7.9,38.32,LSG,1.5
Sameer Deshmukh,30,India,Batter,57.0,3,9230.0,145.7,4.0,9.19,45.6,RCB,0.2
Ankit Shetty,33,West Indies,Wicketkeeper,17.0,1,5914.0,139.0,0.0,0.0,23.69,KKR,7.0
Manoj Deshmukh,33,India,Allrounder,218.0,9,3913.0,99.0,481.0,5.95,20.3,RCB,0.2
Sandeep Mehta,25,Australia,Batter,68.0,3,11928.0,147.8,13.0,6.55,28.4,CSK,11.0
Irfan Mehta,25,India,Allrounder,127.0,6,8192.0,130.8,479.0,8.4,28.3,DC,10.0
Amit Verma,19,India,Batter,15.0,1,9539.0,108.1,12.0,7.74,54.44,DC,3.0
Ankit Chopra,42,India,Batter,358.0,14,8172.0,96.6,5.0,8.97,53.17,GT,3.0
Nikhil Kulkarni,38,India,Bowler,221.0,9,2156.0,99.9,721.0,6.74,43.47,GT,5.0
Sandeep Singh,34,India,Bowler,141.0,8,453.0,108.1,189.0,6.46,46.55,LSG,1.5
Manoj Kulkarni,31,India,Wicketkeeper,181.0,9,11096.0,100.2,0.0,0.0,37.13,CSK,5.0
Sameer Singh,20,India,Wicketkeeper,56.0,2,10400.0,95.6,0.0,0.0,53.91,RR,0.2
Rohan Kulkarni,35,India,Allrounder,84.0,4,8079.0,104.5,84.0,7.63,31.96,GT,0.2
Vikas Chopra,41,India,Allrounder,69.0,3,4683.0,141.0,430.0,5.56,22.06,KKR,2.0
Nikhil Yadav,38,Sri Lanka,Allrounder,222.0,10,3373.0,151.5,66.0,7.94,43.68,SRH,3.0
Manoj Naidu,25,Australia,Bowler,66.0,3,3282.0,116.6,485.0,4.81,36.7,GT,10.0
Rahul Shetty,31,England,Batter,282.0,12,12212.0,135.1,2.0,8.12,39.4,DC,0.2
Rohan Kulkarni,31,England,Wicketkeeper,29.0,1,10878.0,116.1,0.0,0.0,51.18,CSK,7.0
Manoj Sharma,33,Sri Lanka,Wicketkeeper,349.0,14,5081.0,99.9,0.0,0.0,36.32,MI,0.5
Irfan Patel,39,Sri Lanka,Wicketkeeper,416.0,20,2779.0,141.5,0.0,0.0,22.13,SRH,1.5
Sandeep Naidu,32,Sri Lanka,Batter,92.0,5,11130.0,144.2,6.0,8.47,43.13,PBKS,1.0
Nikhil Shetty,18,Australia,Wicketkeeper,27.0,1,8610.0,95.8,0.0,0.0,26.3,PBKS,2.0
Rohan Malik,22,South Africa,Wicketkeeper,25.0,1,11607.0,115.5,0.0,0.0,28.18,DC,0.5
Vikas Shetty,36,South Africa,Allrounder,421.0,18,8273.0,134.1,195.0,8.37,30.39,GT,2.0
Pranav Reddy,25,Australia,Batter,103.0,6,7975.0,139.4,11.0,9.25,29.96,GT,7.0
Ankit Deshmukh,32,India,Allrounder,291.0,10,8583.0,107.0,73.0,6.33,53.99,LSG,2.0
Nikhil Mehta,28,India,Wicketkeeper,172.0,7,3817.0,126.0,0.0,0.0,51.36,LSG,2.0
Vikas Kulkarni,29,India,Batter,206.0,7,13274.0,146.7,7.0,7.21,21.89,CSK,7.0
Vikas Mehta,23,South Africa,Wicketkeeper,105.0,4,7154.0,153.9,0.0,0.0,51.92,MI,5.0
Vikas Shetty,42,Sri Lanka,Wicketkeeper,473.5,20,11075.0,116.8,0.0,0.0,47.12,PBKS,2.0
Ankit Mehta,32,Australia,Wicketkeeper,292.0,11,4291.0,140.1,0.0,0.0,51.54,RR,1.0
Ankit Yadav,35,India,Wicketkeeper,82.0,3,9582.0,113.4,0.0,0.0,36.29,SRH,10.0
Harshit Kulkarni,21,India,Wicketkeeper,50.0,3,10453.0,146.9,0.0,0.0,47.25,DC,3.0
Irfan Shetty,28,Australia,Bowler,112.0,7,1689.0,145.7,131.0,5.5,21.64,SRH,1.0
Nikhil Patel,22,India,Batter,28.0,1,13074.0,107.4,13.0,8.74,30.01,RR,1.0
Sandeep Shetty,37,West Indies,Wicketkeeper,388.0,14,6414.0,124.6,0.0,0.0,35.74,LSG,7.0
Manoj Khan,24,Sri Lanka,Bowler,36.0,2,266.0,127.7,658.0,5.98,31.6,KKR,0.2
Rohan Yadav,31,West Indies,Bowler,213.0,13,3089.0,141.1,209.0,4.67,34.0,RR,11.0
Karthik Chopra,19,Sri Lanka,Wicketkeeper,20.0,1,9415.0,125.4,0.0,0.0,42.56,PBKS,0.5
Manoj Mehta,32,Australia,Allrounder,53.0,2,7345.0,137.5,279.0,8.18,21.59,MI,7.0
Nikhil Malik,18,India,Bowler,23.0,1,2808.0,154.4,445.0,7.19,36.54,GT,1.5
Rohan Reddy,27,Sri Lanka,Wicketkeeper,51.0,2,4261.0,153.2,0.0,0.0,39.16,CSK,2.0
Manoj Kulkarni,29,England,Batter,20.0,1,11989.0,114.9,10.0,7.61,43.01,RR,10.0
Rohan Singh,24,Sri Lanka,Batter,27.0,1,11748.0,101.3,10.0,6.8,20.95,DC,2.0
Sandeep Malik,37,India,Bowler,92.0,6,3150.0,118.7,474.0,5.11,39.32,RCB,3.0
Pranav Naidu,29,India,Wicketkeeper,241.0,11,6958.0,112.6,0.0,0.0,54.44,SRH,0.2
Arjun Kulkarni,22,India,Batter,24.0,1,5358.0,121.5,0.0,7.02,23.61,CSK,0.2
Irfan Khan,40,India,Wicketkeeper,322.0,13,2949.0,110.6,0.0,0.0,21.69,RCB,1.0
Arjun Naidu,26,West Indies,Wicketkeeper,120.0,7,10510.0,128.6,0.0,0.0,46.29,CSK,5.0
Rahul Patel,37,Sri Lanka,Bowler,222.0,13,601.0,117.1,320.0,4.74,20.58,RR,0.5
Aditya Singh,19,India,Wicketkeeper,27.0,1,8476.0,145.4,0.0,0.0,47.3,GT,0.2
Aditya Deshmukh,37,South Africa,Batter,473.5,18,8864.0,116.9,3.0,6.22,53.44,MI,2.0
Aditya Iyer,25,India,Wicketkeeper,115.0,4,3131.0,118.5,0.0,0.0,38.42,RCB,5.0
Pranav Sharma,35,India,Batter,255.0,13,3342.0,130.8,11.0,7.24,54.24,RCB,5.0
Nikhil Mehta,18,Sri Lanka,Bowler,21.0,1,3657.0,141.5,381.0,7.79,34.15,SRH,0.5
Manoj Sharma,34,India,Allrounder,61.0,3,7203.0,116.4,267.0,6.73,54.5,GT,0.2
Nikhil Deshmukh,27,India,Wicketkeeper,24.0,1,7606.0,137.5,0.0,0.0,35.71,SRH,11.0
Irfan Singh,27,South Africa,Wicketkeeper,57.0,2,8816.0,95.7,0.0,0.0,38.22,RR,1.0
Rahul Yadav,20,India,Bowler,48.0,2,3833.0,126.4,264.0,7.74,26.38,RCB,7.0
Rahul Khan,37,Sri Lanka,Batter,278.0,12,4345.0,116.3,1.0,6.08,52.14,PBKS,10.0
Harshit Patel,42,England,Bowler,208.0,7,2057.0,151.7,803.0,7.79,45.53,RR,7.0
Manoj Kulkarni,18,India,Bowler,25.0,1,2698.0,130.4,157.0,6.12,38.86,LSG,0.5
Irfan Chopra,41,India,Bowler,119.0,4,2783.0,120.1,143.0,6.69,43.42,GT,7.0
Ankit Kulkarni,37,India,Allrounder,27.0,1,6950.0,110.9,497.0,5.43,49.26,GT,7.0
Nikhil Malik,33,India,Bowler,212.0,14,1110.0,127.3,212.0,7.43,21.11,MI,3.0
Arjun Singh,42,India,Batter,54.0,2,8731.0,137.1,5.0,9.24,34.49,PBKS,1.5
Rahul Shetty,33,Sri Lanka,Batter,116.0,4,9448.0,120.8,11.0,8.09,36.29,GT,1.0
Sandeep Verma,31,India,Bowler,185.0,8,1595.0,104.7,423.0,7.37,23.63,MI,0.5
Irfan Chopra,41,India,Bowler,16.0,1,392.0,113.8,772.0,4.01,25.16,SRH,2.0
Sandeep Iyer,36,India,Bowler,356.0,12,3585.0,95.7,357.0,4.84,27.95,SRH,3.0
Aditya Deshmukh,26,South Africa,Batter,85.0,5,8662.0,96.9,5.0,7.16,41.28,RR,1.5
Amit Khan,40,Sri Lanka,Bowler,124.0,5,2871.0,100.8,771.0,6.16,40.83,PBKS,2.0
Arjun Yadav,26,India,Batter,149.0,7,8528.0,151.7,3.0,9.5,20.09,GT,1.5
Harshit Patel,27,Sri Lanka,Bowler,70.0,4,1144.0,116.2,438.0,7.02,22.23,MI,5.0
Harshit Singh,30,West Indies,Batter,224.0,12,3908.0,114.3,1.0,7.04,38.31,MI,10.0
Harshit Naidu,35,India,Batter,344.0,14,11100.0,139.9,3.0,8.31,28.61,GT,0.5
Arjun Deshmukh,24,Sri Lanka,Bowler,57.0,3,612.0,113.5,351.0,5.22,32.7,SRH,1.5
Karthik Sharma,22,South Africa,Allrounder,26.0,1,6158.0,141.7,432.0,8.5,54.12,KKR,0.5
Ankit Naidu,29,Sri Lanka,Bowler,197.0,10,3233.0,119.4,570.0,6.63,33.64,CSK,3.0
Nikhil Sharma,38,South Africa,Bowler,473.5,19,3097.0,120.0,153.0,5.86,48.99,SRH,5.0
Sameer Patel,20,Sri Lanka,Bowler,31.0,2,741.0,112.7,799.0,5.77,47.12,KKR,10.0
Manoj Naidu,31,South Africa,Batter,356.0,12,10783.0,120.2,5.0,8.99,43.37,MI,1.0
Sandeep Deshmukh,33,India,Bowler,16.0,1,3218.0,126.8,249.0,4.22,21.57,SRH,11.0
Amit Chopra,31,India,Batter,80.0,3,6383.0,131.8,5.0,6.1,30.62,KKR,0.2
Aditya Yadav,18,India,Allrounder,23.0,1,8407.0,148.8,74.0,7.6,24.88,MI,3.0
Pranav Patel,28,India,Batter,74.0,4,3879.0,125.9,15.0,8.54,23.92,GT,0.2
Nikhil Naidu,25,West Indies,Bowler,30.0,1,3344.0,131.6,263.0,6.48,38.05,RCB,10.0
Rahul Yadav,34,Australia,Wicketkeeper,261.0,15,6307.0,150.6,0.0,0.0,38.24,CSK,3.0
Arjun Khan,34,India,Wicketkeeper,243.0,16,10432.0,154.4,0.0,0.0,37.82,CSK,5.0
Rohan Iyer,39,Sri Lanka,Wicketkeeper,413.0,15,3064.0,102.0,0.0,0.0,36.47,LSG,7.0
Sandeep Singh,37,India,Allrounder,273.0,15,8998.0,130.8,308.0,5.64,44.26,KKR,0.5
Vikas Patel,28,Australia,Batter,107.0,5,11800.0,100.9,10.0,7.64,36.4,LSG,0.2
Rohan Verma,40,India,Allrounder,73.0,4,3631.0,135.9,170.0,5.29,47.66,RCB,10.0
Aditya Chopra,19,England,Allrounder,25.0,1,8990.0,103.9,72.0,8.37,38.63,GT,1.0
Karthik Patel,18,West Indies,Batter,29.0,1,7480.0,150.3,10.0,7.99,41.95,CSK,0.5
Nikhil Malik,25,South Africa,Allrounder,24.0,1,7023.0,121.2,461.0,5.51,42.92,PBKS,2.0
Arjun Deshmukh,30,India,Batter,266.0,12,7110.0,146.8,15.0,8.45,26.32,LSG,3.0
Vikas Chopra,33,India,Allrounder,215.0,8,5185.0,98.5,446.0,8.33,54.43,GT,0.2
Ankit Yadav,31,Australia,Bowler,255.0,9,2146.0,134.6,161.0,7.26,45.72,RCB,1.0
Irfan Khan,40,South Africa,Batter,69.0,4,4870.0,97.5,15.0,6.25,23.56,MI,0.2
Nikhil Shetty,26,India,Wicketkeeper,128.0,5,11671.0,100.2,0.0,0.0,39.16,KKR,2.0
Pranav Kulkarni,40,South Africa,Allrounder,63.0,3,6545.0,146.6,98.0,5.75,35.6,MI,10.0
Karthik Sharma,40,Australia,Batter,473.5,20,4900.0,134.2,12.0,8.43,31.19,SRH,11.0
Aditya Sharma,27,South Africa,Bowler,49.0,3,3482.0,115.5,711.0,4.92,47.88,RR,3.0
Pranav Verma,18,Australia,Wicketkeeper,20.0,1,7744.0,130.2,0.0,0.0,28.87,GT,0.5
Irfan Khan,23,India,Wicketkeeper,83.0,3,6071.0,144.1,0.0,0.0,21.92,LSG,10.0
Irfan Naidu,19,India,Allrounder,30.0,1,4389.0,121.3,138.0,7.45,45.6,KKR,2.0
Sandeep Deshmukh,28,India,Bowler,219.0,9,2731.0,140.0,696.0,7.52,35.47,SRH,0.5
Vikas Yadav,41,India,Batter,284.0,12,12791.0,143.4,11.0,6.53,36.12,KKR,10.0
Vikas Iyer,26,South Africa,Bowler,96.0,4,898.0,138.1,439.0,4.29,30.21,SRH,5.0
Nikhil Naidu,29,West Indies,Wicketkeeper,55.0,2,5697.0,97.9,0.0,0.0,51.6,GT,5.0
Karthik Shetty,39,India,Wicketkeeper,318.0,16,6268.0,124.0,0.0,0.0,29.83,RCB,5.0
Arjun Chopra,36,Australia,Batter,276.0,16,10624.0,148.2,3.0,8.51,20.01,GT,0.5
Ankit Reddy,41,England,Wicketkeeper,287.0,13,6071.0,136.3,0.0,0.0,46.85,SRH,0.5
Amit Malik,37,Australia,Allrounder,152.0,6,5043.0,124.4,346.0,5.73,23.13,KKR,5.0
Aditya Verma,30,India,Allrounder,128.0,5,4719.0,145.8,305.0,7.61,23.79,SRH,0.5
Sandeep Singh,37,India,Allrounder,473.5,19,3046.0,141.3,243.0,7.86,32.14,KKR,2.0
Irfan Kulkarni,36,India,Batter,129.0,8,4606.0,95.0,15.0,8.42,52.61,GT,7.0
Nikhil Chopra,23,India,Bowler,20.0,1,146.0,132.2,791.0,6.09,43.26,KKR,7.0
Pranav Kulkarni,18,Sri Lanka,Wicketkeeper,20.0,1,5825.0,128.7,0.0,0.0,49.99,DC,2.0
Manoj Deshmukh,35,India,Batter,349.0,14,10038.0,149.5,2.0,8.13,40.38,CSK,7.0
Irfan Shetty,36,Australia,Bowler,63.0,4,2827.0,149.8,503.0,4.65,43.86,RR,7.0
Harshit Singh,36,West Indies,Batter,244.0,11,3760.0,154.1,9.0,8.45,22.63,MI,5.0
Vikas Singh,38,India,Wicketkeeper,446.0,16,4481.0,120.7,0.0,0.0,28.37,CSK,1.0
Irfan Verma,34,South Africa,Wicketkeeper,207.0,10,5490.0,132.8,0.0,0.0,48.24,MI,1.0
Ankit Reddy,23,India,Allrounder,129.0,5,4839.0,122.3,462.0,8.38,47.52,KKR,1.0
Vikas Singh,39,India,Bowler,30.0,1,2583.0,136.0,667.0,7.48,28.5,RCB,0.2
Rahul Malik,39,India,Batter,143.0,5,12403.0,153.2,2.0,8.13,54.56,GT,1.0
Rahul Sharma,25,Sri Lanka,Allrounder,17.0,1,6500.0,148.2,49.0,7.25,27.01,RCB,0.5
Rohan Naidu,29,South Africa,Batter,178.0,11,14602.0,152.2,10.0,6.86,24.73,PBKS,2.0
Sameer Yadav,30,Australia,Bowler,74.0,3,2362.0,120.2,838.0,4.73,40.64,CSK,10.0
Arjun Chopra,40,Australia,Wicketkeeper,275.0,15,6777.0,131.2,0.0,0.0,30.22,DC,0.2
Ankit Chopra,38,England,Allrounder,261.0,13,4800.0,149.9,469.0,8.22,33.72,RCB,5.0
Vikas Yadav,24,India,Bowler,74.0,4,2984.0,137.1,87.0,5.65,43.2,CSK,5.0
Manoj Kulkarni,26,India,Batter,150.0,8,7660.0,119.9,5.0,7.34,32.18,RR,0.2
Rahul Khan,29,West Indies,Batter,111.0,4,13306.0,122.5,2.0,6.82,44.03,RCB,10.0
Harshit Sharma,36,India,Batter,184.0,10,12628.0,141.7,11.0,8.6,33.12,MI,3.0
Pranav Deshmukh,22,India,Wicketkeeper,30.0,1,7284.0,140.9,0.0,0.0,20.23,GT,1.5
Ankit Reddy,21,India,Wicketkeeper,44.0,2,3227.0,123.6,0.0,0.0,47.79,RR,5.0
Harshit Deshmukh,33,Sri Lanka,Allrounder,21.0,1,7770.0,123.4,273.0,7.21,42.56,KKR,1.0
Rohan Yadav,40,India,Batter,262.0,12,8759.0,129.0,8.0,9.17,47.99,DC,5.0
Sandeep Iyer,31,Australia,Bowler,297.0,12,3125.0,137.3,494.0,7.73,40.07,GT,0.2
Nikhil Naidu,30,India,Batter,17.0,1,13591.0,117.5,4.0,6.13,39.79,SRH,7.0
Ankit Chopra,30,England,Bowler,33.0,2,1218.0,121.3,178.0,7.03,53.6,MI,2.0
Amit Sharma,35,West Indies,Allrounder,334.0,12,8077.0,139.7,245.0,5.95,34.67,SRH,3.0
Arjun Verma,28,England,Batter,139.0,7,13982.0,143.2,8.0,7.7,30.37,RR,1.0
Aditya Deshmukh,37,Sri Lanka,Wicketkeeper,283.0,11,8407.0,100.8,0.0,0.0,38.21,PBKS,5.0
Sandeep Yadav,29,India,Batter,110.0,7,4341.0,142.8,10.0,7.85,53.89,SRH,7.0
Sameer Verma,22,India,Batter,41.0,2,3419.0,130.5,15.0,6.19,43.84,CSK,2.0
Sandeep Sharma,31,India,Allrounder,51.0,3,5260.0,151.6,109.0,8.45,44.94,MI,3.0
Nikhil Verma,42,Australia,Batter,112.0,6,6070.0,104.7,0.0,7.83,33.45,KKR,2.0
Irfan Patel,34,West Indies,Allrounder,121.0,5,5294.0,138.5,273.0,7.05,42.24,PBKS,10.0
Vikas Verma,41,India,Wicketkeeper,473.5,17,4942.0,137.8,0.0,0.0,35.02,MI,2.0
Vikas Singh,24,India,Wicketkeeper,21.0,1,8892.0,138.7,0.0,0.0,25.03,LSG,7.0
Karthik Verma,41,Sri Lanka,Wicketkeeper,77.0,3,8395.0,104.8,0.0,0.0,25.7,PBKS,7.0
Sameer Khan,24,England,Allrounder,158.0,6,4111.0,99.6,484.0,8.12,48.05,RCB,2.0
Ankit Kulkarni,25,England,Allrounder,120.0,7,4079.0,123.1,178.0,5.82,52.06,PBKS,1.0
Manoj Khan,21,Australia,Bowler,37.0,2,2242.0,107.6,584.0,6.23,29.94,CSK,2.0
Amit Chopra,22,Australia,Bowler,80.0,3,3099.0,120.6,494.0,7.5,40.54,GT,7.0
Irfan Verma,41,Australia,Wicketkeeper,39.0,2,5026.0,122.6,0.0,0.0,33.25,MI,1.0
Nikhil Yadav,29,Sri Lanka,Wicketkeeper,25.0,1,10459.0,108.4,0.0,0.0,44.02,KKR,3.0
Ankit Singh,36,West Indies,Batter,47.0,2,3016.0,111.5,13.0,8.51,47.62,CSK,7.0
Arjun Verma,24,Australia,Allrounder,119.0,5,1555.0,150.2,361.0,7.99,25.64,DC,1.5
Ankit Yadav,28,India,Wicketkeeper,61.0,3,10267.0,113.2,0.0,0.0,50.11,LSG,5.0
Nikhil Chopra,31,South Africa,Batter,320.0,12,6857.0,95.2,10.0,6.69,50.48,DC,1.0
Irfan Chopra,19,Australia,Batter,24.0,1,3494.0,119.9,5.0,7.14,35.62,KKR,0.2
Rohan Kulkarni,32,India,Allrounder,105.0,6,8969.0,115.3,181.0,7.97,51.23,LSG,7.0
Amit Yadav,23,South Africa,Allrounder,148.0,5,3504.0,126.6,234.0,7.16,31.4,KKR,0.2
Amit Iyer,35,India,Allrounder,123.0,8,3702.0,132.4,217.0,5.85,35.64,MI,1.0
Pranav Kulkarni,27,South Africa,Batter,141.0,9,9465.0,124.5,11.0,9.19,37.91,SRH,7.0
Amit Mehta,24,South Africa,Bowler,72.0,3,3734.0,142.4,282.0,5.58,34.87,RR,1.5
Manoj Malik,27,England,Wicketkeeper,53.0,2,7795.0,111.2,0.0,0.0,50.17,CSK,11.0
Irfan Deshmukh,33,India,Bowler,153.0,8,1469.0,130.5,424.0,6.27,41.38,PBKS,11.0
Manoj Iyer,38,India,Bowler,170.0,10,2459.0,113.8,721.0,6.73,21.18,KKR,1.0
Pranav Patel,24,West Indies,Bowler,18.0,1,481.0,102.7,778.0,7.08,45.26,CSK,0.2
Karthik Yadav,19,India,Wicketkeeper,16.0,1,9809.0,99.9,0.0,0.0,33.14,GT,5.0
Irfan Mehta,41,West Indies,Batter,438.0,16,10420.0,126.3,0.0,6.22,42.86,RR,2.0
Manoj Chopra,40,Australia,Wicketkeeper,261.0,14,5715.0,105.3,0.0,0.0,33.01,GT,0.2
Amit Mehta,20,India,Allrounder,37.0,2,8863.0,121.5,312.0,8.26,48.09,GT,5.0
Sandeep Shetty,20,India,Wicketkeeper,18.0,1,6914.0,150.6,0.0,0.0,54.1,SRH,0.2
Vikas Mehta,19,Australia,Allrounder,27.0,1,6592.0,114.0,304.0,8.14,53.69,KKR,10.0
Karthik Kulkarni,37,West Indies,Allrounder,399.0,17,3532.0,145.2,343.0,7.84,20.53,KKR,0.5
Sandeep Singh,28,India,Wicketkeeper,65.0,4,8009.0,152.3,0.0,0.0,47.23,GT,0.5
Arjun Verma,42,South Africa,Allrounder,139.0,8,8588.0,99.9,49.0,7.69,28.14,PBKS,0.5
Irfan Yadav,19,India,Bowler,15.0,1,457.0,125.0,817.0,7.66,33.93,CSK,11.0
Pranav Chopra,37,India,Wicketkeeper,89.0,5,10547.0,145.4,0.0,0.0,23.06,RR,5.0
Ankit Deshmukh,25,England,Allrounder,120.0,5,1904.0,117.5,216.0,6.46,32.24,DC,7.0
Irfan Deshmukh,21,South Africa,Batter,50.0,3,7929.0,107.6,5.0,7.08,26.05,LSG,1.5
Rohan Verma,30,South Africa,Bowler,168.0,7,1955.0,150.2,860.0,6.43,37.81,KKR,1.5
Pranav Shetty,40,India,Allrounder,15.0,1,5606.0,104.5,60.0,6.04,49.06,MI,1.0
Sameer Verma,19,India,Wicketkeeper,21.0,1,7769.0,153.3,0.0,0.0,32.22,PBKS,2.0
Rohan Malik,39,England,Wicketkeeper,473.5,19,6856.0,112.5,0.0,0.0,41.05,GT,3.0
Karthik Singh,22,India,Bowler,73.0,3,2000.0,122.3,852.0,6.95,42.05,KKR,3.0
Ankit Shetty,36,Sri Lanka,Batter,56.0,3,8867.0,152.6,13.0,8.51,25.78,KKR,1.0
Sameer Yadav,29,India,Bowler,137.0,7,784.0,118.5,394.0,7.79,45.31,LSG,11.0
Amit Shetty,35,India,Batter,55.0,3,7108.0,124.2,5.0,8.0,44.43,CSK,0.5
Karthik Naidu,18,India,Bowler,27.0,1,3938.0,102.6,487.0,5.5,37.11,RR,11.0
Harshit Naidu,22,Sri Lanka,Allrounder,63.0,3,3943.0,107.1,96.0,6.83,52.75,GT,0.2
Arjun Verma,21,India,Allrounder,30.0,1,7518.0,119.6,129.0,5.8,25.42,RCB,2.0
Rahul Deshmukh,33,Australia,Bowler,82.0,5,2700.0,113.5,839.0,6.04,37.12,PBKS,1.5
Vikas Reddy,27,India,Batter,175.0,8,4148.0,98.2,13.0,6.79,47.27,LSG,2.0
Pranav Iyer,34,India,Batter,285.0,10,14269.0,115.4,4.0,8.24,21.66,RR,3.0
Rahul Verma,32,England,Allrounder,150.0,10,6337.0,105.2,278.0,8.03,52.58,DC,2.0
Vikas Khan,25,West Indies,Bowler,166.0,7,190.0,115.4,307.0,5.82,45.96,CSK,2.0
Irfan Iyer,34,West Indies,Allrounder,136.0,6,7639.0,117.2,119.0,8.07,34.26,PBKS,5.0
Nikhil Naidu,33,Australia,Allrounder,24.0,1,8951.0,150.3,196.0,6.52,44.24,KKR,5.0
Manoj Verma,30,Australia,Allrounder,96.0,4,5051.0,106.1,475.0,5.87,28.06,LSG,7.0
Vikas Patel,28,India,Batter,168.0,10,9100.0,108.8,4.0,6.92,43.05,MI,1.0
Ankit Khan,23,England,Batter,17.0,1,5686.0,118.2,6.0,6.41,41.88,PBKS,3.0
Manoj Sharma,31,West Indies,Wicketkeeper,239.0,13,6304.0,112.5,0.0,0.0,22.28,GT,3.0
Rahul Patel,22,England,Allrounder,52.0,2,2852.0,102.6,128.0,5.29,49.25,KKR,1.5
Ankit Naidu,28,India,Allrounder,85.0,5,5347.0,98.9,245.0,7.3,33.69,CSK,2.0
Irfan Malik,35,India,Batter,113.0,4,5594.0,129.7,8.0,6.98,38.3,MI,1.0
Vikas Sharma,33,India,Wicketkeeper,24.0,1,3790.0,123.9,0.0,0.0,31.01,GT,0.5
Karthik Singh,26,Australia,Bowler,90.0,3,1406.0,139.5,776.0,4.52,50.79,LSG,0.5
Karthik Shetty,26,India,Batter,90.0,6,4100.0,98.5,13.0,9.3,45.9,KKR,0.2
Manoj Singh,28,West Indies,Wicketkeeper,86.0,5,8587.0,138.6,0.0,0.0,53.15,LSG,5.0
Manoj Reddy,41,England,Batter,332.0,19,10185.0,139.5,4.0,6.89,21.91,DC,5.0
Sandeep Patel,35,South Africa,Allrounder,208.0,13,8796.0,116.1,98.0,7.21,46.91,KKR,11.0
Rohan Naidu,33,India,Batter,418.0,14,14063.0,116.9,4.0,9.02,38.4,RCB,5.0
Vikas Patel,37,South Africa,Allrounder,231.0,10,2166.0,120.0,236.0,5.41,32.63,PBKS,0.2
Arjun Kulkarni,27,England,Batter,109.0,5,3171.0,148.7,0.0,6.64,25.18,CSK,10.0
Arjun Deshmukh,34,Australia,Bowler,205.0,11,77.0,148.4,877.5,6.42,51.92,CSK,10.0
Aditya Patel,32,India,Wicketkeeper,356.0,13,10086.0,142.6,0.0,0.0,26.16,PBKS,2.0
Ankit Deshmukh,36,India,Wicketkeeper,385.0,18,4149.0,144.0,0.0,0.0,29.68,PBKS,3.0
Amit Malik,21,Sri Lanka,Wicketkeeper,78.0,3,3753.0,150.3,0.0,0.0,44.82,GT,11.0
Aditya Mehta,28,South Africa,Allrounder,228.0,8,5481.0,100.1,74.0,7.75,40.4,MI,3.0
Karthik Sharma,31,West Indies,Wicketkeeper,145.0,6,9551.0,144.3,0.0,0.0,50.16,PBKS,10.0
Rahul Deshmukh,33,West Indies,Allrounder,240.0,13,1689.0,151.3,143.0,5.1,21.52,RR,0.2
Pranav Chopra,35,Sri Lanka,Bowler,336.0,12,1224.0,136.6,141.0,6.34,23.76,DC,0.5
Sameer Deshmukh,20,England,Allrounder,60.0,2,1648.0,142.1,244.0,5.17,33.46,MI,2.0
Rahul Chopra,34,India,Batter,185.0,11,9234.0,140.8,15.0,6.37,49.72,GT,3.0
Rohan Chopra,35,West Indies,Bowler,438.0,16,1312.0,104.7,199.0,6.23,20.53,CSK,7.0
Irfan Reddy,40,England,Wicketkeeper,252.0,9,4140.0,137.0,0.0,0.0,39.25,LSG,11.0
Rohan Sharma,40,India,Allrounder,219.0,13,7904.0,143.8,142.0,7.28,35.2,RCB,1.5
Sandeep Kulkarni,42,West Indies,Allrounder,460.0,22,6521.0,151.4,374.0,5.44,39.08,RR,0.2
Nikhil Mehta,42,Sri Lanka,Wicketkeeper,378.0,22,6102.0,131.9,0.0,0.0,52.67,DC,7.0
Karthik Sharma,38,India,Allrounder,473.5,20,5981.0,129.3,189.0,8.26,30.42,CSK,3.0
Sandeep Deshmukh,29,India,Bowler,35.0,2,905.0,135.8,611.0,7.79,34.3,SRH,0.5
Amit Yadav,42,India,Bowler,300.0,15,2992.0,120.0,556.0,6.13,51.09,GT,2.0
Amit Mehta,30,India,Allrounder,28.0,1,2681.0,144.4,328.0,6.69,49.41,RR,5.0
Harshit Mehta,23,India,Allrounder,44.0,2,4988.0,138.3,126.0,7.89,49.92,DC,7.0
Vikas Iyer,21,India,Allrounder,29.0,1,8069.0,101.9,109.0,6.36,49.49,LSG,2.0
Karthik Singh,19,India,Wicketkeeper,26.0,1,11959.0,124.9,0.0,0.0,24.46,SRH,1.0
Vikas Naidu,33,India,Batter,90.0,4,7184.0,104.6,11.0,6.4,46.28,DC,11.0
Amit Deshmukh,40,West Indies,Bowler,56.0,2,568.0,107.2,657.0,6.7,49.64,RR,5.0
Sameer Khan,26,Australia,Wicketkeeper,60.0,2,11985.0,111.9,0.0,0.0,47.75,CSK,2.0
Sandeep Mehta,40,India,Wicketkeeper,324.0,14,3881.0,124.3,0.0,0.0,45.6,SRH,1.0
Sameer Malik,36,Sri Lanka,Wicketkeeper,89.0,3,11069.0,117.9,0.0,0.0,32.15,KKR,5.0
Rohan Shetty,42,India,Batter,15.0,1,5729.0,97.1,5.0,8.94,54.12,LSG,1.0
Nikhil Khan,24,India,Wicketkeeper,146.0,5,9714.0,133.9,0.0,0.0,35.14,LSG,0.5
Ankit Kulkarni,33,Australia,Batter,20.0,1,7382.0,102.4,9.0,8.2,37.99,RCB,3.0
Sameer Iyer,25,India,Batter,19.0,1,4550.0,109.1,0.0,9.45,45.28,PBKS,1.0
Pranav Malik,24,India,Wicketkeeper,62.0,4,5520.0,121.1,0.0,0.0,42.84,SRH,3.0
Sandeep Naidu,41,West Indies,Allrounder,220.0,11,2383.0,123.2,394.0,5.72,54.3,CSK,0.2
Vikas Shetty,34,India,Batter,61.0,4,10486.0,133.2,3.0,6.68,40.15,SRH,5.0
Sameer Sharma,27,Australia,Bowler,223.0,9,102.0,131.9,877.5,6.15,37.58,DC,1.0
Pranav Singh,35,West Indies,Wicketkeeper,125.0,5,10994.0,96.0,0.0,0.0,51.5,PBKS,0.2
Nikhil Naidu,29,West Indies,Batter,211.0,9,9820.0,105.5,14.0,8.89,34.46,SRH,0.5
Vikas Iyer,26,South Africa,Bowler,61.0,3,676.0,153.8,422.0,6.93,53.29,GT,10.0
Rohan Naidu,18,Sri Lanka,Wicketkeeper,24.0,1,4772.0,149.0,0.0,0.0,25.54,MI,10.0
Sameer Sharma,30,South Africa,Allrounder,100.0,6,8973.0,147.7,116.0,8.2,33.19,RR,1.0
Rahul Patel,26,India,Batter,102.0,6,5571.0,122.6,8.0,7.38,42.97,RR,7.0
Rahul Deshmukh,40,India,Batter,89.0,4,9508.0,96.4,5.0,6.91,24.94,RR,3.0
Nikhil Malik,41,India,Batter,86.0,4,5967.0,111.9,2.0,7.54,46.76,RR,11.0
Karthik Iyer,30,India,Allrounder,147.0,9,4610.0,150.0,139.0,5.37,51.34,CSK,1.5
Harshit Sharma,20,India,Batter,38.0,2,7208.0,139.4,6.0,9.18,23.74,PBKS,5.0
Aditya Khan,23,India,Allrounder,119.0,5,8032.0,102.9,263.0,6.53,54.57,SRH,0.2
Sandeep Mehta,34,India,Allrounder,376.0,13,5526.0,130.1,128.0,6.17,47.28,RR,1.5
Sameer Shetty,42,Sri Lanka,Wicketkeeper,188.0,9,3618.0,150.2,0.0,0.0,46.44,RCB,11.0
Manoj Khan,34,Australia,Batter,308.0,16,9378.0,123.0,4.0,8.36,41.19,CSK,3.0
Rohan Khan,18,England,Wicketkeeper,30.0,1,3700.0,100.6,0.0,0.0,50.94,SRH,1.0
Pranav Naidu,36,Australia,Wicketkeeper,89.0,3,4927.0,127.6,0.0,0.0,21.4,KKR,0.5
Sandeep Patel,38,Australia,Allrounder,46.0,3,5297.0,124.4,375.0,8.22,50.4,MI,5.0
Manoj Kulkarni,35,Australia,Bowler,83.0,3,540.0,143.9,687.0,7.26,22.15,RR,5.0
Vikas Chopra,18,Australia,Batter,20.0,1,10574.0,147.5,3.0,6.86,51.46,KKR,1.5
Sandeep Verma,41,India,Allrounder,173.0,8,6967.0,121.4,500.0,6.6,26.13,LSG,11.0
Irfan Iyer,27,Sri Lanka,Bowler,51.0,3,1725.0,107.8,821.0,7.68,26.68,DC,0.2
Rohan Malik,27,England,Batter,20.0,1,7318.0,109.6,3.0,8.31,52.86,GT,1.0
Harshit Malik,26,South Africa,Allrounder,79.0,4,4844.0,95.3,242.0,5.04,37.67,DC,10.0
Rahul Malik,24,India,Wicketkeeper,86.0,5,4784.0,124.3,0.0,0.0,25.72,GT,1.5
Vikas Yadav,41,Sri Lanka,Wicketkeeper,41.0,2,11974.0,124.7,0.0,0.0,34.41,DC,1.0
Nikhil Naidu,37,South Africa,Allrounder,357.0,16,4416.0,95.6,254.0,8.12,54.17,DC,3.0
Karthik Reddy,26,Sri Lanka,Wicketkeeper,207.0,7,6687.0,132.5,0.0,0.0,25.31,RR,7.0
Rohan Deshmukh,36,India,Bowler,70.0,3,3755.0,127.3,678.0,4.18,28.22,GT,0.2
Sameer Sharma,42,India,Allrounder,473.5,22,7879.0,109.7,112.0,6.05,42.76,KKR,11.0
Aditya Verma,23,India,Wicketkeeper,19.0,1,7148.0,128.2,0.0,0.0,22.73,DC,7.0
Rahul Verma,41,India,Bowler,153.0,10,66.0,142.5,370.0,6.0,22.84,RR,0.5
Ankit Mehta,36,India,Bowler,426.0,17,3452.0,129.7,594.0,7.38,53.27,CSK,5.0
Manoj Singh,21,Australia,Bowler,70.0,3,2380.0,154.6,138.0,4.56,42.55,MI,1.5
Arjun Khan,28,Sri Lanka,Batter,255.0,10,8790.0,125.9,6.0,7.99,20.83,KKR,2.0
Amit Singh,37,West Indies,Batter,280.0,15,7186.0,133.6,2.0,9.29,23.21,LSG,7.0
Ankit Sharma,18,England,Wicketkeeper,16.0,1,5967.0,96.3,0.0,0.0,21.78,PBKS,11.0
Rahul Yadav,28,Australia,Allrounder,79.0,5,2530.0,131.8,411.0,7.13,37.49,RR,0.5
Sandeep Deshmukh,40,India,Allrounder,473.5,20,4224.0,126.9,339.0,6.07,38.07,RCB,2.0
Harshit Patel,28,India,Bowler,26.0,1,1379.0,111.9,667.0,4.07,21.86,RCB,2.0
Nikhil Shetty,29,Australia,Allrounder,167.0,10,6477.0,138.5,395.0,8.15,54.86,RCB,1.5
Manoj Singh,32,India,Wicketkeeper,42.0,2,3254.0,113.1,0.0,0.0,50.75,DC,1.5
Rahul Kulkarni,21,India,Batter,58.0,3,5127.0,122.2,1.0,8.11,27.79,LSG,0.2
Aditya Singh,39,West Indies,Bowler,145.0,8,1625.0,149.2,152.0,6.81,28.24,KKR,5.0
Karthik Mehta,27,India,Batter,128.0,5,8536.0,136.8,2.0,6.61,54.19,RCB,2.0
Irfan Patel,27,Australia,Batter,239.0,9,12060.0,112.1,15.0,8.62,34.7,MI,0.5
Rahul Naidu,23,Sri Lanka,Batter,60.0,4,5834.0,146.1,3.0,7.35,47.0,KKR,7.0
Ankit Sharma,29,England,Allrounder,80.0,4,6636.0,111.5,339.0,7.06,52.83,KKR,7.0
Vikas Patel,37,India,Wicketkeeper,233.0,13,4420.0,134.2,0.0,0.0,53.97,KKR,2.0
Rohan Yadav,24,South Africa,Bowler,27.0,1,2855.0,144.3,477.0,6.2,48.46,SRH,1.0
Sameer Deshmukh,22,India,Bowler,17.0,1,1370.0,152.8,312.0,5.28,20.77,RR,3.0
Amit Shetty,36,India,Allrounder,154.0,9,8377.0,152.9,189.0,7.69,31.86,RR,1.0
Aditya Iyer,31,England,Batter,321.0,12,7509.0,128.7,9.0,8.27,46.65,CSK,1.0
Vikas Mehta,26,South Africa,Allrounder,236.0,8,2005.0,131.2,54.0,8.03,48.56,KKR,5.0
Sameer Yadav,33,England,Batter,105.0,5,6458.0,108.7,7.0,7.09,35.07,KKR,0.2
Rahul Malik,31,England,Allrounder,178.0,10,5607.0,106.2,55.0,7.37,43.81,LSG,0.2
Pranav Singh,39,England,Wicketkeeper,19.0,1,8006.0,118.6,0.0,0.0,47.85,RR,0.2
Arjun Reddy,28,South Africa,Bowler,86.0,5,577.0,135.1,283.0,4.14,42.74,GT,0.5
Nikhil Sharma,39,India,Wicketkeeper,287.0,11,5870.0,151.5,0.0,0.0,44.97,DC,0.2
Irfan Iyer,19,Australia,Wicketkeeper,25.0,1,8830.0,142.8,0.0,0.0,51.66,PBKS,11.0
Manoj Naidu,25,India,Wicketkeeper,118.0,4,6001.0,135.5,0.0,0.0,30.16,KKR,1.0
Aditya Iyer,42,South Africa,Wicketkeeper,426.0,20,5846.0,147.2,0.0,0.0,46.17,GT,0.5
Rohan Naidu,35,India,Allrounder,396.0,15,2150.0,137.6,132.0,6.49,50.37,CSK,1.0
Irfan Deshmukh,20,India,Bowler,58.0,2,2531.0,152.1,312.0,7.71,31.39,DC,10.0
Sameer Naidu,36,West Indies,Bowler,173.0,9,3730.0,101.6,877.5,5.6,28.66,RCB,3.0
Harshit Singh,35,England,Batter,450.0,17,3225.0,116.7,9.0,9.09,41.72,RR,1.5
Rohan Verma,19,Sri Lanka,Wicketkeeper,15.0,1,8801.0,135.0,0.0,0.0,47.36,LSG,10.0
Vikas Singh,26,West Indies,Bowler,59.0,2,649.0,113.3,712.0,4.69,35.69,LSG,1.5
Irfan Deshmukh,36,India,Allrounder,104.0,5,8793.0,154.0,206.0,6.28,49.22,SRH,1.5
Arjun Chopra,42,India,Wicketkeeper,54.0,2,6559.0,123.8,0.0,0.0,50.77,SRH,0.5
Amit Reddy,36,South Africa,Wicketkeeper,145.0,8,11393.0,115.9,0.0,0.0,47.5,RCB,1.5
Nikhil Patel,40,India,Bowler,149.0,5,1211.0,141.3,561.0,4.85,35.98,PBKS,1.0
Rohan Singh,40,England,Wicketkeeper,469.0,17,2743.0,101.4,0.0,0.0,29.56,SRH,5.0
Pranav Kulkarni,24,South Africa,Batter,154.0,6,9316.0,140.0,11.0,7.41,22.55,GT,1.0
Nikhil Malik,36,Australia,Wicketkeeper,156.0,6,4367.0,134.6,0.0,0.0,45.06,PBKS,3.0
Rohan Singh,38,West Indies,Wicketkeeper,106.0,6,10046.0,134.2,0.0,0.0,46.62,SRH,0.2
Nikhil Patel,33,Australia,Allrounder,33.0,2,8287.0,130.2,410.0,5.62,52.94,MI,0.5
Rohan Kulkarni,25,Sri Lanka,Allrounder,70.0,4,6238.0,131.7,89.0,7.14,45.78,LSG,2.0
Irfan Verma,21,India,Allrounder,61.0,3,5163.0,137.0,439.0,6.17,52.07,CSK,10.0
Vikas Patel,40,South Africa,Bowler,18.0,1,1932.0,147.2,744.0,4.04,27.65,PBKS,1.5
Pranav Kulkarni,22,Australia,Bowler,89.0,3,1074.0,146.1,830.0,5.73,48.84,GT,5.0
Pranav Shetty,23,India,Batter,76.0,4,8916.0,151.4,10.0,9.12,35.65,GT,1.0
Sameer Chopra,37,England,Bowler,52.0,3,660.0,118.4,191.0,6.49,32.28,PBKS,0.5
Harshit Khan,38,Sri Lanka,Allrounder,473.5,16,4565.0,139.6,256.0,6.51,37.55,SRH,0.2
Manoj Singh,42,West Indies,Bowler,471.0,22,3209.0,139.7,875.0,7.09,20.72,MI,1.0
Karthik Sharma,33,India,Allrounder,29.0,1,7755.0,121.2,103.0,7.21,35.98,RCB,0.5
Amit Reddy,38,India,Allrounder,104.0,6,7502.0,127.9,110.0,7.86,51.0,GT,0.5
Arjun Patel,18,Sri Lanka,Allrounder,25.0,1,2179.0,128.2,358.0,7.49,46.41,KKR,7.0
Aditya Verma,39,India,Bowler,277.0,14,128.0,96.6,454.0,4.15,22.92,DC,0.2
Sandeep Yadav,29,India,Wicketkeeper,266.0,9,10977.0,121.3,0.0,0.0,28.24,DC,3.0
Irfan Iyer,28,India,Bowler,168.0,6,1797.0,127.5,574.0,7.74,43.18,PBKS,1.5
Pranav Mehta,19,Australia,Allrounder,26.0,1,6090.0,114.3,454.0,5.98,31.74,GT,2.0
Sandeep Iyer,28,England,Allrounder,127.0,6,7469.0,123.4,297.0,7.45,38.12,CSK,3.0
Irfan Shetty,41,India,Bowler,272.0,15,2459.0,141.1,596.0,6.25,23.16,PBKS,1.0
Karthik Yadav,39,England,Wicketkeeper,405.0,19,9970.0,141.6,0.0,0.0,39.71,KKR,1.0
Sandeep Yadav,18,India,Bowler,17.0,1,1804.0,114.7,167.0,6.54,34.33,CSK,5.0
Sameer Malik,37,South Africa,Allrounder,228.0,12,2586.0,153.8,344.0,5.81,37.4,LSG,10.0
Manoj Malik,29,India,Batter,183.0,11,8700.0,124.4,13.0,9.49,27.69,RR,0.5
Harshit Chopra,38,India,Allrounder,367.0,16,3815.0,97.4,458.0,6.78,51.67,RR,0.2
Pranav Sharma,33,South Africa,Bowler,27.0,1,996.0,138.5,608.0,7.11,41.34,KKR,10.0
Sandeep Reddy,31,Sri Lanka,Batter,194.0,11,14154.0,154.8,14.0,8.03,29.73,GT,1.5
Sameer Sharma,28,India,Allrounder,152.0,9,5853.0,129.9,360.0,7.73,54.16,DC,3.0
Arjun Singh,35,India,Allrounder,339.0,14,5712.0,154.9,367.0,7.9,40.59,RCB,1.5
Karthik Iyer,33,Australia,Batter,158.0,7,3949.0,125.2,0.0,6.72,44.89,LSG,0.5
Amit Shetty,25,West Indies,Batter,80.0,3,5827.0,95.0,14.0,8.71,37.68,DC,3.0
Rahul Naidu,18,Australia,Allrounder,29.0,1,3613.0,147.5,213.0,5.82,25.35,MI,3.0
Amit Reddy,18,Australia,Wicketkeeper,16.0,1,10245.0,135.0,0.0,0.0,29.31,SRH,0.5
Pranav Singh,39,Australia,Bowler,71.0,3,435.0,151.4,179.0,5.35,28.42,KKR,2.0
Sandeep Malik,28,India,Allrounder,107.0,6,5098.0,99.2,326.0,5.33,37.66,SRH,7.0
Rahul Singh,39,India,Batter,104.0,6,6753.0,114.6,0.0,8.25,44.16,GT,3.0
Vikas Patel,34,South Africa,Allrounder,201.0,8,6583.0,146.4,205.0,5.21,48.58,MI,0.2
Harshit Iyer,38,India,Allrounder,76.0,4,4182.0,151.2,445.0,8.45,32.47,RCB,3.0
Amit Kulkarni,42,India,Wicketkeeper,58.0,2,6052.0,119.0,0.0,0.0,46.11,LSG,5.0
Manoj Shetty,33,India,Wicketkeeper,378.0,14,11686.0,103.0,0.0,0.0,30.99,LSG,7.0
Manoj Sharma,19,India,Batter,28.0,1,7747.0,122.3,0.0,6.41,39.32,DC,3.0
Arjun Yadav,29,West Indies,Batter,53.0,2,7513.0,96.6,0.0,6.74,45.18,RCB,0.5
Aditya Verma,40,Sri Lanka,Allrounder,99.0,4,1666.0,153.4,179.0,5.07,27.76,CSK,5.0
Ankit Yadav,24,Sri Lanka,Bowler,99.0,5,3025.0,121.1,229.0,6.52,22.09,MI,5.0
Ankit Khan,27,India,Batter,124.0,7,7756.0,126.0,2.0,7.65,49.91,DC,0.2
Rahul Verma,20,India,Allrounder,19.0,1,4898.0,99.8,414.0,7.56,27.32,GT,2.0
Ankit Chopra,35,England,Wicketkeeper,97.0,5,10228.0,113.7,0.0,0.0,24.07,KKR,1.5
Irfan Deshmukh,25,South Africa,Bowler,139.0,5,2237.0,154.1,411.0,5.74,38.01,PBKS,5.0
Sameer Mehta,31,England,Wicketkeeper,27.0,1,10867.0,139.5,0.0,0.0,43.9,SRH,0.5
Amit Mehta,38,India,Wicketkeeper,230.0,9,10555.0,146.0,0.0,0.0,27.55,KKR,3.0
Nikhil Patel,36,India,Allrounder,362.0,14,7622.0,147.9,169.0,7.64,26.0,RCB,10.0
Amit Naidu,26,Australia,Bowler,117.0,5,1861.0,153.2,594.0,5.32,47.33,GT,7.0
Aditya Shetty,26,India,Batter,82.0,5,10869.0,128.8,15.0,6.99,34.15,RCB,10.0
Irfan Singh,21,India,Wicketkeeper,47.0,2,9412.0,124.4,0.0,0.0,32.43,CSK,11.0
Arjun Yadav,18,South Africa,Batter,17.0,1,3517.0,135.5,2.0,6.98,47.25,LSG,0.2
Karthik Chopra,35,India,Bowler,67.0,4,180.0,104.3,371.0,7.32,48.8,CSK,3.0
Rohan Deshmukh,32,Australia,Allrounder,25.0,1,8522.0,120.6,489.0,5.89,51.55,SRH,2.0
Ankit Reddy,25,India,Bowler,116.0,7,3986.0,106.8,791.0,5.73,25.6,LSG,7.0
Sameer Patel,20,Australia,Batter,41.0,2,14902.0,140.8,4.0,7.66,54.9,CSK,1.0
Rahul Reddy,30,England,Bowler,101.0,6,1228.0,147.6,524.0,6.99,46.17,DC,11.0
Amit Chopra,23,West Indies,Batter,30.0,1,13521.0,99.6,13.0,9.13,52.55,GT,3.0
Vikas Naidu,27,India,Allrounder,35.0,2,2964.0,150.3,299.0,6.39,22.65,LSG,7.0
Harshit Mehta,29,India,Wicketkeeper,125.0,6,11735.0,137.9,0.0,0.0,45.75,KKR,0.2
Arjun Chopra,25,India,Allrounder,76.0,3,3145.0,141.1,113.0,8.49,33.39,MI,0.5
Nikhil Kulkarni,32,India,Batter,135.0,7,10332.0,117.0,15.0,7.95,26.86,PBKS,5.0
Rahul Sharma,32,England,Batter,104.0,4,6165.0,108.3,14.0,6.87,39.21,RCB,0.2
Vikas Singh,39,England,Bowler,194.0,11,2845.0,149.8,435.0,7.44,21.92,GT,7.0
Nikhil Verma,39,India,Allrounder,76.0,3,3669.0,109.7,459.0,5.28,28.93,CSK,0.2
Vikas Mehta,31,West Indies,Bowler,188.0,8,3984.0,118.3,163.0,4.36,40.57,LSG,5.0
Rahul Shetty,21,Sri Lanka,Bowler,69.0,3,3503.0,127.6,871.0,6.2,31.85,CSK,1.5
Ankit Kulkarni,42,England,Batter,473.5,22,11771.0,144.6,14.0,8.47,32.12,PBKS,3.0
Sandeep Singh,42,Sri Lanka,Allrounder,59.0,2,5337.0,112.8,248.0,5.3,24.81,KKR,5.0
Aditya Yadav,36,England,Wicketkeeper,279.0,14,8928.0,123.0,0.0,0.0,25.46,RCB,1.5
Harshit Sharma,30,West Indies,Wicketkeeper,30.0,1,6017.0,122.8,0.0,0.0,27.74,RCB,0.2
Vikas Chopra,42,England,Bowler,356.0,16,478.0,96.7,239.0,6.81,39.42,CSK,0.2
Sandeep Mehta,21,South Africa,Wicketkeeper,46.0,2,5470.0,105.2,0.0,0.0,20.03,RR,3.0
Sandeep Chopra,33,India,Allrounder,101.0,4,8119.0,135.3,175.0,8.04,23.46,PBKS,3.0
Aditya Kulkarni,23,Australia,Allrounder,85.0,4,8249.0,131.7,41.0,7.32,36.57,SRH,5.0
Sameer Chopra,38,India,Allrounder,232.0,13,2076.0,148.2,359.0,6.47,28.58,PBKS,2.0
Aditya Sharma,20,Australia,Bowler,19.0,1,388.0,114.7,569.0,5.51,46.99,SRH,2.0
Rohan Deshmukh,37,England,Bowler,271.0,11,1031.0,146.0,438.0,7.48,47.92,GT,1.5
Rohan Reddy,41,Australia,Allrounder,15.0,1,8516.0,136.8,437.0,8.45,46.29,RCB,0.2
Manoj Khan,27,India,Batter,129.0,5,14874.0,95.4,12.0,9.44,42.19,KKR,1.5
Karthik Sharma,42,India,Batter,206.0,10,6587.0,150.1,14.0,8.59,50.93,CSK,11.0
Irfan Khan,36,Australia,Allrounder,19.0,1,2456.0,151.7,107.0,7.95,38.81,LSG,10.0
Harshit Malik,41,India,Wicketkeeper,41.0,2,10702.0,95.4,0.0,0.0,20.39,RR,1.5
Nikhil Khan,18,India,Wicketkeeper,18.0,1,10657.0,127.7,0.0,0.0,35.23,CSK,3.0
Harshit Iyer,19,India,Wicketkeeper,16.0,1,10321.0,122.1,0.0,0.0,34.01,SRH,7.0
Harshit Chopra,28,Sri Lanka,Batter,69.0,4,5482.0,116.6,12.0,9.21,49.97,LSG,2.0
Sameer Naidu,37,Australia,Wicketkeeper,368.0,14,7662.0,149.2,0.0,0.0,37.48,KKR,0.2
Rahul Deshmukh,34,India,Batter,221.0,14,11670.0,140.7,11.0,7.56,44.78,DC,0.2
Nikhil Patel,35,South Africa,Allrounder,254.0,11,2053.0,101.2,263.0,6.15,29.27,SRH,2.0
Rahul Iyer,33,India,Bowler,379.0,13,2469.0,112.7,407.0,4.5,29.16,LSG,11.0
Karthik Patel,22,South Africa,Batter,90.0,4,3985.0,152.3,13.0,8.23,44.0,GT,5.0
Sandeep Khan,34,India,Wicketkeeper,218.0,8,9660.0,150.6,0.0,0.0,47.44,CSK,0.2
Karthik Patel,26,India,Allrounder,107.0,6,6955.0,119.8,206.0,7.55,31.37,KKR,0.5
Vikas Verma,35,India,Wicketkeeper,59.0,3,2797.0,145.8,0.0,0.0,51.69,GT,7.0
Sameer Reddy,19,England,Bowler,27.0,1,2322.0,95.5,197.0,5.72,47.74,RCB,7.0
Aditya Kulkarni,39,India,Bowler,166.0,11,1407.0,95.6,649.0,5.08,48.17,PBKS,3.0
Sandeep Khan,20,India,Wicketkeeper,38.0,2,9520.0,126.0,0.0,0.0,43.98,SRH,5.0
Irfan Patel,30,South Africa,Batter,51.0,2,14518.0,127.5,2.0,9.2,37.61,CSK,0.2
Harshit Reddy,36,West Indies,Batter,336.0,12,6321.0,113.3,4.0,7.02,47.88,MI,7.0
Ankit Yadav,36,South Africa,Wicketkeeper,327.0,18,7397.0,121.9,0.0,0.0,25.72,RR,7.0
Arjun Patel,29,Sri Lanka,Batter,26.0,1,3932.0,123.4,7.0,6.33,36.27,GT,1.0
Manoj Kulkarni,32,India,Bowler,118.0,5,268.0,123.3,371.0,6.48,25.02,MI,5.0
Sameer Chopra,23,India,Batter,68.0,4,8104.0,149.4,2.0,7.78,25.58,PBKS,0.5
Sandeep Patel,28,India,Batter,58.0,3,11950.0,130.6,14.0,8.41,46.2,PBKS,0.2
Pranav Reddy,24,India,Batter,20.0,1,11284.0,151.5,14.0,6.53,41.73,CSK,0.5
Vikas Naidu,37,England,Wicketkeeper,291.0,12,7362.0,145.8,0.0,0.0,28.63,LSG,0.5
Arjun Mehta,38,England,Batter,68.0,4,3515.0,141.9,15.0,8.59,33.91,SRH,1.5
Aditya Sharma,22,Sri Lanka,Allrounder,69.0,3,3647.0,134.5,339.0,6.34,23.27,KKR,2.0
Vikas Sharma,27,West Indies,Bowler,57.0,2,3627.0,97.6,340.0,6.8,26.67,PBKS,2.0
Sandeep Deshmukh,41,England,Allrounder,247.0,11,3878.0,100.9,483.0,7.32,54.01,RCB,2.0
Sandeep Chopra,37,India,Bowler,201.0,9,373.0,132.6,320.0,7.3,48.67,DC,1.0
Sandeep Singh,42,West Indies,Bowler,305.0,13,3509.0,110.6,191.0,7.37,49.73,DC,0.2
Sameer Kulkarni,25,India,Bowler,41.0,2,1751.0,119.8,181.0,4.74,39.54,KKR,3.0
Rahul Patel,38,Sri Lanka,Batter,137.0,8,6385.0,96.8,13.0,8.5,30.17,KKR,1.5
Arjun Iyer,33,India,Batter,274.0,12,14896.0,116.4,5.0,8.13,47.13,MI,1.0
Irfan Patel,41,India,Batter,141.0,5,12597.0,109.1,0.0,8.28,25.11,MI,10.0
Pranav Deshmukh,36,West Indies,Bowler,473.5,18,2395.0,122.0,663.0,6.39,25.91,CSK,5.0
Amit Mehta,24,India,Bowler,46.0,2,3299.0,113.2,744.0,5.24,23.78,MI,7.0
Irfan Khan,37,India,Wicketkeeper,46.0,3,10858.0,127.8,0.0,0.0,46.73,CSK,2.0
Arjun Patel,22,India,Batter,73.0,4,8206.0,144.6,13.0,8.01,24.46,SRH,0.5
Sameer Singh,23,West Indies,Bowler,76.0,5,1484.0,131.6,635.0,5.66,43.66,GT,5.0
Pranav Malik,34,South Africa,Wicketkeeper,353.0,15,3093.0,136.7,0.0,0.0,45.51,PBKS,0.5
Nikhil Sharma,32,Australia,Wicketkeeper,141.0,7,9360.0,134.1,0.0,0.0,23.3,RCB,2.0
Sameer Yadav,26,West Indies,Bowler,123.0,5,1113.0,138.5,606.0,6.64,54.77,DC,0.2
Pranav Shetty,26,India,Bowler,19.0,1,2362.0,136.2,121.0,6.63,38.02,LSG,7.0
Rohan Iyer,33,Australia,Allrounder,366.0,15,6274.0,154.8,322.0,8.04,47.27,RCB,0.5
Karthik Reddy,19,West Indies,Allrounder,21.0,1,8257.0,99.7,245.0,7.14,45.44,GT,10.0
Ankit Khan,24,South Africa,Batter,135.0,6,11347.0,141.5,12.0,8.48,24.36,PBKS,10.0
Rohan Sharma,31,Australia,Batter,302.0,11,7131.0,112.7,10.0,8.29,46.61,KKR,2.0
Manoj Naidu,26,India,Bowler,173.0,6,3094.0,136.0,256.0,4.91,30.32,PBKS,5.0
Rohan Singh,31,India,Bowler,92.0,4,2742.0,133.0,152.0,4.03,23.96,LSG,3.0
Irfan Khan,20,South Africa,Allrounder,43.0,2,8096.0,150.5,84.0,7.31,53.92,PBKS,7.0
Pranav Reddy,40,England,Allrounder,282.0,10,6967.0,143.6,177.0,5.83,32.37,RR,2.0
Karthik Patel,36,Sri Lanka,Allrounder,31.0,2,4646.0,142.2,99.0,8.15,22.59,CSK,7.0
Sandeep Iyer,21,England,Batter,58.0,2,12655.0,115.2,13.0,7.42,47.48,KKR,2.0
Arjun Singh,18,India,Allrounder,20.0,1,8776.0,136.1,429.0,6.44,41.09,DC,11.0
Nikhil Kulkarni,36,Australia,Batter,234.0,12,10125.0,151.3,0.0,9.41,34.97,SRH,2.0
Arjun Kulkarni,41,India,Allrounder,162.0,9,5561.0,144.8,185.0,7.53,51.46,RR,2.0
Karthik Reddy,28,India,Allrounder,175.0,8,6836.0,113.1,149.0,5.24,31.21,GT,7.0
Pranav Sharma,31,Sri Lanka,Batter,209.0,10,13622.0,105.2,1.0,7.52,37.37,GT,7.0
Nikhil Deshmukh,25,Sri Lanka,Allrounder,89.0,4,3752.0,124.8,256.0,7.32,43.3,CSK,3.0
Vikas Yadav,32,India,Allrounder,340.0,13,7290.0,147.6,389.0,5.23,52.87,SRH,0.5
Ankit Singh,32,India,Allrounder,21.0,1,3192.0,147.9,139.0,7.16,24.6,CSK,2.0
Aditya Patel,42,India,Bowler,274.0,10,2865.0,102.1,375.0,7.03,34.28,LSG,11.0
Rahul Chopra,37,England,Bowler,270.0,14,3051.0,130.1,343.0,5.23,30.55,GT,5.0
Sameer Patel,18,India,Wicketkeeper,25.0,1,11031.0,133.2,0.0,0.0,32.86,CSK,7.0
Vikas Khan,28,India,Wicketkeeper,50.0,3,3253.0,146.6,0.0,0.0,42.19,RCB,0.2
Karthik Naidu,32,West Indies,Allrounder,252.0,12,4930.0,115.2,112.0,5.75,49.66,GT,2.0
Sandeep Sharma,19,India,Allrounder,28.0,1,4715.0,127.1,487.0,6.35,42.71,MI,5.0
Sandeep Reddy,34,Australia,Wicketkeeper,95.0,6,3803.0,115.9,0.0,0.0,30.29,KKR,7.0
Rohan Mehta,42,Sri Lanka,Batter,386.0,17,4770.0,107.9,2.0,7.66,29.95,LSG,0.2
Rahul Kulkarni,34,India,Wicketkeeper,99.0,5,4302.0,98.7,0.0,0.0,30.64,DC,7.0
Aditya Chopra,36,India,Bowler,254.0,9,1699.0,152.7,795.0,5.22,40.64,GT,3.0
Harshit Mehta,25,South Africa,Bowler,59.0,3,1520.0,97.7,537.0,6.99,23.73,SRH,0.5
Pranav Chopra,41,England,Wicketkeeper,77.0,4,10241.0,143.9,0.0,0.0,41.82,KKR,1.0
Rohan Singh,25,India,Wicketkeeper,144.0,7,9826.0,106.5,0.0,0.0,34.17,LSG,1.0
Pranav Deshmukh,23,India,Allrounder,67.0,4,8675.0,145.6,392.0,6.89,22.11,LSG,3.0
Karthik Patel,38,India,Batter,397.0,20,9946.0,138.0,14.0,8.09,54.23,RCB,0.2
Aditya Patel,34,England,Bowler,77.0,4,3838.0,111.6,877.5,7.07,44.84,DC,0.5
Karthik Yadav,42,Sri Lanka,Bowler,147.0,6,2719.0,138.8,798.0,6.9,48.71,PBKS,7.0
Rohan Malik,18,West Indies,Batter,28.0,1,4372.0,100.9,6.0,9.16,23.67,DC,0.5
Sandeep Yadav,30,India,Bowler,126.0,5,992.0,110.1,210.0,7.03,22.05,DC,1.0
Ankit Shetty,34,Australia,Wicketkeeper,409.0,15,10708.0,119.1,0.0,0.0,48.7,DC,2.0
Rohan Iyer,27,India,Batter,30.0,1,12677.0,135.3,10.0,6.44,20.13,MI,2.0
Rahul Kulkarni,32,South Africa,Batter,196.0,7,9844.0,116.1,12.0,6.38,22.93,PBKS,7.0
Irfan Mehta,39,India,Bowler,351.0,15,3782.0,146.8,630.0,7.21,46.44,PBKS,2.0
Pranav Deshmukh,39,Sri Lanka,Wicketkeeper,179.0,7,11004.0,109.5,0.0,0.0,38.31,CSK,7.0
Aditya Kulkarni,37,India,Wicketkeeper,56.0,2,2768.0,106.1,0.0,0.0,29.84,GT,3.0
Aditya Yadav,33,India,Bowler,168.0,11,442.0,139.1,855.0,5.96,23.31,GT,0.2
Rohan Sharma,24,India,Bowler,65.0,4,2496.0,150.6,422.0,5.13,35.02,GT,0.5
Rohan Shetty,39,Sri Lanka,Wicketkeeper,111.0,5,6632.0,151.3,0.0,0.0,54.7,RR,2.0
Aditya Deshmukh,28,India,Bowler,187.0,7,3748.0,112.3,832.0,6.0,47.68,RCB,1.5
Rohan Kulkarni,28,Sri Lanka,Allrounder,24.0,1,5602.0,110.1,486.0,5.56,47.47,RR,5.0
Nikhil Singh,35,Sri Lanka,Allrounder,24.0,1,2982.0,107.1,43.0,6.52,42.79,SRH,3.0
Vikas Verma,18,Sri Lanka,Bowler,18.0,1,3967.0,102.5,383.0,6.78,29.69,KKR,1.5
Pranav Chopra,23,India,Bowler,52.0,3,1007.0,117.8,817.0,4.84,46.72,GT,0.5
Pranav Verma,32,India,Bowler,347.0,14,2261.0,134.8,383.0,6.71,20.22,PBKS,1.0
Ankit Naidu,19,West Indies,Wicketkeeper,25.0,1,6328.0,103.5,0.0,0.0,27.82,KKR,3.0
Irfan Patel,38,India,Allrounder,228.0,15,5471.0,103.8,110.0,5.95,34.36,RCB,2.0
Ankit Reddy,20,India,Batter,59.0,2,6012.0,140.0,4.0,6.26,47.57,CSK,2.0
Vikas Iyer,26,India,Batter,220.0,8,14945.0,100.4,6.0,8.01,51.15,MI,0.5
Amit Reddy,32,Australia,Batter,137.0,9,13093.0,107.1,13.0,9.38,44.66,GT,5.0
Arjun Malik,26,England,Bowler,68.0,3,161.0,127.4,529.0,7.2,31.32,DC,7.0
Sandeep Shetty,38,India,Bowler,473.5,19,546.0,125.7,753.0,5.82,34.02,CSK,1.0
Pranav Shetty,22,India,Allrounder,59.0,3,1823.0,139.6,361.0,8.25,28.45,PBKS,2.0
Arjun Singh,30,Sri Lanka,Batter,31.0,2,7577.0,136.3,3.0,8.05,24.91,DC,11.0
Rohan Sharma,36,Australia,Wicketkeeper,117.0,7,8637.0,116.5,0.0,0.0,51.69,RR,1.5
Sandeep Iyer,21,India,Bowler,22.0,1,2747.0,108.0,809.0,6.16,24.3,SRH,3.0
Amit Patel,23,India,Allrounder,106.0,5,2965.0,127.9,139.0,6.81,31.7,CSK,0.2
Vikas Mehta,41,India,Batter,159.0,6,8155.0,99.1,3.0,8.21,25.08,PBKS,3.0
Vikas Singh,27,India,Wicketkeeper,53.0,3,4136.0,127.8,0.0,0.0,22.16,CSK,0.2
Manoj Malik,40,India,Batter,156.0,9,12825.0,103.5,10.0,9.08,43.59,MI,11.0
Rahul Sharma,25,Sri Lanka,Bowler,154.0,6,2627.0,119.0,384.0,5.49,46.77,DC,5.0
Harshit Verma,39,England,Batter,105.0,6,14660.0,138.5,9.0,7.75,37.68,KKR,7.0
Nikhil Shetty,40,India,Wicketkeeper,91.0,4,9161.0,130.6,0.0,0.0,46.63,GT,5.0
Nikhil Malik,25,India,Batter,26.0,1,7527.0,131.9,6.0,8.13,47.62,MI,3.0
Aditya Naidu,41,India,Wicketkeeper,102.0,4,7290.0,151.9,0.0,0.0,33.19,CSK,2.0
Pranav Khan,21,West Indies,Allrounder,19.0,1,8177.0,100.2,54.0,7.02,32.56,GT,7.0
Manoj Iyer,31,India,Allrounder,145.0,5,3043.0,145.1,363.0,6.44,37.97,CSK,11.0
Manoj Shetty,23,India,Bowler,101.0,4,2824.0,96.1,764.0,6.78,36.26,DC,2.0
Sandeep Singh,36,India,Wicketkeeper,200.0,7,7667.0,149.1,0.0,0.0,27.85,RCB,10.0
Aditya Deshmukh,30,India,Wicketkeeper,144.0,6,9785.0,96.9,0.0,0.0,35.17,LSG,3.0
Irfan Shetty,20,Australia,Wicketkeeper,23.0,1,2810.0,137.3,0.0,0.0,35.91,PBKS,3.0
Ankit Mehta,21,India,Batter,25.0,1,6311.0,135.2,7.0,7.61,28.9,LSG,2.0
Harshit Kulkarni,38,Sri Lanka,Allrounder,95.0,6,5253.0,104.2,381.0,7.63,33.85,PBKS,0.5
Arjun Reddy,24,West Indies,Wicketkeeper,30.0,1,11529.0,134.4,0.0,0.0,48.99,GT,0.2
Sameer Malik,31,India,Bowler,56.0,2,2845.0,138.3,224.0,7.01,32.57,CSK,1.0
Amit Verma,35,India,Allrounder,283.0,12,7646.0,108.0,87.0,5.43,50.27,CSK,2.0
Ankit Kulkarni,31,India,Allrounder,145.0,7,8026.0,152.1,261.0,8.0,22.66,CSK,1.5
Sandeep Singh,41,Australia,Bowler,473.5,21,471.0,133.9,717.0,6.04,44.87,GT,2.0
Amit Verma,42,West Indies,Wicketkeeper,20.0,1,9690.0,133.6,0.0,0.0,46.95,DC,11.0
Sameer Naidu,35,England,Allrounder,87.0,3,7581.0,105.8,262.0,6.26,27.16,CSK,1.5
Irfan Naidu,27,India,Batter,141.0,8,9557.0,116.0,3.0,6.04,23.21,RCB,2.0
Rohan Singh,28,India,Bowler,94.0,4,1219.0,132.7,293.0,5.22,51.31,KKR,0.5
Nikhil Naidu,18,West Indies,Wicketkeeper,21.0,1,5930.0,145.4,0.0,0.0,28.84,GT,0.2
Sameer Shetty,21,West Indies,Bowler,25.0,1,2816.0,106.6,236.0,4.51,53.98,CSK,7.0
Rohan Singh,19,West Indies,Wicketkeeper,15.0,1,5598.0,128.0,0.0,0.0,26.39,PBKS,3.0
Ankit Chopra,26,South Africa,Batter,120.0,5,13094.0,118.7,11.0,8.94,51.47,DC,7.0
Aditya Yadav,20,England,Allrounder,60.0,2,1784.0,118.6,168.0,5.91,37.67,PBKS,0.5
Harshit Kulkarni,27,England,Bowler,110.0,5,1311.0,147.1,454.0,7.39,40.1,CSK,3.0
Harshit Chopra,26,India,Bowler,56.0,2,400.0,119.2,543.0,4.84,54.15,KKR,1.0
Sameer Khan,40,Australia,Allrounder,423.0,19,8948.0,141.9,107.0,7.13,35.75,PBKS,1.0
Sandeep Mehta,23,England,Bowler,139.0,5,3646.0,120.7,550.0,6.02,44.6,PBKS,0.2
Sameer Khan,27,South Africa,Wicketkeeper,59.0,3,2557.0,146.1,0.0,0.0,37.76,PBKS,0.5
Amit Mehta,26,Sri Lanka,Allrounder,158.0,6,6843.0,115.4,385.0,6.68,26.2,SRH,1.0
Rahul Khan,30,India,Allrounder,319.0,12,6030.0,114.0,465.0,8.29,48.02,RR,0.2
Amit Deshmukh,23,India,Batter,119.0,5,4675.0,142.5,5.0,8.5,52.79,DC,11.0
Manoj Iyer,21,India,Allrounder,17.0,1,5055.0,148.9,497.0,7.18,25.87,KKR,1.0
Manoj Yadav,30,India,Allrounder,90.0,6,1896.0,141.3,388.0,7.19,29.51,RR,0.5
Ankit Mehta,27,India,Bowler,82.0,4,1623.0,141.7,382.0,6.81,49.09,CSK,0.5
Irfan Shetty,18,South Africa,Allrounder,24.0,1,8457.0,135.9,86.0,6.1,30.65,DC,3.0
Vikas Singh,26,India,Wicketkeeper,193.0,7,10764.0,139.3,0.0,0.0,36.2,PBKS,0.2
Harshit Iyer,24,Sri Lanka,Wicketkeeper,148.0,6,6793.0,130.9,0.0,0.0,34.55,DC,10.0
Rahul Shetty,40,England,Wicketkeeper,86.0,4,8943.0,104.7,0.0,0.0,26.23,RR,11.0
Manoj Verma,42,South Africa,Wicketkeeper,219.0,11,6491.0,99.7,0.0,0.0,41.63,CSK,1.0
Arjun Reddy,30,Sri Lanka,Allrounder,104.0,6,2190.0,96.3,68.0,7.97,22.32,MI,2.0
Karthik Mehta,31,India,Wicketkeeper,197.0,10,7098.0,122.4,0.0,0.0,45.82,RR,0.2
Vikas Verma,36,India,Bowler,318.0,14,2460.0,111.3,256.0,4.6,28.12,SRH,5.0
Ankit Reddy,34,West Indies,Batter,217.0,11,11136.0,108.5,9.0,7.4,32.34,RCB,2.0
Rahul Naidu,32,India,Allrounder,209.0,8,3525.0,131.7,252.0,7.55,22.84,KKR,1.0
Amit Naidu,41,South Africa,Batter,45.0,2,9276.0,123.6,1.0,8.23,52.71,GT,0.5
Aditya Singh,29,India,Allrounder,81.0,4,5986.0,138.6,469.0,6.01,45.58,CSK,5.0
Pranav Deshmukh,40,Australia,Wicketkeeper,99.0,4,11349.0,108.3,0.0,0.0,51.61,DC,2.0
Rahul Chopra,38,South Africa,Wicketkeeper,39.0,2,11580.0,124.5,0.0,0.0,43.76,SRH,0.5
Arjun Kulkarni,33,Sri Lanka,Batter,155.0,7,8011.0,110.5,13.0,6.51,40.51,DC,5.0
Sameer Khan,18,India,Wicketkeeper,24.0,1,4634.0,114.1,0.0,0.0,37.49,KKR,3.0
Sandeep Iyer,35,India,Wicketkeeper,369.0,14,4822.0,117.4,0.0,0.0,42.42,LSG,7.0
Manoj Reddy,20,South Africa,Bowler,43.0,2,1872.0,95.3,317.0,5.85,42.74,DC,0.2
Sameer Kulkarni,37,Sri Lanka,Wicketkeeper,58.0,2,5101.0,120.3,0.0,0.0,31.96,CSK,7.0
Harshit Iyer,33,South Africa,Wicketkeeper,260.0,11,9811.0,100.6,0.0,0.0,27.71,KKR,5.0
Karthik Deshmukh,31,South Africa,Allrounder,41.0,2,7176.0,151.1,450.0,5.78,35.14,RR,0.2
Manoj Verma,41,India,Batter,280.0,16,9470.0,103.3,3.0,6.15,22.77,CSK,5.0
Irfan Yadav,40,Australia,Bowler,473.5,22,2977.0,106.2,539.0,6.24,37.45,SRH,2.0
Nikhil Patel,23,South Africa,Allrounder,62.0,3,5907.0,143.2,407.0,6.3,31.22,LSG,11.0
Rohan Shetty,23,India,Batter,61.0,4,12474.0,138.3,10.0,7.6,35.17,GT,0.5
Arjun Yadav,38,West Indies,Batter,403.0,16,3277.0,134.7,15.0,8.78,34.37,KKR,5.0
Aditya Patel,18,South Africa,Bowler,28.0,1,3970.0,153.0,574.0,5.92,43.16,DC,1.5
Irfan Yadav,18,West Indies,Bowler,25.0,1,354.0,105.7,693.0,7.44,36.91,CSK,11.0
Amit Reddy,35,South Africa,Wicketkeeper,193.0,7,5494.0,149.5,0.0,0.0,31.29,PBKS,1.5
Manoj Deshmukh,27,India,Allrounder,151.0,9,1851.0,100.8,471.0,8.39,51.59,PBKS,11.0
Irfan Singh,24,South Africa,Wicketkeeper,21.0,1,11598.0,121.7,0.0,0.0,22.58,GT,10.0
Sameer Verma,40,Australia,Batter,452.0,21,4600.0,110.1,12.0,9.08,20.78,CSK,1.0
Pranav Kulkarni,20,India,Wicketkeeper,55.0,2,2558.0,103.1,0.0,0.0,43.07,MI,7.0
Rohan Chopra,30,India,Allrounder,96.0,4,4935.0,101.7,85.0,8.42,36.17,DC,11.0
Harshit Chopra,38,West Indies,Allrounder,15.0,1,4076.0,139.7,472.0,5.63,24.13,CSK,1.0
Irfan Kulkarni,38,West Indies,Allrounder,421.0,16,7329.0,106.8,288.0,5.84,39.34,PBKS,2.0
Harshit Deshmukh,29,India,Allrounder,211.0,9,7752.0,125.7,342.0,8.06,22.04,CSK,3.0
Rahul Malik,25,West Indies,Wicketkeeper,93.0,5,10011.0,128.8,0.0,0.0,47.91,KKR,1.0
Pranav Verma,36,Australia,Allrounder,163.0,8,7950.0,99.4,317.0,5.46,26.57,SRH,0.2
Ankit Malik,41,India,Batter,331.0,20,5044.0,130.5,10.0,8.61,38.92,LSG,1.0
Harshit Verma,22,Sri Lanka,Batter,100.0,4,11480.0,114.9,5.0,6.87,53.81,DC,1.0
Manoj Yadav,27,India,Wicketkeeper,96.0,6,8377.0,109.4,0.0,0.0,51.56,RR,2.0
Manoj Yadav,21,South Africa,Batter,22.0,1,4462.0,102.4,14.0,8.03,36.36,LSG,0.5
Irfan Chopra,25,South Africa,Bowler,47.0,2,2577.0,120.1,335.0,7.6,50.22,DC,10.0
Karthik Sharma,30,India,Allrounder,234.0,10,7043.0,129.3,57.0,5.9,49.53,CSK,5.0
Vikas Patel,40,India,Allrounder,198.0,8,2951.0,124.1,142.0,8.22,42.39,RR,0.2
Sandeep Patel,41,Australia,Wicketkeeper,214.0,11,6420.0,95.2,0.0,0.0,28.86,KKR,5.0
Harshit Shetty,29,India,Batter,233.0,8,8287.0,100.6,15.0,6.98,29.79,RCB,5.0
Vikas Kulkarni,27,South Africa,Batter,45.0,3,9224.0,153.1,5.0,7.12,43.4,GT,11.0
Harshit Kulkarni,34,Sri Lanka,Bowler,233.0,15,581.0,154.3,338.0,5.62,25.36,GT,0.2
Harshit Deshmukh,29,India,Allrounder,120.0,7,7034.0,133.8,471.0,6.67,21.95,DC,1.0
Pranav Mehta,19,Sri Lanka,Wicketkeeper,15.0,1,2745.0,138.0,0.0,0.0,23.5,CSK,10.0
Amit Chopra,42,South Africa,Wicketkeeper,473.5,22,7513.0,103.4,0.0,0.0,25.59,PBKS,10.0
Harshit Mehta,26,Australia,Allrounder,83.0,4,6867.0,136.0,292.0,8.25,42.94,KKR,5.0
Irfan Singh,20,India,Batter,37.0,2,9378.0,112.6,0.0,7.94,41.73,RR,7.0
Amit Shetty,31,India,Batter,206.0,11,6490.0,103.7,2.0,7.44,44.14,MI,0.2
Vikas Khan,23,Sri Lanka,Batter,35.0,2,10000.0,106.4,9.0,6.45,48.62,RR,2.0
Arjun Patel,32,India,Batter,72.0,4,8613.0,132.9,0.0,8.31,34.64,RR,1.0
Sandeep Sharma,24,India,Allrounder,154.0,6,7390.0,136.4,352.0,6.39,45.9,RR,0.5
Rohan Iyer,28,West Indies,Batter,219.0,9,4633.0,153.2,2.0,7.79,53.45,SRH,7.0
Nikhil Iyer,39,India,Bowler,289.0,14,3234.0,144.2,332.0,5.57,39.01,MI,0.5
Arjun Singh,38,Sri Lanka,Wicketkeeper,254.0,13,5679.0,125.7,0.0,0.0,21.92,GT,2.0
Manoj Reddy,41,South Africa,Allrounder,473.5,22,5849.0,149.0,105.0,7.01,47.3,LSG,10.0
Amit Deshmukh,37,India,Batter,165.0,7,3239.0,104.6,7.0,8.75,32.55,LSG,0.5
Rohan Malik,34,Australia,Wicketkeeper,284.0,15,10816.0,109.0,0.0,0.0,31.06,RR,11.0
Arjun Chopra,39,England,Batter,280.0,11,3501.0,116.9,9.0,8.03,39.62,RCB,11.0
Rohan Iyer,26,India,Allrounder,137.0,6,6691.0,112.2,302.0,6.53,23.34,GT,3.0
Sandeep Patel,35,Australia,Allrounder,299.0,16,8523.0,95.7,318.0,8.12,20.06,CSK,0.5
Pranav Shetty,19,Australia,Allrounder,22.0,1,1554.0,154.8,489.0,7.89,45.45,LSG,1.0
Irfan Sharma,21,India,Wicketkeeper,90.0,3,10179.0,95.9,0.0,0.0,27.93,GT,2.0
Pranav Deshmukh,29,West Indies,Bowler,115.0,4,1477.0,143.5,864.0,7.69,39.84,PBKS,1.0
Harshit Sharma,30,Australia,Wicketkeeper,143.0,8,10349.0,109.2,0.0,0.0,20.5,CSK,1.0
Harshit Singh,19,West Indies,Wicketkeeper,24.0,1,5728.0,96.3,0.0,0.0,41.42,SRH,11.0
Sameer Deshmukh,39,India,Batter,157.0,7,6789.0,154.6,8.0,6.08,26.42,DC,0.5
Sameer Deshmukh,32,Sri Lanka,Batter,323.0,13,3667.0,104.3,8.0,8.49,38.9,RR,5.0
Ankit Kulkarni,42,Australia,Batter,314.0,15,5148.0,141.0,5.0,6.28,40.47,SRH,0.2
Rohan Mehta,29,Australia,Bowler,136.0,9,2287.0,145.9,538.0,4.33,39.15,MI,3.0
Rahul Kulkarni,26,India,Bowler,102.0,6,3173.0,150.0,809.0,7.5,52.22,GT,10.0
Manoj Shetty,19,South Africa,Wicketkeeper,23.0,1,8724.0,99.7,0.0,0.0,24.23,GT,1.0
Manoj Singh,20,India,Batter,38.0,2,4699.0,124.3,15.0,9.46,28.34,LSG,0.5
Harshit Kulkarni,35,India,Allrounder,308.0,15,4786.0,110.9,250.0,7.69,45.45,MI,5.0
Sameer Iyer,24,South Africa,Wicketkeeper,36.0,2,3022.0,145.2,0.0,0.0,47.45,SRH,5.0
Arjun Deshmukh,23,England,Wicketkeeper,59.0,3,7992.0,111.4,0.0,0.0,34.06,RR,5.0
Manoj Reddy,33,India,Wicketkeeper,244.0,9,2960.0,119.8,0.0,0.0,37.19,LSG,1.0
Rahul Kulkarni,25,Australia,Batter,40.0,2,12203.0,122.1,13.0,6.59,37.88,RCB,1.0
Karthik Mehta,20,West Indies,Allrounder,57.0,2,8767.0,144.2,192.0,6.86,38.11,PBKS,11.0
Rahul Mehta,26,South Africa,Allrounder,46.0,2,3166.0,134.8,393.0,5.81,47.91,PBKS,10.0
Sandeep Shetty,23,India,Wicketkeeper,92.0,4,4855.0,114.2,0.0,0.0,42.59,GT,2.0
Amit Singh,25,South Africa,Batter,60.0,4,5693.0,115.5,6.0,6.51,51.82,PBKS,7.0
Rohan Naidu,25,India,Batter,152.0,6,6005.0,129.5,4.0,9.19,44.58,KKR,2.0
Sameer Singh,26,India,Wicketkeeper,66.0,4,9479.0,146.2,0.0,0.0,53.55,GT,2.0
Sameer Deshmukh,22,Sri Lanka,Wicketkeeper,49.0,3,10749.0,124.4,0.0,0.0,39.66,PBKS,0.5
Rohan Kulkarni,29,Sri Lanka,Batter,44.0,2,4953.0,99.3,12.0,7.45,34.8,LSG,2.0
Nikhil Yadav,24,India,Allrounder,27.0,1,2665.0,143.3,373.0,7.77,51.23,GT,3.0
Sameer Shetty,41,India,Wicketkeeper,357.0,15,11900.0,98.1,0.0,0.0,38.45,MI,0.2
Pranav Deshmukh,20,Australia,Bowler,16.0,1,3429.0,107.0,213.0,4.41,51.51,SRH,2.0
Pranav Chopra,31,England,Batter,307.0,11,11883.0,140.5,14.0,7.74,22.25,KKR,7.0
Pranav Verma,27,West Indies,Allrounder,110.0,4,4080.0,135.5,436.0,6.46,24.67,CSK,5.0
Irfan Sharma,35,England,Bowler,214.0,10,3783.0,98.9,711.0,5.24,42.8,SRH,3.0
Manoj Khan,23,England,Wicketkeeper,130.0,5,9893.0,153.3,0.0,0.0,48.95,LSG,10.0
Manoj Chopra,28,India,Wicketkeeper,79.0,4,8111.0,153.5,0.0,0.0,49.6,GT,0.2
Pranav Verma,38,India,Bowler,200.0,7,3636.0,129.6,287.0,7.25,38.14,MI,3.0
Harshit Iyer,33,Australia,Bowler,113.0,4,212.0,144.1,612.0,5.54,26.37,RR,7.0
Rohan Verma,21,India,Allrounder,54.0,3,1695.0,151.9,306.0,5.2,20.13,GT,3.0
Vikas Singh,27,India,Wicketkeeper,81.0,3,4593.0,153.6,0.0,0.0,45.51,PBKS,1.5
Pranav Chopra,20,Australia,Wicketkeeper,52.0,2,7023.0,114.7,0.0,0.0,44.42,RR,0.5
Nikhil Reddy,40,India,Bowler,261.0,17,3234.0,109.7,400.0,7.11,46.98,MI,10.0
Amit Patel,22,India,Batter,84.0,4,5585.0,110.0,9.0,8.82,21.47,PBKS,2.0
Sandeep Khan,31,India,Allrounder,233.0,13,4389.0,107.0,247.0,5.71,22.28,MI,10.0
Vikas Naidu,22,India,Allrounder,84.0,3,2779.0,117.8,410.0,7.54,50.95,RR,3.0
Sameer Singh,19,England,Wicketkeeper,28.0,1,9390.0,110.1,0.0,0.0,35.86,SRH,5.0
Karthik Sharma,33,India,Bowler,17.0,1,3379.0,147.6,132.0,6.43,38.36,LSG,7.0
Karthik Shetty,36,India,Allrounder,309.0,12,8712.0,147.0,310.0,6.31,30.86,DC,5.0
Harshit Deshmukh,41,West Indies,Allrounder,107.0,5,7134.0,121.7,145.0,5.28,47.48,LSG,1.5
Karthik Kulkarni,32,West Indies,Batter,41.0,2,14412.0,130.2,12.0,6.11,40.81,MI,2.0
Aditya Deshmukh,37,West Indies,Batter,65.0,4,11212.0,112.2,15.0,9.25,29.76,LSG,7.0
Ankit Chopra,28,India,Batter,270.0,9,13331.0,116.4,13.0,7.54,45.77,PBKS,1.5
Karthik Chopra,22,India,Bowler,46.0,2,2653.0,140.5,554.0,6.44,48.7,SRH,1.5
Rahul Singh,20,India,Wicketkeeper,54.0,2,4239.0,150.4,0.0,0.0,35.08,RR,0.2
Rohan Khan,18,India,Batter,24.0,1,3730.0,107.9,13.0,9.45,45.0,LSG,10.0
Arjun Singh,38,India,Wicketkeeper,179.0,11,5673.0,127.0,0.0,0.0,48.59,PBKS,0.2
Sameer Patel,32,South Africa,Wicketkeeper,21.0,1,3848.0,123.6,0.0,0.0,47.44,SRH,5.0
Pranav Verma,19,India,Wicketkeeper,30.0,1,10795.0,150.8,0.0,0.0,45.63,RCB,2.0
Sandeep Khan,24,India,Wicketkeeper,106.0,4,7006.0,141.6,0.0,0.0,22.35,KKR,2.0
Sandeep Reddy,33,England,Batter,28.0,1,14554.0,153.5,5.0,6.72,44.26,CSK,5.0
Manoj Mehta,37,India,Wicketkeeper,124.0,5,4695.0,128.7,0.0,0.0,32.84,RCB,0.2
Rohan Iyer,19,Australia,Bowler,30.0,1,1790.0,117.1,314.0,4.17,37.46,MI,3.0
Sandeep Chopra,18,India,Wicketkeeper,15.0,1,5811.0,107.7,0.0,0.0,26.06,MI,7.0
Aditya Chopra,21,England,Wicketkeeper,57.0,3,8475.0,125.5,0.0,0.0,40.51,GT,7.0
Aditya Singh,36,India,Bowler,88.0,3,1754.0,130.2,335.0,4.91,51.51,GT,0.5
Karthik Chopra,33,West Indies,Allrounder,261.0,15,3933.0,146.4,209.0,6.66,52.45,GT,10.0
Nikhil Chopra,39,West Indies,Batter,357.0,20,14858.0,100.7,6.0,6.32,36.66,LSG,5.0
Harshit Naidu,24,India,Batter,91.0,5,12070.0,120.6,5.0,8.06,31.43,RCB,10.0
Aditya Deshmukh,38,England,Bowler,159.0,8,379.0,95.1,875.0,6.44,53.88,LSG,2.0
Amit Singh,24,Australia,Wicketkeeper,111.0,5,2940.0,108.9,0.0,0.0,52.1,DC,3.0
Ankit Singh,28,India,Wicketkeeper,112.0,5,4347.0,101.5,0.0,0.0,28.33,KKR,10.0
Harshit Naidu,24,India,Batter,106.0,4,13501.0,154.8,9.0,6.82,20.16,CSK,10.0
Pranav Patel,36,Sri Lanka,Allrounder,115.0,4,2303.0,147.2,281.0,7.24,43.53,CSK,2.0
Karthik Shetty,35,India,Wicketkeeper,401.0,15,8770.0,116.8,0.0,0.0,53.54,DC,1.0
Irfan Shetty,18,Australia,Allrounder,25.0,1,5580.0,121.0,350.0,8.13,40.07,DC,1.5
Irfan Singh,27,Sri Lanka,Wicketkeeper,58.0,3,9950.0,153.1,0.0,0.0,54.39,KKR,1.5
Irfan Khan,24,England,Wicketkeeper,36.0,2,9889.0,122.0,0.0,0.0,49.66,PBKS,1.0
Rohan Mehta,22,India,Allrounder,55.0,3,2802.0,117.3,233.0,6.06,25.77,LSG,1.0
Rohan Kulkarni,36,South Africa,Batter,317.0,11,5657.0,134.4,1.0,6.73,37.88,KKR,10.0
Ankit Deshmukh,19,England,Bowler,22.0,1,3537.0,119.2,399.0,4.88,33.06,GT,0.2
Nikhil Naidu,41,West Indies,Bowler,59.0,2,2358.0,146.2,443.0,7.75,33.58,CSK,5.0
Amit Reddy,25,India,Wicketkeeper,84.0,5,5863.0,149.8,0.0,0.0,31.99,SRH,0.5
Irfan Naidu,33,India,Wicketkeeper,129.0,5,6147.0,135.1,0.0,0.0,53.83,GT,1.5
Rohan Reddy,33,India,Bowler,147.0,7,2949.0,135.8,665.0,5.48,30.36,MI,0.2
Rahul Chopra,38,Australia,Bowler,453.0,20,3181.0,129.4,576.0,5.01,54.27,CSK,1.0
Ankit Sharma,37,India,Batter,235.0,10,12591.0,151.3,8.0,7.59,52.0,DC,7.0
Harshit Sharma,37,England,Wicketkeeper,28.0,1,5140.0,110.2,0.0,0.0,34.06,KKR,10.0
Rahul Sharma,32,India,Wicketkeeper,16.0,1,4122.0,133.6,0.0,0.0,38.13,DC,1.0
Sameer Mehta,33,India,Batter,307.0,13,5445.0,154.6,3.0,6.34,46.34,DC,2.0
Amit Chopra,32,West Indies,Allrounder,187.0,8,4051.0,132.1,282.0,6.53,23.07,PBKS,2.0
Pranav Yadav,36,India,Allrounder,317.0,15,7541.0,150.8,479.0,6.73,51.38,MI,10.0
Manoj Verma,27,India,Batter,178.0,6,13502.0,126.9,4.0,7.18,44.41,KKR,7.0
Irfan Shetty,34,India,Wicketkeeper,125.0,8,9956.0,115.4,0.0,0.0,22.27,LSG,2.0
Arjun Shetty,26,West Indies,Wicketkeeper,51.0,2,10547.0,125.3,0.0,0.0,41.06,RCB,5.0
Sameer Patel,41,West Indies,Wicketkeeper,319.0,12,10033.0,95.4,0.0,0.0,23.35,PBKS,7.0
Pranav Naidu,23,England,Batter,56.0,2,10755.0,115.9,13.0,6.73,38.94,DC,0.2
Ankit Malik,38,Australia,Wicketkeeper,66.0,4,5720.0,112.6,0.0,0.0,29.67,GT,2.0
Sameer Iyer,18,India,Bowler,28.0,1,1197.0,103.7,491.0,7.3,37.34,RCB,10.0
Pranav Reddy,23,India,Wicketkeeper,22.0,1,9327.0,152.2,0.0,0.0,41.88,LSG,5.0
Aditya Patel,42,India,Allrounder,77.0,3,7246.0,120.9,381.0,7.51,20.7,CSK,3.0
Vikas Deshmukh,40,India,Wicketkeeper,112.0,6,9636.0,133.8,0.0,0.0,42.12,GT,3.0
Vikas Patel,27,India,Batter,85.0,3,5640.0,122.7,5.0,6.39,52.04,DC,1.5
Pranav Shetty,41,India,Allrounder,389.0,14,7919.0,122.7,266.0,5.72,36.14,GT,3.0
Ankit Naidu,32,India,Bowler,72.0,3,958.0,144.5,505.0,7.08,46.57,GT,5.0
Vikas Sharma,34,India,Bowler,69.0,4,3448.0,99.3,415.0,5.39,32.23,DC,2.0
Amit Patel,22,West Indies,Batter,100.0,4,4752.0,137.2,5.0,8.38,53.78,MI,5.0
Vikas Chopra,25,West Indies,Wicketkeeper,16.0,1,3752.0,122.2,0.0,0.0,42.14,GT,10.0
Rahul Iyer,38,India,Bowler,128.0,5,1434.0,104.0,210.0,6.05,36.14,SRH,0.5
Amit Naidu,21,England,Batter,20.0,1,3771.0,152.0,11.0,7.91,32.83,SRH,2.0
Nikhil Khan,40,India,Batter,32.0,2,12957.0,127.5,14.0,9.43,28.49,PBKS,2.0
Arjun Shetty,21,India,Batter,32.0,2,14366.0,103.5,2.0,6.67,35.85,DC,5.0
Rahul Iyer,28,England,Allrounder,16.0,1,8374.0,121.7,78.0,5.08,54.59,RCB,1.0
Harshit Shetty,21,India,Wicketkeeper,20.0,1,8976.0,135.2,0.0,0.0,46.59,DC,5.0
Vikas Mehta,32,Sri Lanka,Batter,258.0,13,12137.0,123.4,0.0,6.42,30.02,CSK,10.0
Rohan Mehta,32,Sri Lanka,Batter,177.0,10,12835.0,105.9,2.0,9.13,36.06,KKR,2.0
Rahul Verma,19,Australia,Allrounder,27.0,1,7269.0,125.8,315.0,7.06,49.06,MI,10.0
Ankit Shetty,34,India,Wicketkeeper,62.0,4,11773.0,108.9,0.0,0.0,33.21,RR,11.0
Harshit Verma,29,India,Bowler,221.0,9,3812.0,126.7,690.0,7.01,34.07,GT,0.2
Ankit Khan,20,South Africa,Wicketkeeper,20.0,1,7434.0,96.8,0.0,0.0,46.37,KKR,1.0
Ankit Iyer,33,India,Batter,228.0,10,10806.0,132.2,10.0,9.4,49.98,KKR,11.0
Arjun Yadav,18,South Africa,Wicketkeeper,21.0,1,8679.0,126.0,0.0,0.0,28.11,DC,11.0
Arjun Singh,26,West Indies,Allrounder,17.0,1,2322.0,134.2,319.0,5.05,37.26,GT,0.2
Karthik Patel,29,India,Wicketkeeper,146.0,6,9894.0,141.9,0.0,0.0,44.31,LSG,0.2
Sameer Reddy,29,Sri Lanka,Wicketkeeper,129.0,8,3455.0,154.3,0.0,0.0,37.86,RCB,0.5
Amit Verma,40,India,Batter,258.0,13,3343.0,112.2,15.0,7.5,36.69,RCB,11.0
Vikas Chopra,24,West Indies,Allrounder,108.0,6,8539.0,97.5,296.0,8.06,54.23,RR,0.5
Arjun Sharma,20,Sri Lanka,Wicketkeeper,59.0,2,11696.0,154.6,0.0,0.0,40.92,CSK,2.0
Nikhil Sharma,30,West Indies,Wicketkeeper,40.0,2,6520.0,114.9,0.0,0.0,27.81,CSK,7.0
Ankit Sharma,26,Australia,Allrounder,187.0,8,2314.0,98.0,172.0,5.97,36.63,LSG,0.2
Harshit Mehta,27,Australia,Bowler,127.0,5,3052.0,138.1,696.0,4.22,33.02,SRH,3.0
Sandeep Reddy,23,England,Wicketkeeper,66.0,4,11057.0,107.0,0.0,0.0,39.07,KKR,1.0
Arjun Khan,21,India,Bowler,62.0,3,3744.0,136.7,797.0,7.7,37.21,KKR,10.0
Ankit Khan,37,India,Batter,296.0,10,13112.0,139.2,5.0,8.72,51.21,DC,1.0
Pranav Naidu,32,India,Wicketkeeper,167.0,8,11239.0,107.3,0.0,0.0,50.06,MI,5.0
Sameer Shetty,37,India,Batter,224.0,14,4325.0,151.5,6.0,7.05,29.84,RR,5.0
Irfan Khan,21,West Indies,Bowler,29.0,1,276.0,152.8,877.5,7.52,25.09,LSG,1.0
Pranav Deshmukh,35,India,Wicketkeeper,386.0,16,6456.0,153.5,0.0,0.0,23.0,GT,0.2
Karthik Iyer,19,West Indies,Wicketkeeper,24.0,1,3296.0,108.1,0.0,0.0,35.55,DC,2.0
Sandeep Kulkarni,19,India,Wicketkeeper,23.0,1,9189.0,154.6,0.0,0.0,37.1,DC,1.0
Amit Singh,40,South Africa,Wicketkeeper,327.0,13,11790.0,128.0,0.0,0.0,44.3,CSK,7.0
Aditya Singh,18,West Indies,Allrounder,29.0,1,3118.0,142.0,275.0,8.39,27.85,RCB,7.0
Amit Naidu,38,Australia,Allrounder,328.0,18,6263.0,100.9,53.0,6.06,42.56,CSK,2.0
Manoj Kulkarni,23,Sri Lanka,Batter,73.0,3,5239.0,110.4,6.0,6.63,51.08,MI,3.0
Harshit Yadav,33,India,Wicketkeeper,234.0,10,6175.0,114.6,0.0,0.0,39.83,CSK,3.0
Pranav Mehta,24,England,Batter,18.0,1,11632.0,99.4,13.0,7.39,32.7,RCB,7.0
Rohan Chopra,27,England,Batter,125.0,8,5794.0,148.7,6.0,7.43,31.36,DC,2.0
Sameer Shetty,20,Australia,Wicketkeeper,30.0,1,4470.0,117.8,0.0,0.0,47.4,SRH,1.0
Amit Yadav,29,India,Allrounder,146.0,7,7535.0,142.9,402.0,7.66,53.38,LSG,1.0
Rohan Chopra,18,India,Wicketkeeper,19.0,1,9646.0,142.7,0.0,0.0,34.27,GT,3.0
Rahul Iyer,35,India,Batter,88.0,5,8221.0,125.5,4.0,8.88,29.72,CSK,2.0
Karthik Kulkarni,30,Sri Lanka,Batter,81.0,3,8979.0,108.4,15.0,7.06,25.07,RR,2.0
Aditya Shetty,28,South Africa,Batter,233.0,8,12826.0,98.8,14.0,6.65,51.1,GT,0.2
Harshit Sharma,22,Sri Lanka,Batter,60.0,3,9943.0,130.2,10.0,9.26,49.42,RR,5.0
Nikhil Deshmukh,34,India,Allrounder,255.0,15,6682.0,149.1,217.0,5.64,37.72,RCB,0.5
Sameer Khan,21,India,Batter,30.0,1,11397.0,103.5,6.0,6.24,30.81,GT,0.5
Irfan Naidu,20,India,Allrounder,21.0,1,7172.0,113.6,434.0,5.15,22.1,MI,2.0
Karthik Reddy,31,West Indies,Batter,169.0,7,4405.0,110.9,7.0,6.83,54.8,DC,1.0
Amit Reddy,32,Sri Lanka,Wicketkeeper,229.0,14,4666.0,109.1,0.0,0.0,28.37,MI,3.0
Sameer Naidu,29,West Indies,Batter,123.0,6,12399.0,146.6,6.0,8.4,33.55,DC,1.5
Arjun Iyer,37,Australia,Wicketkeeper,120.0,4,3455.0,147.5,0.0,0.0,31.9,RR,2.0
Sameer Kulkarni,35,Australia,Allrounder,131.0,7,3749.0,114.8,71.0,5.69,41.33,SRH,3.0
Aditya Malik,23,India,Allrounder,82.0,5,5687.0,135.4,273.0,6.29,28.29,DC,0.5
Ankit Malik,32,South Africa,Wicketkeeper,53.0,2,6546.0,137.1,0.0,0.0,32.16,RR,0.5
Irfan Yadav,28,India,Batter,188.0,8,9948.0,128.5,6.0,7.6,44.02,GT,10.0
Karthik Deshmukh,23,West Indies,Batter,27.0,1,8389.0,145.2,9.0,6.84,45.26,KKR,2.0
Rahul Patel,25,South Africa,Batter,111.0,4,12747.0,153.5,5.0,6.82,43.27,RCB,2.0
Sandeep Verma,34,Sri Lanka,Bowler,329.0,15,369.0,104.5,705.0,5.72,38.66,PBKS,0.2
Rohan Malik,42,Sri Lanka,Bowler,473.5,22,2636.0,120.8,777.0,4.63,34.3,GT,2.0
Vikas Patel,30,West Indies,Batter,28.0,1,5156.0,106.5,8.0,8.52,48.77,CSK,3.0
Sameer Patel,29,Sri Lanka,Batter,66.0,4,11929.0,121.6,4.0,7.14,47.03,DC,3.0
Sandeep Iyer,42,India,Allrounder,372.0,13,1576.0,113.5,246.0,7.19,33.52,LSG,5.0
Manoj Malik,34,England,Wicketkeeper,241.0,9,8499.0,113.3,0.0,0.0,40.82,RR,0.5
Rohan Iyer,35,India,Batter,150.0,9,6522.0,138.5,14.0,7.16,40.29,PBKS,1.0
Manoj Verma,26,South Africa,Bowler,183.0,8,3997.0,113.6,155.0,4.55,27.75,DC,7.0
Rohan Mehta,23,Sri Lanka,Bowler,28.0,1,2621.0,126.0,388.0,5.48,37.74,GT,11.0
Karthik Malik,20,India,Allrounder,51.0,2,3531.0,106.4,73.0,7.64,53.13,RCB,0.5
Vikas Mehta,40,West Indies,Batter,423.0,20,12681.0,113.0,1.0,7.2,43.98,RR,2.0
Nikhil Naidu,23,Sri Lanka,Bowler,97.0,5,731.0,117.7,872.0,7.06,46.14,RR,0.5
Harshit Khan,18,India,Batter,26.0,1,3454.0,141.0,7.0,9.09,21.2,MI,0.2
Arjun Shetty,24,Australia,Wicketkeeper,112.0,4,7218.0,144.6,0.0,0.0,47.11,PBKS,1.5
Arjun Yadav,37,Sri Lanka,Wicketkeeper,136.0,5,7073.0,135.2,0.0,0.0,46.6,RR,0.5
Sandeep Verma,27,Sri Lanka,Bowler,134.0,8,3894.0,120.9,666.0,7.72,22.35,DC,5.0
Nikhil Shetty,28,West Indies,Allrounder,122.0,6,5396.0,97.8,120.0,6.61,30.3,RR,3.0
Amit Verma,32,India,Wicketkeeper,304.0,11,4019.0,130.2,0.0,0.0,30.84,MI,0.5
Karthik Patel,33,Australia,Batter,154.0,8,8078.0,144.3,5.0,8.4,34.72,RR,0.2
Nikhil Reddy,38,India,Bowler,409.0,18,2019.0,99.8,121.0,7.42,49.4,KKR,7.0
Nikhil Kulkarni,18,England,Bowler,23.0,1,1922.0,114.3,198.0,7.15,30.46,DC,0.5
Karthik Yadav,23,South Africa,Batter,16.0,1,11794.0,143.7,1.0,7.07,49.11,MI,3.0
Rohan Iyer,30,Sri Lanka,Bowler,247.0,9,1604.0,130.6,790.0,5.25,24.86,KKR,1.5
Sandeep Mehta,33,West Indies,Bowler,118.0,6,2365.0,154.9,183.0,5.78,25.56,PBKS,3.0
Nikhil Mehta,35,England,Allrounder,368.0,16,5837.0,144.5,193.0,8.32,54.03,CSK,1.0
Arjun Iyer,21,South Africa,Allrounder,63.0,3,7092.0,107.8,493.0,5.63,20.59,SRH,0.2
Irfan Chopra,42,India,Batter,113.0,4,6806.0,133.6,8.0,8.54,26.23,GT,1.0
Aditya Sharma,30,India,Batter,216.0,8,9922.0,113.0,6.0,8.77,24.72,RR,0.5
Vikas Chopra,35,India,Wicketkeeper,236.0,9,6519.0,120.4,0.0,0.0,23.18,MI,2.0
Sameer Kulkarni,33,India,Batter,228.0,14,12208.0,117.3,11.0,6.92,49.82,LSG,5.0
Manoj Patel,19,India,Bowler,24.0,1,188.0,121.6,431.0,7.01,45.36,RR,1.0
Nikhil Chopra,27,India,Allrounder,201.0,7,2416.0,115.5,283.0,6.99,45.41,DC,0.2
Amit Deshmukh,29,India,Allrounder,74.0,3,4499.0,132.1,225.0,7.39,41.63,CSK,2.0
Ankit Naidu,18,India,Bowler,24.0,1,383.0,118.1,234.0,6.6,50.42,GT,3.0
Rahul Malik,33,India,Batter,144.0,8,11533.0,148.0,15.0,6.57,31.98,DC,11.0
Irfan Mehta,37,India,Bowler,94.0,5,3373.0,131.0,326.0,4.48,33.16,RCB,3.0
Pranav Chopra,34,Australia,Batter,117.0,4,13694.0,120.8,1.0,8.85,43.4,LSG,2.0
Vikas Shetty,19,South Africa,Allrounder,20.0,1,5895.0,107.6,412.0,6.08,33.58,RCB,3.0
Sandeep Yadav,38,South Africa,Bowler,145.0,9,3920.0,134.4,824.0,6.31,40.24,LSG,10.0
Manoj Naidu,38,Australia,Allrounder,140.0,7,8914.0,136.5,114.0,8.46,52.6,RCB,7.0
Irfan Iyer,27,South Africa,Bowler,156.0,8,3818.0,98.7,570.0,4.45,30.88,RCB,1.5
Vikas Verma,22,India,Bowler,50.0,2,1551.0,126.6,125.0,4.52,38.16,KKR,1.0
Sandeep Iyer,42,Sri Lanka,Bowler,473.5,22,1537.0,139.7,182.0,6.19,54.0,RCB,1.0
Arjun Yadav,33,Australia,Allrounder,183.0,11,8216.0,102.1,273.0,8.07,31.85,SRH,2.0
Aditya Shetty,25,India,Batter,19.0,1,7734.0,105.6,4.0,6.9,39.07,GT,5.0
Nikhil Reddy,26,England,Bowler,55.0,2,2467.0,108.6,584.0,6.1,44.92,KKR,2.0
Arjun Deshmukh,29,India,Bowler,54.0,3,127.0,96.3,859.0,6.79,33.85,GT,0.2
Harshit Verma,37,West Indies,Wicketkeeper,124.0,8,2935.0,148.4,0.0,0.0,38.21,PBKS,5.0
Manoj Naidu,37,West Indies,Bowler,137.0,6,3401.0,110.2,164.0,5.32,28.52,LSG,7.0
Rohan Shetty,26,Australia,Allrounder,126.0,6,3739.0,144.0,415.0,5.35,23.03,PBKS,1.0
Sameer Yadav,27,India,Wicketkeeper,72.0,3,11710.0,112.5,0.0,0.0,21.6,LSG,5.0
Vikas Shetty,24,West Indies,Bowler,36.0,2,830.0,97.4,576.0,6.97,30.79,SRH,2.0
Aditya Naidu,39,Sri Lanka,Allrounder,318.0,12,4287.0,119.6,87.0,7.01,29.88,KKR,10.0
Sameer Patel,25,South Africa,Bowler,117.0,5,883.0,142.9,196.0,5.05,54.09,MI,7.0
Ankit Reddy,22,South Africa,Allrounder,88.0,4,8957.0,97.3,220.0,6.22,21.28,PBKS,3.0
Karthik Patel,32,India,Allrounder,26.0,1,6596.0,128.1,370.0,7.66,47.43,LSG,5.0
Harshit Khan,20,India,Bowler,26.0,1,1619.0,149.5,250.0,6.65,51.0,KKR,10.0
Ankit Sharma,42,India,Allrounder,473.5,21,7744.0,123.5,322.0,7.76,30.78,MI,2.0
Aditya Deshmukh,27,Australia,Batter,32.0,2,4278.0,125.1,7.0,7.77,41.36,KKR,1.0
Amit Khan,32,India,Bowler,62.0,4,340.0,134.3,546.0,4.71,35.98,RCB,5.0
Irfan Iyer,25,India,Bowler,207.0,7,1625.0,109.4,631.0,6.36,35.2,RR,1.0
Manoj Yadav,30,Sri Lanka,Wicketkeeper,169.0,11,9269.0,107.6,0.0,0.0,50.64,CSK,1.5
Harshit Yadav,27,West Indies,Wicketkeeper,250.0,9,7624.0,124.3,0.0,0.0,27.87,PBKS,10.0
Nikhil Iyer,31,England,Batter,155.0,9,4415.0,135.5,0.0,6.14,27.51,PBKS,5.0
Arjun Malik,22,England,Bowler,45.0,3,3340.0,127.0,662.0,7.76,30.11,KKR,2.0
Ankit Yadav,25,South Africa,Wicketkeeper,49.0,2,7249.0,134.5,0.0,0.0,29.63,RCB,0.5
Irfan Kulkarni,34,India,Bowler,373.0,13,3792.0,113.5,163.0,7.12,54.59,RCB,1.5
Irfan Reddy,25,India,Batter,115.0,6,5812.0,145.7,7.0,8.12,22.55,DC,1.0
Irfan Patel,37,South Africa,Batter,292.0,13,8064.0,139.2,3.0,7.22,42.93,GT,0.5
Aditya Reddy,20,Australia,Batter,59.0,2,9764.0,116.4,10.0,6.68,29.22,SRH,5.0
Nikhil Reddy,37,Sri Lanka,Bowler,146.0,5,619.0,115.7,522.0,6.33,30.82,DC,1.0
Arjun Sharma,36,Australia,Batter,29.0,1,3050.0,119.5,6.0,6.73,26.84,CSK,2.0
Amit Deshmukh,23,West Indies,Wicketkeeper,46.0,2,11205.0,152.8,0.0,0.0,25.41,CSK,1.5
Vikas Deshmukh,27,Sri Lanka,Batter,75.0,4,4928.0,120.7,0.0,9.2,33.23,SRH,11.0
Rahul Shetty,29,India,Bowler,79.0,4,3577.0,133.1,833.0,4.88,43.99,RCB,1.5
Vikas Deshmukh,26,India,Bowler,72.0,3,136.0,98.3,862.0,5.78,52.15,RR,0.2
Sandeep Deshmukh,20,India,Wicketkeeper,20.0,1,3623.0,153.8,0.0,0.0,35.09,GT,0.2
Rahul Singh,22,India,Batter,28.0,1,3771.0,122.0,15.0,8.15,31.27,MI,3.0
Pranav Sharma,34,India,Wicketkeeper,158.0,10,9669.0,99.6,0.0,0.0,35.96,SRH,3.0
Irfan Khan,39,India,Wicketkeeper,251.0,15,3043.0,144.1,0.0,0.0,20.6,RR,2.0
Vikas Patel,19,Australia,Allrounder,19.0,1,2601.0,147.8,149.0,7.04,27.61,PBKS,2.0
Sandeep Naidu,30,Australia,Bowler,151.0,6,3176.0,141.3,790.0,4.7,28.93,MI,0.2
Karthik Reddy,23,India,Batter,59.0,3,5087.0,117.7,14.0,6.67,33.74,RCB,2.0
Sameer Verma,29,West Indies,Allrounder,22.0,1,2181.0,132.1,293.0,8.06,34.21,SRH,2.0
Aditya Mehta,42,South Africa,Allrounder,334.0,22,8041.0,152.2,77.0,6.87,23.96,KKR,0.5
Aditya Chopra,30,South Africa,Wicketkeeper,37.0,2,3007.0,107.5,0.0,0.0,53.69,LSG,0.2
Sandeep Iyer,33,Sri Lanka,Wicketkeeper,83.0,4,11433.0,152.4,0.0,0.0,26.2,DC,0.5
Vikas Mehta,26,Sri Lanka,Wicketkeeper,112.0,4,3034.0,103.7,0.0,0.0,34.74,MI,0.2
Amit Iyer,21,England,Batter,29.0,1,12096.0,134.3,4.0,6.17,22.71,PBKS,3.0
Pranav Malik,23,West Indies,Bowler,43.0,2,558.0,124.1,299.0,4.22,53.52,DC,0.5
Vikas Malik,26,India,Bowler,54.0,3,1711.0,116.4,389.0,5.62,54.93,SRH,1.0
Rohan Kulkarni,20,India,Batter,21.0,1,3088.0,117.5,11.0,7.86,33.51,SRH,0.5
Harshit Naidu,30,South Africa,Allrounder,106.0,7,7463.0,125.7,431.0,5.68,35.36,LSG,11.0
Ankit Patel,30,Australia,Bowler,37.0,2,1236.0,104.6,256.0,5.03,30.89,LSG,7.0
Vikas Mehta,21,West Indies,Allrounder,21.0,1,7218.0,98.5,330.0,6.78,25.38,GT,1.0
Manoj Mehta,18,Australia,Batter,27.0,1,10076.0,127.6,0.0,9.32,22.22,RR,1.5
Pranav Malik,42,Sri Lanka,Wicketkeeper,112.0,5,11664.0,136.6,0.0,0.0,22.16,GT,0.5
Karthik Malik,29,South Africa,Batter,33.0,2,5414.0,140.0,8.0,8.59,42.79,RR,2.0
Sameer Kulkarni,33,England,Wicketkeeper,371.0,13,9973.0,138.9,0.0,0.0,23.08,GT,0.2
Harshit Reddy,30,India,Allrounder,160.0,7,4511.0,103.2,346.0,7.54,31.88,PBKS,5.0
Sandeep Chopra,39,Sri Lanka,Batter,473.5,21,14440.0,125.2,9.0,9.3,53.86,RCB,3.0
Aditya Chopra,31,England,Allrounder,224.0,10,8081.0,123.7,200.0,5.31,22.18,RCB,10.0
Rohan Verma,32,West Indies,Bowler,126.0,7,167.0,99.7,128.0,6.39,26.14,LSG,0.5
Pranav Reddy,21,India,Wicketkeeper,26.0,1,5108.0,110.5,0.0,0.0,46.21,GT,7.0
Vikas Naidu,41,Australia,Batter,418.0,22,3757.0,145.8,9.0,6.57,24.62,RCB,7.0
Vikas Khan,31,India,Allrounder,197.0,12,6868.0,118.7,292.0,5.12,54.28,DC,0.5
Harshit Malik,38,India,Allrounder,42.0,2,8014.0,101.1,293.0,5.39,46.29,LSG,1.5
Sameer Sharma,32,India,Bowler,162.0,10,787.0,138.0,119.0,5.19,27.0,CSK,0.5
Amit Khan,26,Sri Lanka,Bowler,96.0,4,3440.0,110.9,98.0,5.75,35.8,LSG,1.0
Sandeep Khan,41,England,Batter,21.0,1,5957.0,140.7,7.0,8.69,38.05,MI,1.0
Irfan Mehta,34,England,Batter,244.0,10,8546.0,110.8,0.0,9.25,28.41,PBKS,3.0
Rahul Chopra,31,India,Wicketkeeper,69.0,3,5774.0,131.8,0.0,0.0,41.75,MI,2.0
Rohan Deshmukh,20,India,Allrounder,43.0,2,4686.0,131.5,270.0,5.16,33.11,GT,11.0
Aditya Reddy,41,India,Allrounder,365.0,13,8626.0,143.5,436.0,7.62,39.33,RCB,0.5
Rahul Reddy,40,India,Allrounder,243.0,14,4787.0,133.2,203.0,5.01,46.21,DC,11.0
Karthik Sharma,26,India,Bowler,220.0,8,2663.0,122.9,146.0,4.95,53.8,SRH,1.0
Sandeep Yadav,27,Sri Lanka,Allrounder,44.0,2,8065.0,108.4,424.0,6.04,27.38,GT,7.0
Harshit Sharma,34,West Indies,Batter,327.0,16,7441.0,152.0,11.0,7.96,41.3,CSK,1.5
Harshit Singh,19,South Africa,Bowler,22.0,1,2737.0,133.3,291.0,5.15,41.87,LSG,0.5
Vikas Khan,34,Australia,Bowler,120.0,4,2643.0,104.6,278.0,6.27,42.21,DC,7.0
Amit Reddy,38,India,Wicketkeeper,131.0,7,10584.0,120.8,0.0,0.0,20.65,RCB,1.0
Pranav Shetty,31,Sri Lanka,Bowler,16.0,1,1825.0,154.4,332.0,6.05,32.24,CSK,5.0
Manoj Malik,33,India,Wicketkeeper,75.0,4,3983.0,152.9,0.0,0.0,23.37,GT,3.0
Manoj Sharma,31,India,Wicketkeeper,218.0,10,8799.0,138.9,0.0,0.0,24.0,LSG,2.0
Amit Singh,38,India,Batter,399.0,14,4061.0,129.3,8.0,6.96,40.75,DC,2.0
Rohan Mehta,36,India,Allrounder,188.0,7,6831.0,131.9,239.0,7.71,40.78,PBKS,5.0
Sandeep Shetty,20,Sri Lanka,Batter,49.0,2,14448.0,122.1,4.0,9.19,27.88,GT,0.2
Sandeep Singh,31,England,Bowler,279.0,11,3638.0,119.0,391.0,4.61,44.95,DC,5.0
Aditya Singh,42,West Indies,Allrounder,100.0,4,6516.0,102.7,59.0,5.15,23.71,CSK,10.0
Vikas Reddy,31,Australia,Batter,106.0,7,12537.0,109.6,2.0,8.05,25.82,KKR,0.2
Sameer Reddy,40,India,Batter,226.0,13,7020.0,140.7,6.0,8.07,31.63,PBKS,0.5
Rohan Singh,25,West Indies,Bowler,61.0,4,1100.0,100.9,761.0,6.2,52.73,RCB,5.0
Aditya Shetty,25,Australia,Bowler,38.0,2,1093.0,154.9,463.0,5.28,54.25,RR,2.0
Rohan Mehta,34,South Africa,Wicketkeeper,118.0,4,4071.0,141.7,0.0,0.0,20.7,SRH,2.0
Arjun Patel,28,India,Wicketkeeper,68.0,3,9261.0,127.6,0.0,0.0,23.04,DC,0.5
Pranav Naidu,32,Australia,Batter,148.0,5,4564.0,142.4,14.0,9.13,54.03,PBKS,2.0
Manoj Sharma,38,India,Batter,371.0,20,8635.0,126.3,14.0,8.13,38.16,GT,0.5
Sandeep Deshmukh,19,West Indies,Batter,20.0,1,5423.0,123.1,8.0,7.35,42.24,PBKS,2.0
Rohan Naidu,35,South Africa,Batter,349.0,15,8724.0,130.8,12.0,9.27,50.0,CSK,7.0
Harshit Kulkarni,28,India,Batter,18.0,1,14131.0,126.1,14.0,9.02,32.16,CSK,1.0
Rohan Shetty,37,India,Wicketkeeper,391.0,15,7583.0,133.4,0.0,0.0,35.61,LSG,2.0
Pranav Sharma,40,South Africa,Wicketkeeper,444.0,18,9026.0,99.9,0.0,0.0,33.22,MI,11.0
Manoj Reddy,20,England,Allrounder,28.0,1,6267.0,97.9,217.0,8.48,44.38,RCB,5.0
Rahul Reddy,20,West Indies,Allrounder,15.0,1,2933.0,133.9,235.0,7.94,39.94,RCB,7.0
Sameer Iyer,21,Australia,Bowler,45.0,2,1175.0,120.8,473.0,6.69,23.2,GT,2.0
Sameer Patel,36,South Africa,Allrounder,375.0,16,2103.0,120.9,350.0,8.37,43.29,KKR,7.0
Rohan Deshmukh,26,India,Allrounder,25.0,1,7117.0,98.3,321.0,6.86,53.35,RR,0.2
Sameer Shetty,19,India,Bowler,17.0,1,1829.0,103.9,184.0,7.01,54.36,LSG,0.5
Sandeep Patel,26,India,Batter,41.0,2,11553.0,123.3,9.0,8.58,41.4,RCB,0.5
Pranav Kulkarni,20,South Africa,Wicketkeeper,21.0,1,3987.0,101.4,0.0,0.0,39.61,RCB,2.0
Nikhil Verma,42,India,Allrounder,179.0,8,5695.0,127.7,75.0,5.26,39.34,RR,7.0
Nikhil Singh,41,India,Bowler,375.0,17,2228.0,138.5,430.0,7.32,28.73,RCB,1.5
Sameer Mehta,23,India,Bowler,60.0,2,268.0,129.4,398.0,7.38,41.22,KKR,5.0
Rahul Singh,23,Sri Lanka,Batter,56.0,2,12535.0,146.5,14.0,6.59,52.58,SRH,5.0
Irfan Mehta,38,West Indies,Allrounder,22.0,1,2140.0,151.4,444.0,7.71,30.58,PBKS,3.0
Manoj Kulkarni,40,England,Batter,119.0,6,12544.0,124.3,10.0,9.01,25.74,CSK,1.5
Sameer Chopra,27,England,Bowler,113.0,4,2639.0,136.0,158.0,6.54,30.04,SRH,3.0
Aditya Chopra,22,Australia,Wicketkeeper,36.0,2,3756.0,96.6,0.0,0.0,26.99,GT,1.5
Nikhil Khan,18,Australia,Allrounder,29.0,1,4896.0,105.1,466.0,6.4,26.79,MI,0.2
Vikas Sharma,26,India,Wicketkeeper,48.0,3,4160.0,118.5,0.0,0.0,53.66,CSK,11.0
Sameer Shetty,35,West Indies,Batter,290.0,16,5421.0,114.2,4.0,8.67,53.31,RR,0.5
Rahul Reddy,26,West Indies,Batter,15.0,1,4438.0,122.3,13.0,8.26,36.39,RCB,0.2
Vikas Iyer,35,India,Wicketkeeper,56.0,2,11908.0,119.6,0.0,0.0,28.15,GT,10.0
Karthik Naidu,32,India,Batter,154.0,6,12118.0,126.7,0.0,7.35,38.48,RCB,1.0
Pranav Sharma,31,South Africa,Allrounder,151.0,7,8741.0,116.5,229.0,7.67,45.09,DC,5.0
Amit Shetty,25,South Africa,Batter,88.0,3,11078.0,152.7,2.0,8.02,33.48,RCB,1.5
Sandeep Shetty,31,Sri Lanka,Wicketkeeper,40.0,2,6334.0,149.1,0.0,0.0,48.72,LSG,1.5
Rohan Khan,39,India,Allrounder,473.5,20,2269.0,134.3,468.0,7.23,22.96,KKR,1.0
Sameer Verma,20,India,Batter,46.0,2,9063.0,101.4,5.0,9.33,39.71,RCB,1.5
Sameer Sharma,36,Australia,Batter,197.0,8,5372.0,120.8,5.0,7.16,41.36,SRH,2.0
Harshit Malik,36,Sri Lanka,Wicketkeeper,237.0,9,4170.0,149.5,0.0,0.0,36.01,GT,5.0
Rahul Chopra,31,Sri Lanka,Batter,109.0,7,3810.0,130.6,2.0,9.46,25.62,DC,2.0
Sameer Malik,18,India,Batter,29.0,1,12036.0,138.0,13.0,6.67,21.76,LSG,11.0
Pranav Khan,30,India,Allrounder,167.0,6,4252.0,103.9,209.0,6.68,35.16,LSG,0.2
Vikas Verma,33,India,Batter,79.0,3,9852.0,122.5,10.0,8.62,25.72,MI,2.0
Karthik Kulkarni,20,Sri Lanka,Wicketkeeper,34.0,2,10447.0,110.1,0.0,0.0,32.86,KKR,3.0
Manoj Yadav,23,India,Batter,52.0,3,5563.0,130.1,3.0,6.24,41.26,DC,10.0
Pranav Khan,40,India,Batter,335.0,12,12805.0,119.1,3.0,6.22,34.49,CSK,0.2
Aditya Malik,23,West Indies,Bowler,130.0,5,384.0,128.5,303.0,5.27,32.11,SRH,3.0
Amit Yadav,39,West Indies,Batter,46.0,3,10448.0,142.9,14.0,7.46,25.67,DC,7.0
Sameer Mehta,40,India,Batter,48.0,3,14232.0,125.3,8.0,8.17,30.68,MI,1.0
Arjun Naidu,40,England,Bowler,320.0,11,3736.0,128.1,465.0,6.76,36.71,PBKS,10.0
Ankit Yadav,25,Australia,Allrounder,125.0,5,5979.0,143.1,98.0,7.34,54.04,DC,0.2
Sandeep Malik,37,India,Wicketkeeper,212.0,14,5620.0,132.8,0.0,0.0,50.61,KKR,5.0
Vikas Naidu,32,Sri Lanka,Wicketkeeper,119.0,4,3086.0,95.1,0.0,0.0,38.56,DC,10.0
Rahul Deshmukh,34,India,Allrounder,74.0,3,5555.0,100.7,489.0,5.75,38.62,GT,5.0
Harshit Reddy,35,India,Bowler,172.0,8,261.0,119.7,377.0,6.84,43.45,GT,2.0
Rohan Khan,40,England,Wicketkeeper,264.0,10,8243.0,124.4,0.0,0.0,35.3,DC,0.2
Sameer Sharma,25,South Africa,Batter,28.0,1,12153.0,118.0,14.0,7.02,32.24,RCB,10.0
Ankit Naidu,27,Australia,Wicketkeeper,78.0,3,3528.0,133.8,0.0,0.0,24.06,MI,2.0
Sandeep Mehta,23,South Africa,Allrounder,67.0,3,3160.0,134.6,440.0,5.32,39.12,MI,0.2
Rohan Naidu,37,India,Allrounder,256.0,16,6963.0,104.1,408.0,6.51,34.39,SRH,5.0
Irfan Khan,28,West Indies,Wicketkeeper,207.0,9,11964.0,142.4,0.0,0.0,51.14,RR,2.0
Ankit Verma,23,India,Bowler,115.0,4,2169.0,98.6,273.0,6.67,43.46,DC,0.5
Amit Malik,41,India,Allrounder,79.0,5,5771.0,113.9,416.0,5.84,26.86,RCB,0.5
Sandeep Khan,36,Australia,Bowler,57.0,3,2520.0,133.9,530.0,6.95,41.41,PBKS,0.2
Amit Patel,21,India,Allrounder,87.0,3,3522.0,109.2,332.0,7.34,35.56,CSK,3.0
Pranav Iyer,27,India,Allrounder,31.0,2,8683.0,133.2,331.0,7.22,47.71,PBKS,3.0
Karthik Malik,27,Australia,Batter,18.0,1,12294.0,141.2,5.0,7.0,35.41,LSG,2.0
Rohan Mehta,34,India,Bowler,119.0,7,24.0,122.3,684.0,6.55,53.2,DC,7.0
Amit Kulkarni,40,Australia,Wicketkeeper,369.0,14,3547.0,105.8,0.0,0.0,43.63,RCB,10.0
Harshit Verma,20,West Indies,Bowler,54.0,2,1855.0,105.4,554.0,6.19,22.31,LSG,3.0
Rohan Deshmukh,31,Sri Lanka,Wicketkeeper,83.0,3,5923.0,142.9,0.0,0.0,25.51,RR,0.2
Rahul Khan,18,West Indies,Bowler,20.0,1,300.0,153.7,743.0,4.71,45.1,LSG,5.0
Nikhil Shetty,36,India,Wicketkeeper,126.0,5,10904.0,110.0,0.0,0.0,40.68,CSK,2.0
Rohan Iyer,38,Sri Lanka,Wicketkeeper,198.0,9,7432.0,127.0,0.0,0.0,49.56,GT,3.0
Sameer Reddy,29,England,Wicketkeeper,296.0,11,10020.0,138.8,0.0,0.0,49.11,KKR,5.0
Rahul Malik,24,England,Batter,24.0,1,14933.0,133.4,5.0,6.74,21.41,KKR,1.5
Karthik Verma,28,South Africa,Wicketkeeper,209.0,9,7616.0,99.1,0.0,0.0,44.97,DC,10.0
Sandeep Khan,25,India,Bowler,26.0,1,3818.0,129.8,475.0,4.09,49.41,GT,0.5
Arjun Iyer,20,India,Wicketkeeper,19.0,1,3061.0,117.8,0.0,0.0,21.57,KKR,5.0
Amit Malik,40,Australia,Wicketkeeper,248.0,10,9742.0,137.8,0.0,0.0,52.54,GT,0.2
Sandeep Verma,27,India,Wicketkeeper,18.0,1,10917.0,138.0,0.0,0.0,40.25,GT,10.0
Rahul Shetty,33,India,Wicketkeeper,288.0,10,6662.0,108.8,0.0,0.0,20.54,LSG,0.2
Sameer Deshmukh,35,Sri Lanka,Allrounder,73.0,3,7204.0,108.9,94.0,7.43,50.04,RCB,0.2
Karthik Singh,20,Sri Lanka,Bowler,50.0,2,3001.0,126.8,289.0,5.77,46.39,CSK,1.5
Irfan Malik,42,India,Batter,219.0,14,7977.0,133.6,1.0,8.73,52.85,KKR,1.5
Irfan Iyer,30,South Africa,Bowler,71.0,4,2632.0,151.8,598.0,7.73,48.85,KKR,0.5
Nikhil Mehta,21,India,Wicketkeeper,50.0,3,5975.0,137.3,0.0,0.0,43.22,MI,3.0
Manoj Reddy,18,South Africa,Bowler,29.0,1,3677.0,111.3,192.0,4.39,20.2,MI,2.0
Harshit Mehta,36,West Indies,Wicketkeeper,242.0,15,8738.0,103.2,0.0,0.0,35.37,LSG,0.2
Karthik Patel,23,India,Wicketkeeper,87.0,4,11440.0,103.8,0.0,0.0,51.56,SRH,1.0
Nikhil Naidu,23,India,Allrounder,88.0,4,3262.0,99.3,122.0,7.82,28.71,CSK,7.0
Rahul Kulkarni,21,India,Wicketkeeper,26.0,1,4520.0,144.1,0.0,0.0,48.11,RCB,5.0
Sameer Kulkarni,42,South Africa,Wicketkeeper,378.0,20,10015.0,151.7,0.0,0.0,54.91,CSK,5.0
Karthik Yadav,25,India,Wicketkeeper,23.0,1,4867.0,153.6,0.0,0.0,34.35,SRH,5.0
Aditya Patel,31,West Indies,Wicketkeeper,228.0,8,7083.0,110.0,0.0,0.0,46.54,LSG,1.0
Arjun Singh,18,India,Allrounder,15.0,1,4840.0,143.4,94.0,6.05,38.69,MI,0.2
Sameer Yadav,22,India,Wicketkeeper,66.0,4,6931.0,142.6,0.0,0.0,29.66,LSG,1.0
Rahul Khan,26,West Indies,Wicketkeeper,202.0,8,4556.0,125.5,0.0,0.0,39.74,DC,7.0
Aditya Iyer,42,West Indies,Batter,299.0,16,6520.0,111.0,2.0,9.3,52.78,DC,11.0
Manoj Chopra,36,Australia,Bowler,280.0,16,481.0,138.9,403.0,7.06,47.54,RR,2.0
Aditya Shetty,20,India,Bowler,15.0,1,2407.0,109.6,829.0,6.3,26.63,RR,0.2
Karthik Naidu,20,South Africa,Bowler,26.0,1,782.0,138.5,701.0,7.29,27.46,DC,0.5
Karthik Reddy,36,India,Bowler,350.0,18,1726.0,121.9,852.0,6.34,25.55,LSG,1.5
Pranav Reddy,27,Sri Lanka,Wicketkeeper,58.0,3,2954.0,126.9,0.0,0.0,29.85,LSG,3.0
Irfan Yadav,20,India,Bowler,45.0,2,2765.0,123.0,708.0,4.37,40.65,DC,0.2
Rohan Sharma,39,India,Bowler,238.0,9,580.0,119.1,865.0,4.18,29.02,LSG,11.0
Manoj Verma,41,West Indies,Wicketkeeper,422.0,16,7539.0,96.8,0.0,0.0,24.4,LSG,1.5
Pranav Singh,34,Australia,Batter,240.0,14,6759.0,106.0,2.0,6.49,48.12,RR,10.0
Manoj Reddy,40,India,Wicketkeeper,30.0,1,4851.0,121.4,0.0,0.0,25.15,CSK,7.0
Rahul Yadav,37,South Africa,Allrounder,151.0,10,6423.0,112.9,343.0,5.35,47.93,DC,5.0
Harshit Chopra,19,South Africa,Allrounder,17.0,1,1979.0,104.6,492.0,6.28,34.14,CSK,3.0
Irfan Mehta,31,India,Allrounder,217.0,11,6755.0,96.8,244.0,6.94,41.97,DC,3.0
Manoj Iyer,24,Sri Lanka,Bowler,131.0,6,88.0,95.6,423.0,5.5,43.59,KKR,3.0
Vikas Iyer,41,South Africa,Allrounder,320.0,21,2797.0,132.7,286.0,7.49,31.97,RCB,3.0
Aditya Khan,35,Australia,Wicketkeeper,149.0,9,8652.0,126.8,0.0,0.0,33.55,RCB,3.0
Karthik Malik,40,Australia,Bowler,437.0,17,2151.0,130.0,574.0,6.66,22.86,DC,11.0
Vikas Shetty,40,Sri Lanka,Bowler,50.0,2,3245.0,136.2,146.0,6.44,32.97,CSK,5.0
Rohan Sharma,19,South Africa,Wicketkeeper,29.0,1,7505.0,147.5,0.0,0.0,49.51,CSK,7.0
Karthik Mehta,21,India,Wicketkeeper,39.0,2,2870.0,105.5,0.0,0.0,51.65,DC,10.0
Aditya Verma,38,England,Wicketkeeper,459.0,18,2777.0,121.5,0.0,0.0,45.33,MI,0.5
Manoj Verma,32,South Africa,Wicketkeeper,170.0,6,6557.0,143.8,0.0,0.0,37.68,SRH,0.2
Rahul Verma,42,India,Bowler,473.5,19,1272.0,149.9,250.0,5.52,28.08,GT,2.0
Harshit Yadav,26,England,Allrounder,24.0,1,7598.0,116.7,205.0,5.9,50.08,RR,2.0
Amit Sharma,20,India,Wicketkeeper,19.0,1,9496.0,151.3,0.0,0.0,27.7,RCB,7.0
Karthik Khan,39,India,Wicketkeeper,272.0,11,8651.0,146.8,0.0,0.0,29.04,PBKS,2.0
Irfan Verma,22,Sri Lanka,Bowler,79.0,3,2692.0,130.8,146.0,7.69,20.25,MI,3.0
Arjun Mehta,27,England,Batter,232.0,9,4693.0,103.8,9.0,6.12,26.57,RR,3.0
Pranav Malik,31,India,Bowler,299.0,10,910.0,108.4,776.0,6.92,53.92,MI,0.2
Harshit Singh,30,Australia,Wicketkeeper,158.0,9,5292.0,133.2,0.0,0.0,44.24,LSG,3.0
Manoj Naidu,23,Australia,Wicketkeeper,109.0,5,7551.0,108.1,0.0,0.0,51.24,CSK,7.0
Arjun Reddy,33,Australia,Batter,363.0,13,4042.0,146.9,7.0,8.34,53.48,PBKS,0.5
Amit Chopra,37,West Indies,Allrounder,59.0,2,4840.0,100.8,111.0,5.44,48.12,CSK,3.0
Ankit Deshmukh,40,Sri Lanka,Bowler,306.0,17,1153.0,130.0,268.0,7.29,32.81,DC,3.0
Sameer Patel,32,India,Bowler,20.0,1,3807.0,113.3,801.0,6.48,28.34,PBKS,0.5
Harshit Kulkarni,20,England,Allrounder,22.0,1,4244.0,108.0,149.0,6.71,36.93,PBKS,0.5
Rahul Iyer,38,South Africa,Allrounder,126.0,5,7208.0,145.4,131.0,8.35,52.96,RR,11.0
Arjun Khan,39,South Africa,Wicketkeeper,43.0,2,3211.0,143.4,0.0,0.0,32.42,DC,1.5
Aditya Iyer,42,West Indies,Batter,469.0,20,7976.0,150.4,2.0,8.84,53.15,GT,1.0
Pranav Iyer,20,India,Batter,26.0,1,3552.0,107.7,4.0,8.39,21.39,CSK,0.5
Ankit Malik,30,India,Allrounder,44.0,2,7161.0,152.9,268.0,5.52,36.17,SRH,5.0
Rahul Khan,39,Australia,Allrounder,67.0,3,2617.0,122.9,487.0,7.99,43.13,CSK,3.0
Rohan Deshmukh,34,West Indies,Wicketkeeper,473.5,16,10870.0,96.4,0.0,0.0,28.75,RR,5.0
Sameer Mehta,18,India,Allrounder,27.0,1,1726.0,132.8,211.0,6.53,26.0,DC,0.2
Irfan Verma,40,Australia,Allrounder,66.0,4,8600.0,116.9,143.0,7.68,48.61,RR,10.0
Rahul Iyer,33,India,Batter,49.0,3,7963.0,135.8,8.0,6.34,30.27,RCB,1.5
Manoj Reddy,35,India,Bowler,239.0,13,2491.0,119.1,405.0,7.02,43.29,GT,1.0
Harshit Mehta,29,Sri Lanka,Allrounder,117.0,5,8231.0,96.2,454.0,8.27,20.39,PBKS,2.0
Irfan Shetty,23,India,Allrounder,112.0,4,1965.0,133.8,217.0,7.7,30.25,LSG,1.5
Rohan Malik,31,India,Allrounder,84.0,3,6755.0,97.5,56.0,6.73,26.74,KKR,10.0
Aditya Patel,40,India,Batter,473.5,18,5916.0,145.0,7.0,7.49,36.79,RR,10.0
Rahul Yadav,36,India,Wicketkeeper,248.0,11,4175.0,130.2,0.0,0.0,50.58,RR,1.0
Karthik Verma,18,India,Bowler,18.0,1,3269.0,137.0,233.0,5.17,50.16,PBKS,10.0
Amit Sharma,18,Sri Lanka,Wicketkeeper,25.0,1,9827.0,107.2,0.0,0.0,32.48,LSG,7.0
Harshit Khan,20,South Africa,Allrounder,34.0,2,7154.0,154.0,136.0,8.43,27.81,DC,10.0
Manoj Verma,36,India,Wicketkeeper,222.0,10,8024.0,99.0,0.0,0.0,29.48,RR,1.0
Nikhil Malik,32,England,Allrounder,165.0,9,6434.0,121.5,411.0,6.39,41.66,CSK,3.0
Nikhil Mehta,35,England,Allrounder,27.0,1,1644.0,114.8,476.0,8.15,49.75,CSK,1.0
Irfan Malik,24,India,Wicketkeeper,53.0,2,8072.0,100.6,0.0,0.0,21.47,RR,7.0
Vikas Patel,41,India,Batter,61.0,4,11342.0,98.6,14.0,7.76,33.74,DC,0.2
Amit Malik,19,Australia,Bowler,28.0,1,1982.0,109.5,571.0,7.41,44.71,RCB,3.0
Arjun Kulkarni,31,Sri Lanka,Wicketkeeper,166.0,11,9461.0,113.1,0.0,0.0,21.57,GT,1.5
Arjun Sharma,27,India,Batter,30.0,2,10697.0,145.1,4.0,7.95,34.33,PBKS,1.5
Sandeep Iyer,36,West Indies,Wicketkeeper,296.0,14,8255.0,132.0,0.0,0.0,51.5,SRH,5.0
Amit Yadav,21,India,Wicketkeeper,39.0,2,11894.0,142.4,0.0,0.0,26.79,SRH,7.0
Pranav Sharma,20,India,Batter,50.0,2,13267.0,125.1,10.0,8.57,46.11,CSK,3.0
Ankit Khan,33,India,Batter,221.0,11,13612.0,102.7,9.0,7.73,39.95,GT,7.0
Pranav Naidu,36,Sri Lanka,Bowler,230.0,9,241.0,126.1,519.0,5.87,50.76,SRH,1.0
Vikas Mehta,24,India,Allrounder,92.0,4,4768.0,122.2,409.0,8.13,35.95,PBKS,2.0
Rohan Kulkarni,24,India,Bowler,111.0,4,1490.0,126.2,220.0,5.96,53.26,MI,2.0
Harshit Patel,29,England,Allrounder,111.0,7,5034.0,111.6,471.0,7.27,38.6,RR,0.2
Irfan Sharma,27,Australia,Bowler,63.0,4,3076.0,133.4,821.0,6.38,40.48,DC,3.0
Ankit Patel,30,West Indies,Wicketkeeper,186.0,10,8810.0,105.7,0.0,0.0,21.18,SRH,5.0
Sandeep Singh,35,India,Wicketkeeper,169.0,6,6558.0,115.3,0.0,0.0,34.96,RR,3.0
Sameer Kulkarni,19,Australia,Bowler,17.0,1,374.0,143.9,565.0,4.23,32.04,RCB,5.0
Ankit Deshmukh,33,South Africa,Allrounder,60.0,2,5519.0,104.3,163.0,8.2,21.99,KKR,3.0
Harshit Verma,21,India,Wicketkeeper,51.0,3,8106.0,123.9,0.0,0.0,26.62,RCB,0.2
Irfan Reddy,22,India,Bowler,28.0,1,29.0,95.6,671.0,7.56,34.44,PBKS,0.2
Karthik Yadav,36,England,Batter,333.0,16,4641.0,118.1,7.0,9.24,23.26,PBKS,3.0
Pranav Malik,20,West Indies,Bowler,28.0,1,3153.0,124.9,634.0,5.15,26.48,PBKS,1.0
Ankit Mehta,34,India,Bowler,246.0,14,922.0,145.2,89.0,5.77,50.54,SRH,0.2
Manoj Shetty,39,Australia,Allrounder,320.0,16,3541.0,104.7,278.0,5.17,29.64,LSG,2.0
Nikhil Reddy,41,India,Batter,274.0,16,9015.0,116.7,13.0,8.08,49.54,SRH,3.0
Rahul Reddy,24,India,Allrounder,89.0,5,2764.0,101.0,72.0,7.51,41.86,CSK,1.5
Rohan Verma,42,India,Batter,473.5,20,4291.0,110.3,9.0,6.4,26.23,RCB,5.0
Vikas Iyer,28,Australia,Batter,88.0,5,8613.0,132.0,8.0,6.61,39.73,LSG,5.0
Sandeep Singh,31,India,Bowler,92.0,5,2045.0,154.4,155.0,4.67,34.76,DC,1.5
Karthik Verma,37,India,Batter,175.0,6,4729.0,102.2,9.0,6.34,40.44,SRH,5.0
Sandeep Mehta,39,West Indies,Wicketkeeper,351.0,17,4648.0,153.7,0.0,0.0,40.02,LSG,5.0
Ankit Yadav,38,India,Allrounder,339.0,17,7758.0,121.6,332.0,8.32,35.25,GT,3.0
Manoj Shetty,41,Australia,Wicketkeeper,104.0,4,2695.0,125.0,0.0,0.0,44.41,CSK,3.0
Aditya Reddy,40,Sri Lanka,Bowler,16.0,1,271.0,146.8,561.0,5.4,21.02,GT,0.2
Aditya Patel,22,Australia,Allrounder,29.0,1,7685.0,125.7,184.0,6.54,41.25,GT,5.0
Amit Singh,26,India,Batter,17.0,1,13991.0,120.6,5.0,6.97,36.96,SRH,1.5
Rohan Mehta,22,India,Wicketkeeper,34.0,2,9745.0,136.2,0.0,0.0,47.07,RCB,11.0
Harshit Kulkarni,23,India,Allrounder,59.0,3,5625.0,115.5,335.0,7.58,54.98,DC,7.0
Manoj Kulkarni,24,England,Wicketkeeper,56.0,3,5573.0,145.9,0.0,0.0,29.1,SRH,3.0
Aditya Naidu,22,Australia,Bowler,56.0,3,645.0,113.8,735.0,4.74,35.83,LSG,1.0
Rahul Reddy,31,West Indies,Wicketkeeper,260.0,13,6453.0,146.0,0.0,0.0,47.24,SRH,0.5
Rohan Singh,42,South Africa,Batter,214.0,12,9386.0,111.3,1.0,8.98,40.77,SRH,1.5
Arjun Singh,28,England,Bowler,159.0,6,2048.0,101.5,426.0,5.08,43.95,DC,2.0
Vikas Khan,36,Sri Lanka,Batter,89.0,4,14207.0,135.1,8.0,6.5,42.68,SRH,1.0
Vikas Deshmukh,26,India,Allrounder,105.0,6,7671.0,103.4,482.0,7.84,47.42,PBKS,2.0
Harshit Chopra,20,India,Batter,17.0,1,6053.0,146.1,3.0,9.5,46.31,KKR,0.5
Sameer Khan,42,South Africa,Batter,245.0,14,8840.0,120.3,2.0,8.32,45.57,LSG,11.0
Vikas Malik,42,India,Wicketkeeper,360.0,19,10975.0,138.5,0.0,0.0,42.1,MI,0.2
Rahul Iyer,38,England,Bowler,239.0,8,3305.0,121.9,224.0,7.03,24.24,RR,10.0
Amit Sharma,38,Australia,Batter,473.5,17,4237.0,110.9,0.0,7.96,33.46,LSG,10.0
Amit Verma,29,West Indies,Allrounder,81.0,5,1969.0,118.0,317.0,5.06,48.31,KKR,3.0
Ankit Chopra,30,England,Wicketkeeper,131.0,7,6565.0,127.6,0.0,0.0,20.34,MI,5.0
Sameer Khan,30,India,Bowler,84.0,3,3996.0,112.5,295.0,5.79,36.71,KKR,2.0
Nikhil Singh,30,Australia,Wicketkeeper,130.0,5,8393.0,119.3,0.0,0.0,52.62,SRH,3.0
Amit Singh,40,West Indies,Bowler,473.5,19,2146.0,136.0,450.0,4.16,49.79,SRH,1.5
Sandeep Singh,19,India,Bowler,28.0,1,756.0,105.7,757.0,7.65,38.6,LSG,1.0
Irfan Naidu,38,India,Batter,473.5,20,12928.0,125.0,4.0,6.15,24.39,LSG,3.0
Sameer Iyer,29,South Africa,Bowler,71.0,3,599.0,101.8,542.0,7.18,37.97,CSK,2.0
Karthik Sharma,22,India,Batter,47.0,3,3204.0,153.3,9.0,7.82,42.92,MI,3.0
Sameer Khan,19,West Indies,Allrounder,20.0,1,2567.0,109.4,114.0,6.01,24.49,GT,1.0
Arjun Singh,33,India,Allrounder,49.0,3,5554.0,136.4,303.0,7.65,41.35,PBKS,1.5
Arjun Malik,28,India,Wicketkeeper,204.0,9,3370.0,97.5,0.0,0.0,46.7,LSG,0.2
Sameer Naidu,29,Sri Lanka,Wicketkeeper,89.0,4,2699.0,133.5,0.0,0.0,53.74,RR,0.2
Sameer Kulkarni,39,Sri Lanka,Wicketkeeper,177.0,7,9133.0,130.2,0.0,0.0,30.64,KKR,1.0
Arjun Malik,33,India,Bowler,314.0,14,1815.0,105.6,205.0,5.45,45.3,CSK,0.2
Pranav Reddy,40,India,Allrounder,330.0,19,3026.0,107.0,138.0,7.48,25.55,DC,0.2
Sandeep Yadav,28,Australia,Bowler,234.0,8,2505.0,149.7,837.0,4.29,28.16,PBKS,7.0
Rohan Sharma,32,India,Bowler,27.0,1,576.0,111.8,719.0,5.31,34.48,RR,0.2
Manoj Verma,29,India,Bowler,234.0,11,2206.0,147.2,565.0,6.71,26.39,SRH,5.0
Ankit Mehta,33,Australia,Allrounder,135.0,8,5606.0,116.2,314.0,7.4,54.32,PBKS,1.0
Arjun Mehta,25,West Indies,Batter,118.0,4,14529.0,95.4,1.0,7.05,38.05,GT,10.0
Amit Naidu,36,South Africa,Bowler,141.0,7,1197.0,97.7,821.0,4.57,44.44,PBKS,2.0
Irfan Singh,34,India,Wicketkeeper,66.0,3,6270.0,138.9,0.0,0.0,36.12,DC,1.0
Harshit Singh,37,India,Bowler,65.0,3,115.0,127.3,108.0,6.57,42.04,DC,2.0
Arjun Mehta,42,India,Batter,198.0,7,10792.0,134.9,13.0,8.09,26.99,LSG,1.5
Arjun Naidu,19,India,Wicketkeeper,22.0,1,4683.0,111.1,0.0,0.0,35.4,CSK,3.0
Irfan Khan,21,India,Allrounder,85.0,3,4811.0,141.5,146.0,6.56,32.86,GT,0.2
Arjun Malik,19,West Indies,Bowler,28.0,1,1906.0,110.1,357.0,4.62,27.52,DC,11.0
Amit Verma,25,West Indies,Wicketkeeper,156.0,6,6345.0,138.9,0.0,0.0,36.46,GT,2.0
Aditya Chopra,25,Sri Lanka,Bowler,106.0,4,3733.0,120.0,404.0,6.69,51.14,MI,1.5
Aditya Mehta,18,Sri Lanka,Batter,17.0,1,11755.0,135.2,0.0,9.44,50.23,SRH,5.0
Rahul Malik,39,India,Allrounder,344.0,13,2497.0,151.1,493.0,6.78,49.11,KKR,1.5
Nikhil Reddy,42,India,Bowler,138.0,9,1829.0,132.4,338.0,7.77,47.27,LSG,7.0
Aditya Yadav,30,South Africa,Wicketkeeper,210.0,9,8870.0,127.6,0.0,0.0,29.07,GT,2.0
Arjun Deshmukh,20,India,Wicketkeeper,29.0,1,9985.0,116.3,0.0,0.0,51.29,MI,5.0
Karthik Reddy,37,England,Batter,266.0,9,13003.0,130.5,4.0,6.2,33.04,DC,0.2
Manoj Deshmukh,25,Sri Lanka,Batter,79.0,5,7813.0,148.1,3.0,7.35,49.88,RCB,7.0
Manoj Malik,27,India,Allrounder,37.0,2,8895.0,111.4,145.0,7.1,36.64,RCB,5.0
Manoj Naidu,35,India,Batter,124.0,8,6844.0,116.2,14.0,7.43,23.6,RCB,0.5
Irfan Sharma,22,Australia,Wicketkeeper,52.0,3,8361.0,127.6,0.0,0.0,30.56,PBKS,0.5
Karthik Verma,20,England,Batter,19.0,1,12820.0,114.2,1.0,8.31,35.09,DC,1.0
Ankit Mehta,38,India,Bowler,26.0,1,3721.0,154.6,569.0,4.2,37.77,RCB,11.0
Nikhil Kulkarni,38,India,Bowler,43.0,2,991.0,127.5,877.5,4.09,50.46,RCB,1.0
Amit Naidu,41,India,Bowler,30.0,1,271.0,137.1,737.0,6.94,24.88,GT,2.0
Sandeep Deshmukh,31,Australia,Allrounder,381.0,13,4799.0,141.0,91.0,7.3,40.03,PBKS,0.2
Nikhil Khan,22,India,Wicketkeeper,89.0,3,5218.0,148.6,0.0,0.0,29.69,GT,1.5
Pranav Reddy,24,India,Batter,31.0,2,11836.0,147.2,5.0,6.85,41.89,CSK,3.0
Vikas Khan,39,India,Wicketkeeper,254.0,12,2852.0,95.1,0.0,0.0,32.36,MI,11.0
Vikas Sharma,23,India,Allrounder,24.0,1,1953.0,96.6,122.0,8.0,20.11,GT,2.0
Rahul Naidu,32,West Indies,Wicketkeeper,235.0,14,5264.0,111.9,0.0,0.0,51.99,LSG,7.0
Vikas Iyer,40,Australia,Bowler,446.0,17,1050.0,126.1,220.0,7.43,39.36,KKR,3.0
Pranav Kulkarni,39,Sri Lanka,Bowler,138.0,5,2117.0,109.6,192.0,5.26,48.53,MI,0.2
Aditya Verma,30,Sri Lanka,Batter,71.0,3,8948.0,124.2,13.0,6.37,42.2,RCB,1.0
Karthik Reddy,28,India,Batter,208.0,8,7169.0,126.2,3.0,6.36,40.21,RCB,3.0
Amit Kulkarni,31,India,Allrounder,78.0,4,3034.0,109.1,82.0,7.6,30.27,RCB,11.0
Rahul Malik,18,India,Batter,16.0,1,9385.0,154.0,9.0,7.99,27.61,SRH,7.0
Amit Sharma,28,Australia,Bowler,98.0,6,2836.0,137.9,210.0,7.75,48.91,PBKS,1.0
Rahul Reddy,26,Australia,Allrounder,127.0,5,4224.0,113.0,166.0,5.31,22.02,MI,1.0
Vikas Deshmukh,32,Sri Lanka,Bowler,22.0,1,3292.0,153.9,267.0,5.41,23.68,GT,0.5
Harshit Deshmukh,38,South Africa,Bowler,176.0,8,1800.0,95.4,105.0,6.14,44.94,KKR,10.0
Vikas Malik,37,India,Allrounder,451.0,18,7178.0,102.8,436.0,5.69,31.8,SRH,7.0
Rahul Yadav,20,West Indies,Batter,47.0,2,4495.0,101.4,5.0,8.7,28.04,DC,7.0
Sameer Shetty,21,India,Allrounder,38.0,2,6080.0,153.1,335.0,5.03,40.73,DC,1.5
Sameer Shetty,37,Sri Lanka,Batter,135.0,8,6343.0,134.1,0.0,8.52,25.05,GT,2.0
Rahul Malik,42,West Indies,Wicketkeeper,61.0,4,7557.0,130.7,0.0,0.0,24.6,GT,2.0
Aditya Iyer,42,India,Batter,69.0,3,5008.0,129.1,1.0,7.4,39.56,MI,1.0
Aditya Patel,36,India,Wicketkeeper,27.0,1,10227.0,102.1,0.0,0.0,21.21,CSK,2.0
Karthik Chopra,26,India,Wicketkeeper,141.0,7,11861.0,142.9,0.0,0.0,45.41,CSK,0.2
Harshit Yadav,24,India,Wicketkeeper,24.0,1,11409.0,99.9,0.0,0.0,24.46,PBKS,0.5
Karthik Verma,25,India,Allrounder,79.0,3,4298.0,141.1,265.0,8.12,54.87,PBKS,10.0
Karthik Naidu,27,England,Batter,162.0,8,9716.0,124.3,9.0,6.89,28.28,MI,5.0
Vikas Iyer,34,Australia,Allrounder,295.0,13,6310.0,101.9,237.0,7.18,24.45,RCB,2.0
Ankit Khan,25,South Africa,Batter,15.0,1,12608.0,136.6,6.0,6.25,37.29,GT,2.0
Manoj Yadav,40,India,Bowler,341.0,21,2453.0,147.8,233.0,6.35,45.91,SRH,1.5
Irfan Verma,31,India,Batter,61.0,3,3327.0,154.1,3.0,7.62,35.97,GT,5.0
Karthik Shetty,29,West Indies,Batter,52.0,3,3831.0,154.6,2.0,6.39,20.8,KKR,7.0
Vikas Deshmukh,39,India,Wicketkeeper,400.0,17,10319.0,128.0,0.0,0.0,30.82,KKR,7.0
Ankit Chopra,21,South Africa,Bowler,54.0,2,1947.0,128.5,319.0,5.91,28.4,PBKS,5.0
Rahul Shetty,37,Sri Lanka,Bowler,54.0,2,722.0,140.4,612.0,6.12,29.33,RR,0.5
Pranav Malik,21,Australia,Allrounder,47.0,3,5244.0,111.1,163.0,6.34,48.72,GT,1.5
Nikhil Sharma,27,England,Batter,100.0,4,10339.0,147.3,6.0,8.54,25.95,GT,2.0
Aditya Naidu,26,West Indies,Wicketkeeper,209.0,7,10261.0,99.4,0.0,0.0,24.18,DC,1.5
Aditya Deshmukh,19,India,Allrounder,19.0,1,6918.0,127.0,361.0,5.56,53.98,SRH,5.0
Ankit Naidu,33,India,Allrounder,16.0,1,8763.0,152.5,479.0,6.25,21.34,LSG,1.5
Manoj Shetty,19,West Indies,Bowler,16.0,1,2269.0,105.9,670.0,7.52,51.94,GT,0.5
Ankit Khan,31,West Indies,Bowler,97.0,5,130.0,151.9,184.0,4.21,27.03,KKR,1.5
Manoj Naidu,35,India,Wicketkeeper,463.0,16,11865.0,113.2,0.0,0.0,37.18,MI,11.0
Sameer Patel,26,India,Batter,75.0,5,13086.0,135.1,3.0,7.33,54.12,DC,1.0
Harshit Naidu,22,South Africa,Batter,85.0,4,5926.0,138.3,1.0,8.12,23.08,KKR,3.0
Karthik Iyer,31,Australia,Bowler,281.0,11,3814.0,122.2,92.0,6.39,51.0,SRH,2.0
Rohan Singh,36,Sri Lanka,Wicketkeeper,226.0,14,9573.0,118.3,0.0,0.0,43.78,CSK,0.2
Sameer Khan,22,India,Bowler,43.0,2,2769.0,110.6,435.0,4.87,33.16,DC,2.0
Aditya Kulkarni,39,England,Allrounder,293.0,12,4840.0,110.2,495.0,6.06,21.74,LSG,5.0
Rahul Iyer,39,India,Batter,438.0,17,9871.0,98.9,10.0,8.93,51.06,CSK,2.0
Sameer Yadav,39,Australia,Allrounder,170.0,11,5449.0,98.9,448.0,5.44,39.71,CSK,10.0
Pranav Khan,41,India,Bowler,270.0,9,1878.0,124.5,241.0,5.91,40.11,PBKS,1.0
Karthik Kulkarni,39,India,Batter,283.0,15,8766.0,134.8,5.0,7.0,37.58,DC,0.2
Arjun Verma,27,West Indies,Bowler,53.0,3,1011.0,144.6,784.0,5.27,45.47,SRH,10.0
Aditya Naidu,22,India,Batter,27.0,1,6298.0,145.9,15.0,7.38,52.21,MI,1.5
Arjun Reddy,34,India,Batter,79.0,3,6456.0,107.9,10.0,7.88,52.05,GT,3.0
Rohan Kulkarni,42,Sri Lanka,Bowler,154.0,9,547.0,97.9,652.0,4.72,31.46,DC,7.0
Harshit Chopra,27,India,Bowler,26.0,1,2263.0,150.4,622.0,6.76,42.3,SRH,1.5
Rohan Malik,32,India,Batter,340.0,13,6252.0,100.5,3.0,9.33,22.13,PBKS,5.0
Sandeep Yadav,35,England,Bowler,251.0,15,2322.0,153.0,416.0,6.3,37.6,KKR,0.5
Vikas Malik,19,Australia,Bowler,23.0,1,105.0,108.3,771.0,4.2,28.57,KKR,1.0
Irfan Chopra,29,West Indies,Bowler,210.0,10,995.0,97.6,281.0,5.28,51.67,PBKS,0.5
Vikas Kulkarni,24,England,Wicketkeeper,107.0,4,11091.0,125.9,0.0,0.0,43.48,KKR,7.0
Nikhil Kulkarni,19,West Indies,Bowler,25.0,1,2328.0,98.2,845.0,4.26,40.53,PBKS,1.0
Arjun Chopra,34,England,Allrounder,84.0,3,4238.0,126.7,74.0,8.11,50.72,CSK,5.0
Karthik Verma,29,Australia,Wicketkeeper,107.0,6,5497.0,143.7,0.0,0.0,22.65,RR,11.0
Amit Reddy,32,South Africa,Batter,78.0,4,10589.0,134.5,1.0,6.71,35.52,KKR,3.0
Rohan Malik,26,West Indies,Batter,236.0,8,13258.0,120.1,1.0,7.02,35.58,RCB,3.0
Nikhil Verma,26,Sri Lanka,Bowler,43.0,2,878.0,101.2,280.0,7.46,29.79,SRH,2.0
Harshit Mehta,38,India,Wicketkeeper,355.0,15,2810.0,127.3,0.0,0.0,44.44,PBKS,1.5
Rahul Yadav,26,India,Batter,178.0,8,10042.0,151.5,0.0,8.21,47.85,CSK,2.0
Aditya Naidu,26,Sri Lanka,Batter,30.0,2,8435.0,107.9,14.0,7.95,35.78,PBKS,3.0
Rahul Sharma,36,India,Bowler,412.0,15,709.0,145.3,579.0,6.63,53.59,GT,11.0
Manoj Iyer,41,England,Bowler,68.0,3,1991.0,126.6,612.0,6.3,20.62,RCB,10.0
Vikas Iyer,27,India,Batter,32.0,2,4914.0,104.4,7.0,6.25,21.92,RCB,10.0
Nikhil Kulkarni,40,West Indies,Wicketkeeper,462.0,17,9600.0,119.1,0.0,0.0,31.79,MI,10.0
Nikhil Shetty,18,India,Batter,25.0,1,11125.0,127.1,5.0,8.23,40.86,SRH,2.0
Sameer Reddy,42,England,Batter,264.0,9,13830.0,111.7,8.0,7.65,53.35,GT,5.0
Nikhil Chopra,29,India,Wicketkeeper,120.0,4,8222.0,100.2,0.0,0.0,52.86,MI,10.0
Amit Singh,24,Australia,Allrounder,153.0,6,8395.0,125.8,186.0,6.09,23.81,KKR,1.5
Amit Kulkarni,36,India,Bowler,96.0,6,1929.0,120.8,822.0,4.27,45.96,GT,11.0
Rohan Singh,37,England,Bowler,321.0,19,3558.0,128.7,309.0,5.02,29.75,RR,2.0
Pranav Iyer,36,Sri Lanka,Wicketkeeper,24.0,1,7781.0,118.3,0.0,0.0,51.73,RR,3.0
Nikhil Reddy,25,England,Bowler,163.0,6,2430.0,126.0,658.0,7.25,28.33,RCB,5.0
Pranav Deshmukh,20,Sri Lanka,Batter,33.0,2,8199.0,152.2,5.0,6.68,27.1,RCB,11.0
Karthik Malik,22,India,Bowler,118.0,4,1694.0,117.1,284.0,7.07,54.5,RCB,1.0
Rahul Khan,42,India,Wicketkeeper,449.0,17,11708.0,117.1,0.0,0.0,32.3,LSG,5.0
Ankit Chopra,20,Sri Lanka,Bowler,18.0,1,119.0,152.7,876.0,6.42,54.17,MI,3.0
Pranav Singh,29,India,Allrounder,65.0,3,5216.0,140.3,369.0,7.48,39.72,CSK,1.0
Rohan Iyer,35,India,Allrounder,195.0,7,8664.0,146.6,142.0,7.65,37.01,MI,7.0
Nikhil Shetty,38,India,Wicketkeeper,244.0,11,6789.0,132.2,0.0,0.0,38.81,RR,3.0
Ankit Naidu,27,Sri Lanka,Batter,24.0,1,6614.0,148.4,2.0,7.97,32.45,PBKS,5.0
Karthik Deshmukh,28,India,Bowler,52.0,3,53.0,122.4,774.0,4.79,27.28,PBKS,1.5
Ankit Singh,32,South Africa,Wicketkeeper,122.0,5,6377.0,124.9,0.0,0.0,51.62,CSK,2.0
Amit Reddy,18,South Africa,Batter,26.0,1,13676.0,146.3,5.0,8.16,25.82,GT,3.0
Rohan Iyer,24,Australia,Batter,35.0,2,5426.0,131.1,8.0,9.15,21.11,CSK,2.0
Rohan Iyer,32,Australia,Batter,338.0,14,8180.0,152.1,1.0,8.22,22.77,GT,0.5
Karthik Iyer,20,England,Wicketkeeper,15.0,1,11685.0,129.9,0.0,0.0,52.04,SRH,11.0
Aditya Sharma,37,West Indies,Bowler,160.0,8,3665.0,132.9,839.0,4.04,36.62,CSK,2.0
Ankit Iyer,40,India,Wicketkeeper,351.0,18,8778.0,115.8,0.0,0.0,41.96,MI,5.0
Pranav Reddy,37,India,Allrounder,175.0,10,1660.0,140.2,104.0,5.18,20.16,SRH,2.0
Amit Mehta,36,South Africa,Bowler,101.0,4,1398.0,125.2,612.0,5.17,33.2,LSG,1.5
Karthik Patel,24,West Indies,Allrounder,144.0,6,2614.0,144.9,46.0,6.08,52.72,LSG,2.0
Nikhil Mehta,34,India,Wicketkeeper,122.0,6,11614.0,147.4,0.0,0.0,38.29,LSG,2.0
Arjun Sharma,24,Australia,Allrounder,34.0,2,4793.0,150.3,297.0,8.09,34.32,LSG,3.0
Karthik Singh,37,India,Batter,29.0,1,10828.0,100.9,11.0,6.99,36.77,CSK,3.0
Amit Yadav,26,South Africa,Allrounder,233.0,8,6682.0,128.7,452.0,8.31,43.36,MI,2.0
Ankit Naidu,40,South Africa,Batter,473.5,17,8096.0,103.6,0.0,6.4,36.26,KKR,0.5
Arjun Sharma,39,India,Wicketkeeper,313.0,20,2809.0,152.1,0.0,0.0,32.63,MI,2.0
Irfan Chopra,24,Sri Lanka,Batter,82.0,5,13993.0,102.2,9.0,9.07,41.6,MI,0.5
Nikhil Singh,32,Australia,Allrounder,109.0,7,6076.0,146.6,316.0,7.1,20.12,SRH,0.5
Sameer Sharma,35,Sri Lanka,Allrounder,338.0,17,2052.0,108.2,448.0,5.66,53.25,KKR,10.0
Rohan Malik,36,West Indies,Batter,205.0,7,3279.0,97.2,9.0,6.54,38.71,MI,3.0
Amit Deshmukh,35,South Africa,Wicketkeeper,95.0,5,3413.0,126.7,0.0,0.0,49.54,SRH,5.0
Irfan Chopra,35,India,Bowler,275.0,16,687.0,127.3,182.0,7.61,52.55,SRH,2.0
Harshit Verma,29,Sri Lanka,Bowler,158.0,7,3481.0,110.9,595.0,6.76,52.49,KKR,10.0
Irfan Yadav,22,India,Bowler,66.0,3,3139.0,119.8,368.0,6.54,43.81,GT,3.0
Aditya Iyer,33,England,Bowler,116.0,5,3307.0,101.9,538.0,5.52,45.16,PBKS,7.0
Harshit Malik,29,India,Bowler,136.0,6,127.0,138.7,526.0,7.13,28.02,GT,1.5
Vikas Shetty,29,India,Batter,135.0,5,13485.0,96.5,8.0,9.35,31.64,PBKS,11.0
Nikhil Naidu,26,India,Bowler,104.0,4,3162.0,97.9,82.0,4.99,34.2,PBKS,7.0
Rahul Shetty,23,India,Bowler,51.0,2,3050.0,148.0,543.0,6.37,54.64,RCB,7.0
Sandeep Kulkarni,39,West Indies,Bowler,30.0,1,3258.0,123.1,140.0,7.07,45.33,RCB,0.5
Amit Sharma,39,India,Wicketkeeper,97.0,6,9438.0,145.6,0.0,0.0,36.29,DC,1.0
Harshit Malik,42,Australia,Batter,66.0,4,3396.0,124.0,12.0,8.75,33.53,GT,1.0
Karthik Kulkarni,42,England,Wicketkeeper,381.0,19,4785.0,126.6,0.0,0.0,43.65,LSG,1.0
Vikas Kulkarni,25,Sri Lanka,Wicketkeeper,101.0,5,9104.0,138.6,0.0,0.0,32.49,LSG,7.0
Rahul Naidu,41,England,Bowler,270.0,10,657.0,149.6,253.0,6.17,54.17,GT,0.2
Aditya Deshmukh,34,South Africa,Allrounder,17.0,1,5096.0,106.6,419.0,5.8,43.68,KKR,0.2
Arjun Khan,27,West Indies,Bowler,72.0,3,2468.0,96.5,170.0,5.58,32.14,CSK,1.0
Nikhil Khan,36,India,Batter,75.0,3,7905.0,142.8,10.0,8.82,37.31,GT,0.5
Harshit Singh,28,Sri Lanka,Wicketkeeper,45.0,3,2895.0,123.4,0.0,0.0,40.28,KKR,1.0
Sandeep Deshmukh,26,India,Batter,57.0,2,9334.0,126.6,5.0,6.77,20.39,KKR,7.0
Rahul Patel,35,India,Allrounder,320.0,13,5362.0,115.2,373.0,6.66,43.62,RR,3.0
Pranav Deshmukh,19,India,Bowler,28.0,1,2686.0,117.9,344.0,6.43,20.25,MI,0.2
Manoj Deshmukh,36,Sri Lanka,Bowler,17.0,1,1734.0,133.0,620.0,4.96,22.53,DC,2.0
Nikhil Kulkarni,34,India,Bowler,393.0,16,123.0,133.8,157.0,4.41,46.45,KKR,2.0
Ankit Verma,19,England,Allrounder,30.0,1,7673.0,124.4,172.0,6.13,53.1,CSK,0.2
Irfan Sharma,27,West Indies,Wicketkeeper,156.0,9,10643.0,151.7,0.0,0.0,30.76,KKR,5.0
Karthik Verma,21,India,Allrounder,55.0,2,8346.0,130.6,434.0,7.83,54.14,PBKS,5.0
Vikas Iyer,33,England,Bowler,201.0,10,961.0,141.5,575.0,5.81,46.88,GT,5.0
Vikas Sharma,25,Sri Lanka,Bowler,85.0,4,618.0,142.7,877.5,5.89,29.14,DC,5.0
Sandeep Reddy,40,India,Wicketkeeper,33.0,2,11234.0,102.3,0.0,0.0,34.88,RR,0.2
Sandeep Deshmukh,40,West Indies,Allrounder,291.0,12,2663.0,125.0,229.0,8.3,42.23,MI,11.0
Sameer Reddy,25,Australia,Allrounder,143.0,5,5530.0,103.0,184.0,7.18,33.66,KKR,7.0
Vikas Deshmukh,23,India,Allrounder,48.0,2,8321.0,153.3,481.0,7.47,25.88,SRH,10.0
Manoj Shetty,24,India,Bowler,71.0,3,907.0,100.7,394.0,5.56,28.48,PBKS,0.2
Amit Verma,26,India,Bowler,122.0,5,1262.0,127.4,425.0,5.43,28.07,MI,10.0
Amit Patel,38,India,Wicketkeeper,473.5,17,10533.0,108.7,0.0,0.0,47.22,PBKS,7.0
Karthik Singh,23,South Africa,Wicketkeeper,143.0,5,2886.0,152.8,0.0,0.0,31.33,RR,7.0
Ankit Deshmukh,33,India,Allrounder,61.0,4,5302.0,110.5,93.0,7.41,52.48,LSG,0.2
Manoj Singh,32,India,Batter,179.0,9,10002.0,143.2,9.0,8.36,21.73,DC,5.0
Vikas Patel,33,South Africa,Bowler,88.0,3,1201.0,126.7,877.5,6.27,30.25,SRH,11.0
Amit Khan,22,South Africa,Bowler,26.0,1,1996.0,129.8,667.0,5.0,44.73,LSG,5.0
Ankit Chopra,31,India,Wicketkeeper,143.0,7,6236.0,97.0,0.0,0.0,39.86,MI,3.0
Karthik Malik,42,South Africa,Allrounder,193.0,10,3399.0,103.4,243.0,5.6,41.81,LSG,11.0
Manoj Kulkarni,40,Sri Lanka,Wicketkeeper,473.5,19,9503.0,113.7,0.0,0.0,35.43,KKR,2.0
Irfan Verma,21,Sri Lanka,Batter,30.0,1,9718.0,133.9,15.0,7.26,36.45,DC,3.0
Amit Verma,41,England,Allrounder,330.0,21,4743.0,116.1,443.0,8.37,45.91,PBKS,2.0
Ankit Malik,38,India,Bowler,344.0,20,1421.0,125.5,756.0,4.98,39.34,MI,10.0
Harshit Shetty,29,India,Allrounder,163.0,7,6976.0,123.3,324.0,6.15,29.77,RCB,0.2
Manoj Iyer,21,West Indies,Bowler,45.0,3,3162.0,107.9,804.0,4.02,44.5,SRH,2.0
Karthik Khan,26,India,Wicketkeeper,130.0,7,11611.0,141.3,0.0,0.0,29.81,PBKS,5.0
Harshit Deshmukh,25,India,Allrounder,134.0,5,6090.0,97.2,237.0,6.43,28.3,CSK,7.0
Vikas Malik,39,Australia,Wicketkeeper,101.0,6,6243.0,141.8,0.0,0.0,41.21,MI,3.0
Aditya Malik,28,Sri Lanka,Bowler,25.0,1,333.0,110.4,386.0,4.78,48.59,PBKS,10.0
Irfan Khan,20,India,Batter,15.0,1,9305.0,115.0,15.0,6.73,43.25,MI,11.0
Arjun Singh,33,India,Wicketkeeper,89.0,4,7580.0,128.7,0.0,0.0,36.13,RCB,0.2
Rahul Singh,32,West Indies,Batter,198.0,7,7637.0,108.2,15.0,9.15,45.95,DC,2.0
Amit Sharma,42,India,Allrounder,114.0,7,8284.0,131.9,71.0,5.56,50.47,GT,0.2
Sandeep Verma,29,Sri Lanka,Batter,72.0,3,14854.0,138.5,13.0,7.6,48.71,CSK,1.5
Aditya Shetty,33,West Indies,Wicketkeeper,234.0,9,8747.0,103.2,0.0,0.0,44.7,MI,3.0
Vikas Chopra,27,Sri Lanka,Bowler,119.0,6,835.0,129.6,205.0,7.5,26.51,KKR,10.0
Karthik Reddy,19,India,Allrounder,17.0,1,1827.0,110.6,280.0,5.44,23.62,CSK,7.0
Pranav Singh,32,India,Bowler,193.0,8,1677.0,99.2,350.0,5.95,27.82,KKR,0.5
Rahul Iyer,20,England,Allrounder,45.0,2,8186.0,123.4,466.0,6.54,39.79,LSG,0.2
Sandeep Naidu,36,India,Batter,370.0,18,8424.0,97.8,5.0,8.47,22.82,RCB,3.0
Amit Mehta,29,Sri Lanka,Bowler,56.0,2,1467.0,120.4,428.0,4.23,21.46,GT,3.0
Irfan Deshmukh,27,India,Wicketkeeper,141.0,7,10276.0,139.8,0.0,0.0,27.81,CSK,1.0
Amit Malik,29,India,Wicketkeeper,297.0,11,2816.0,151.4,0.0,0.0,37.02,MI,10.0
Vikas Verma,35,India,Batter,325.0,15,6213.0,141.8,13.0,7.56,44.96,MI,10.0
Amit Chopra,20,India,Batter,18.0,1,9086.0,151.1,6.0,8.13,34.78,KKR,2.0
Arjun Sharma,28,England,Wicketkeeper,71.0,3,3113.0,143.5,0.0,0.0,33.3,CSK,10.0
Harshit Chopra,34,India,Bowler,363.0,14,3927.0,110.6,473.0,7.19,30.12,SRH,1.5
Harshit Mehta,22,Australia,Batter,73.0,3,7613.0,107.8,12.0,8.37,28.02,SRH,5.0
Karthik Mehta,37,India,Allrounder,20.0,1,6928.0,135.7,414.0,6.07,51.13,RCB,2.0
Karthik Reddy,20,England,Allrounder,21.0,1,5832.0,144.7,350.0,7.36,39.02,GT,0.5
Manoj Iyer,25,India,Allrounder,49.0,2,4341.0,101.0,82.0,5.24,39.4,SRH,10.0
Vikas Patel,32,India,Wicketkeeper,313.0,13,10992.0,114.7,0.0,0.0,27.72,GT,2.0
Manoj Chopra,30,South Africa,Allrounder,266.0,10,7249.0,135.0,143.0,6.63,33.47,LSG,5.0
Manoj Chopra,32,India,Allrounder,312.0,12,4140.0,139.3,418.0,7.81,45.72,GT,1.5
Manoj Singh,40,India,Wicketkeeper,473.5,20,6076.0,154.1,0.0,0.0,30.33,RCB,0.2
Arjun Naidu,40,South Africa,Allrounder,452.0,21,8598.0,146.3,487.0,7.26,40.28,GT,0.2
Amit Singh,34,India,Batter,24.0,1,5272.0,119.9,12.0,8.76,40.67,MI,2.0
Sandeep Iyer,27,England,Batter,47.0,2,6920.0,154.1,10.0,6.19,48.0,CSK,5.0
Harshit Chopra,36,India,Wicketkeeper,301.0,11,6159.0,147.1,0.0,0.0,44.3,GT,1.5
Irfan Iyer,29,India,Wicketkeeper,87.0,3,11329.0,106.2,0.0,0.0,21.09,LSG,5.0
Irfan Sharma,23,Sri Lanka,Wicketkeeper,62.0,4,9019.0,146.9,0.0,0.0,33.87,RR,5.0
Sameer Mehta,22,Sri Lanka,Batter,86.0,3,13095.0,128.7,5.0,6.92,34.73,MI,5.0
Nikhil Deshmukh,30,India,Batter,49.0,2,8339.0,124.0,13.0,8.28,44.4,GT,2.0
Pranav Mehta,40,India,Wicketkeeper,53.0,2,5460.0,146.2,0.0,0.0,26.84,PBKS,10.0
Manoj Naidu,25,South Africa,Bowler,52.0,2,1393.0,121.2,783.0,5.25,53.67,KKR,2.0
Harshit Mehta,26,India,Batter,18.0,1,4142.0,117.9,2.0,7.28,42.87,LSG,2.0
Irfan Deshmukh,42,Sri Lanka,Batter,111.0,6,5913.0,152.1,3.0,7.47,51.31,RCB,0.5
Karthik Verma,30,India,Batter,95.0,4,12317.0,133.7,4.0,7.8,22.03,MI,1.0
Vikas Verma,39,England,Bowler,362.0,15,1618.0,137.4,330.0,6.64,32.57,CSK,0.2
Nikhil Iyer,28,India,Wicketkeeper,124.0,5,9534.0,108.2,0.0,0.0,52.03,KKR,3.0
Nikhil Deshmukh,22,South Africa,Bowler,69.0,3,3356.0,134.2,308.0,5.62,21.17,PBKS,1.0
Rohan Iyer,36,South Africa,Wicketkeeper,21.0,1,5954.0,119.8,0.0,0.0,48.6,RR,1.0
Sandeep Chopra,34,India,Bowler,56.0,3,3375.0,131.2,307.0,5.47,27.34,CSK,7.0
Pranav Shetty,38,India,Batter,399.0,16,14229.0,150.7,6.0,7.46,39.83,RR,1.5
Karthik Kulkarni,20,India,Batter,42.0,2,4844.0,149.1,5.0,9.16,53.05,KKR,1.0
Vikas Chopra,25,West Indies,Bowler,150.0,5,1052.0,95.2,431.0,7.4,52.69,MI,0.5
Ankit Malik,38,England,Wicketkeeper,175.0,9,6451.0,103.2,0.0,0.0,21.4,MI,7.0
Arjun Mehta,42,India,Allrounder,433.0,17,1672.0,115.9,445.0,5.19,41.73,LSG,0.5
Aditya Patel,42,India,Wicketkeeper,229.0,13,6106.0,119.1,0.0,0.0,20.89,KKR,2.0
Nikhil Sharma,32,India,Batter,271.0,14,8063.0,121.5,12.0,7.67,46.49,KKR,2.0
Nikhil Sharma,27,England,Bowler,104.0,5,907.0,108.1,671.0,5.06,28.96,MI,5.0
Irfan Khan,28,India,Bowler,243.0,9,1477.0,130.9,120.0,5.15,36.5,KKR,3.0
Sandeep Chopra,37,West Indies,Batter,24.0,1,13684.0,117.5,7.0,7.18,32.98,MI,7.0
Ankit Mehta,38,India,Allrounder,367.0,13,1927.0,109.0,431.0,8.4,48.63,CSK,0.2
Sameer Khan,19,India,Wicketkeeper,21.0,1,7153.0,137.5,0.0,0.0,20.19,PBKS,1.0
Manoj Kulkarni,31,South Africa,Batter,223.0,9,9480.0,140.4,2.0,9.48,43.89,CSK,1.0
Irfan Verma,22,India,Wicketkeeper,28.0,1,10446.0,119.3,0.0,0.0,39.43,LSG,0.5
Irfan Sharma,23,West Indies,Allrounder,47.0,2,7372.0,97.1,265.0,5.89,49.26,RR,1.0
Harshit Khan,33,India,Wicketkeeper,80.0,3,9343.0,148.8,0.0,0.0,25.69,DC,1.0
Aditya Sharma,30,India,Wicketkeeper,211.0,9,4550.0,142.2,0.0,0.0,45.94,LSG,3.0
Aditya Shetty,21,India,Batter,51.0,3,9511.0,120.3,4.0,6.62,34.8,GT,5.0
Nikhil Shetty,24,England,Wicketkeeper,121.0,6,7438.0,140.6,0.0,0.0,49.32,PBKS,1.5
Manoj Reddy,22,India,Allrounder,29.0,1,3336.0,128.8,223.0,5.33,46.66,GT,5.0
Ankit Reddy,23,India,Wicketkeeper,99.0,4,11332.0,142.2,0.0,0.0,25.18,DC,1.5
Pranav Khan,18,India,Bowler,27.0,1,485.0,146.5,89.0,6.0,31.15,CSK,1.0
Pranav Khan,18,England,Wicketkeeper,18.0,1,2535.0,120.5,0.0,0.0,48.15,CSK,3.0
Amit Sharma,18,West Indies,Allrounder,30.0,1,2889.0,146.6,242.0,5.31,30.89,PBKS,0.2
Karthik Patel,26,Sri Lanka,Bowler,149.0,7,3278.0,109.0,213.0,4.01,23.13,RR,0.2
Sameer Shetty,18,Australia,Bowler,17.0,1,1512.0,136.6,589.0,4.35,27.49,DC,2.0
Nikhil Naidu,41,India,Bowler,122.0,6,3256.0,126.0,554.0,7.55,36.1,SRH,11.0
Arjun Mehta,27,England,Allrounder,84.0,3,8795.0,136.6,491.0,6.52,35.83,MI,5.0
Manoj Singh,33,West Indies,Allrounder,270.0,13,4968.0,147.8,388.0,5.45,34.99,MI,0.2
Sameer Deshmukh,29,South Africa,Bowler,108.0,7,3249.0,126.8,288.0,4.28,42.66,MI,7.0
Pranav Chopra,23,Sri Lanka,Allrounder,146.0,5,8284.0,143.0,353.0,5.96,43.44,PBKS,5.0
Sandeep Reddy,27,England,Wicketkeeper,34.0,2,11004.0,134.0,0.0,0.0,34.73,KKR,3.0
Pranav Kulkarni,35,India,Batter,102.0,5,4595.0,111.5,9.0,9.37,40.22,GT,7.0
Pranav Iyer,24,India,Batter,95.0,6,3189.0,139.7,4.0,7.08,21.67,DC,2.0
Rohan Iyer,42,West Indies,Batter,308.0,19,11884.0,143.7,15.0,6.16,35.2,RR,1.0
Vikas Verma,35,Sri Lanka,Allrounder,174.0,6,1503.0,131.5,340.0,6.19,44.57,RR,2.0
Pranav Sharma,36,India,Allrounder,323.0,15,2051.0,106.1,167.0,5.7,53.54,RR,3.0
Rahul Naidu,21,West Indies,Bowler,87.0,3,2959.0,118.4,627.0,6.24,48.05,GT,3.0
Manoj Kulkarni,40,South Africa,Batter,471.0,17,9595.0,109.5,15.0,7.84,27.24,RCB,3.0
Sameer Yadav,26,West Indies,Bowler,63.0,3,1247.0,146.6,399.0,5.51,22.15,KKR,11.0
Karthik Mehta,30,Australia,Batter,49.0,2,14910.0,148.6,11.0,6.76,24.26,DC,10.0
Pranav Malik,41,Sri Lanka,Batter,424.0,15,3171.0,107.8,9.0,8.2,41.21,MI,10.0
Pranav Kulkarni,37,England,Allrounder,184.0,9,4663.0,101.1,102.0,6.34,40.39,MI,7.0
Pranav Kulkarni,26,India,Batter,99.0,6,6755.0,135.8,4.0,8.39,42.3,GT,11.0
Aditya Reddy,21,India,Batter,64.0,3,12555.0,126.2,3.0,7.75,42.25,LSG,0.2
Amit Sharma,29,India,Batter,160.0,7,4014.0,134.3,14.0,8.42,40.54,LSG,1.0
Rahul Reddy,30,India,Allrounder,243.0,9,3858.0,107.6,57.0,5.55,29.11,SRH,2.0
Rohan Singh,19,India,Allrounder,20.0,1,5450.0,140.6,440.0,8.22,39.35,MI,7.0
Sameer Chopra,22,West Indies,Bowler,49.0,3,451.0,101.7,512.0,4.96,51.46,PBKS,2.0
Harshit Malik,31,Sri Lanka,Allrounder,236.0,13,6994.0,101.6,178.0,8.12,47.9,PBKS,5.0
Ankit Shetty,34,England,Bowler,183.0,8,1229.0,114.4,795.0,5.7,45.87,PBKS,0.5
Harshit Yadav,35,Sri Lanka,Batter,270.0,12,12519.0,141.8,6.0,8.15,22.6,KKR,1.0
Harshit Chopra,25,India,Allrounder,80.0,3,5867.0,114.2,85.0,6.12,31.54,RCB,5.0
Manoj Mehta,34,South Africa,Batter,430.0,16,10194.0,112.0,11.0,7.76,35.55,SRH,0.5
Harshit Mehta,31,Australia,Bowler,251.0,9,1665.0,139.1,611.0,5.4,41.12,RCB,1.5
Ankit Naidu,19,Sri Lanka,Bowler,26.0,1,3449.0,107.6,727.0,6.48,31.39,PBKS,1.0
Ankit Deshmukh,20,South Africa,Batter,21.0,1,9933.0,101.5,15.0,6.07,29.28,SRH,1.5
Rahul Yadav,38,India,Bowler,320.0,14,604.0,131.2,710.0,4.25,54.93,RR,5.0
Karthik Kulkarni,27,Sri Lanka,Allrounder,92.0,5,4050.0,144.3,221.0,5.35,24.16,RCB,1.5
Nikhil Mehta,28,West Indies,Wicketkeeper,218.0,8,10683.0,135.2,0.0,0.0,42.51,PBKS,3.0
Nikhil Verma,28,India,Batter,51.0,2,6314.0,101.8,7.0,9.16,31.04,GT,0.2
Amit Patel,30,Australia,Wicketkeeper,91.0,4,4356.0,100.4,0.0,0.0,34.26,SRH,7.0
Karthik Kulkarni,29,Australia,Wicketkeeper,326.0,11,6976.0,149.7,0.0,0.0,47.35,MI,1.5
Aditya Mehta,28,India,Allrounder,217.0,10,1816.0,127.0,488.0,7.53,50.92,RR,5.0
Irfan Verma,37,West Indies,Wicketkeeper,297.0,15,4189.0,122.0,0.0,0.0,25.24,MI,5.0
Irfan Sharma,22,India,Allrounder,83.0,4,2607.0,111.8,346.0,7.93,21.88,DC,0.5
Sandeep Naidu,25,Sri Lanka,Bowler,129.0,7,2849.0,131.5,753.0,4.48,41.25,RR,10.0
Sandeep Patel,19,South Africa,Wicketkeeper,23.0,1,8026.0,110.6,0.0,0.0,45.45,GT,3.0
Pranav Reddy,39,South Africa,Bowler,199.0,8,313.0,150.2,559.0,6.94,40.47,MI,2.0
Ankit Kulkarni,26,India,Allrounder,88.0,4,7311.0,140.2,343.0,7.73,29.02,RCB,0.5
Ankit Singh,21,Sri Lanka,Batter,48.0,3,3911.0,123.7,13.0,7.09,20.67,SRH,11.0
Vikas Shetty,42,India,Wicketkeeper,473.5,18,4617.0,112.8,0.0,0.0,36.59,CSK,5.0
Pranav Yadav,18,South Africa,Wicketkeeper,23.0,1,3285.0,101.5,0.0,0.0,24.42,KKR,0.5
Manoj Iyer,42,India,Wicketkeeper,473.5,19,3895.0,122.8,0.0,0.0,45.58,GT,1.5
Sameer Shetty,39,India,Bowler,105.0,6,80.0,127.8,829.0,7.17,36.62,RR,7.0
Sameer Iyer,36,Australia,Wicketkeeper,206.0,13,9708.0,118.1,0.0,0.0,26.75,DC,5.0
Arjun Khan,33,India,Allrounder,301.0,13,8577.0,142.5,299.0,5.51,36.28,GT,7.0
Vikas Iyer,22,India,Allrounder,19.0,1,5282.0,137.2,288.0,7.77,26.79,GT,2.0
Harshit Naidu,24,India,Wicketkeeper,30.0,1,11283.0,125.6,0.0,0.0,35.54,SRH,5.0
Karthik Chopra,37,Sri Lanka,Bowler,175.0,9,1105.0,127.6,221.0,5.61,54.37,GT,1.5
Rohan Sharma,32,England,Batter,97.0,6,14863.0,149.2,10.0,8.85,21.04,RR,0.5
Vikas Patel,35,Australia,Allrounder,29.0,1,1888.0,100.1,231.0,5.49,29.21,RR,3.0
Ankit Yadav,37,India,Wicketkeeper,258.0,9,6043.0,121.5,0.0,0.0,42.47,SRH,11.0
Ankit Reddy,23,West Indies,Allrounder,148.0,5,3426.0,149.2,113.0,6.75,52.89,GT,1.0
Rahul Malik,22,West Indies,Wicketkeeper,20.0,1,4843.0,104.8,0.0,0.0,49.85,CSK,2.0
Amit Yadav,35,Australia,Allrounder,96.0,4,7220.0,122.2,285.0,6.69,47.47,KKR,5.0
Vikas Reddy,32,West Indies,Bowler,119.0,6,1462.0,147.9,606.0,4.35,43.48,LSG,3.0
Rohan Mehta,35,West Indies,Allrounder,254.0,10,5498.0,154.7,364.0,8.06,38.13,CSK,7.0
Arjun Kulkarni,34,India,Bowler,104.0,4,2826.0,105.0,187.0,4.35,31.33,RCB,7.0
Harshit Deshmukh,40,South Africa,Wicketkeeper,102.0,4,7106.0,101.2,0.0,0.0,48.54,LSG,0.2
Sameer Yadav,32,South Africa,Bowler,138.0,6,1008.0,153.6,610.0,5.13,44.59,DC,11.0
Sandeep Naidu,34,South Africa,Bowler,176.0,6,3623.0,123.6,726.0,4.66,36.34,CSK,5.0
Karthik Naidu,36,India,Wicketkeeper,376.0,16,7616.0,124.6,0.0,0.0,38.75,KKR,10.0
Sameer Sharma,23,Sri Lanka,Allrounder,79.0,5,6712.0,136.2,111.0,5.11,37.05,LSG,5.0
Pranav Sharma,24,South Africa,Batter,110.0,4,6791.0,143.9,12.0,8.77,28.07,SRH,7.0
Aditya Sharma,39,England,Bowler,224.0,8,1225.0,137.2,464.0,4.18,54.22,MI,0.2
Rohan Deshmukh,20,India,Batter,20.0,1,13483.0,110.6,5.0,7.56,25.48,PBKS,1.5
Vikas Patel,35,Australia,Wicketkeeper,396.0,14,4477.0,112.2,0.0,0.0,31.48,PBKS,10.0
Irfan Mehta,38,South Africa,Allrounder,448.0,19,7064.0,134.3,93.0,6.48,29.56,RCB,0.5
Aditya Chopra,21,India,Allrounder,45.0,3,2983.0,117.4,372.0,5.18,49.95,CSK,0.2
Pranav Shetty,24,India,Allrounder,15.0,1,6164.0,152.9,250.0,6.74,37.63,RCB,7.0
Sameer Mehta,20,India,Allrounder,18.0,1,6000.0,106.6,408.0,5.97,44.31,RCB,7.0
Aditya Deshmukh,27,Sri Lanka,Allrounder,110.0,4,3339.0,131.2,46.0,6.88,46.43,PBKS,0.5
Manoj Singh,42,India,Batter,473.5,20,6088.0,97.6,1.0,8.54,48.09,LSG,7.0
Arjun Verma,21,South Africa,Allrounder,36.0,2,2993.0,118.5,389.0,6.86,38.81,DC,5.0
Aditya Sharma,26,India,Allrounder,145.0,6,1506.0,104.0,244.0,7.14,34.61,DC,3.0
Harshit Singh,28,India,Batter,181.0,7,11529.0,116.0,11.0,7.17,23.2,SRH,7.0
Karthik Deshmukh,39,India,Batter,171.0,6,12274.0,104.7,13.0,6.56,33.06,LSG,2.0
Vikas Deshmukh,22,South Africa,Bowler,45.0,2,438.0,107.4,632.0,7.4,34.57,SRH,0.5
Rahul Kulkarni,27,India,Wicketkeeper,92.0,5,9914.0,113.7,0.0,0.0,47.56,LSG,1.0
Pranav Naidu,27,South Africa,Batter,88.0,4,13711.0,106.8,8.0,6.18,27.37,RR,2.0
Rahul Kulkarni,38,Australia,Batter,29.0,1,13955.0,129.2,13.0,9.48,24.86,GT,3.0
Vikas Singh,30,South Africa,Allrounder,156.0,10,5135.0,105.1,84.0,5.95,24.36,PBKS,7.0
Arjun Verma,22,South Africa,Batter,67.0,3,14479.0,124.7,4.0,8.79,42.09,LSG,7.0
Sandeep Iyer,18,Sri Lanka,Wicketkeeper,18.0,1,11225.0,114.9,0.0,0.0,39.38,SRH,3.0
Harshit Kulkarni,19,India,Batter,29.0,1,4691.0,113.5,1.0,6.9,42.83,SRH,7.0
Manoj Sharma,27,South Africa,Bowler,94.0,6,3585.0,132.0,106.0,4.57,49.83,PBKS,0.5
Amit Naidu,41,Sri Lanka,Allrounder,311.0,15,7868.0,148.8,485.0,5.42,22.78,PBKS,0.2
Karthik Chopra,22,South Africa,Batter,43.0,2,11090.0,131.6,14.0,7.22,39.58,CSK,10.0
Arjun Mehta,27,India,Batter,152.0,9,9534.0,142.9,6.0,6.34,54.06,KKR,0.2
Arjun Verma,40,South Africa,Wicketkeeper,453.0,22,5970.0,105.9,0.0,0.0,51.33,RCB,1.0
Vikas Singh,31,South Africa,Batter,41.0,2,10492.0,151.2,5.0,7.95,26.16,DC,5.0
Irfan Chopra,32,West Indies,Wicketkeeper,61.0,3,4374.0,142.5,0.0,0.0,22.09,MI,2.0
Manoj Iyer,41,West Indies,Wicketkeeper,159.0,10,5085.0,148.0,0.0,0.0,43.6,KKR,10.0
Harshit Malik,30,Australia,Batter,172.0,8,4141.0,106.4,13.0,7.3,48.58,PBKS,1.0
Rahul Khan,32,Australia,Wicketkeeper,183.0,11,11002.0,131.2,0.0,0.0,32.61,RR,0.2
Amit Verma,21,India,Wicketkeeper,34.0,2,6140.0,121.6,0.0,0.0,48.93,PBKS,1.0
Sandeep Chopra,31,India,Bowler,98.0,4,1834.0,100.4,695.0,5.29,51.89,CSK,3.0
Vikas Shetty,34,Sri Lanka,Batter,19.0,1,3693.0,115.9,13.0,7.36,27.15,SRH,1.5
Arjun Deshmukh,33,South Africa,Bowler,348.0,15,1412.0,108.1,149.0,7.41,42.28,RR,3.0
Vikas Naidu,37,Sri Lanka,Allrounder,216.0,14,3485.0,97.1,486.0,8.08,49.01,RR,10.0
Rohan Mehta,37,India,Wicketkeeper,128.0,6,6296.0,119.6,0.0,0.0,43.03,PBKS,10.0
Pranav Singh,35,England,Wicketkeeper,233.0,8,6096.0,117.3,0.0,0.0,44.34,CSK,1.0
Irfan Reddy,18,India,Bowler,24.0,1,1758.0,96.3,581.0,4.97,53.17,CSK,2.0
Rahul Kulkarni,21,West Indies,Batter,46.0,2,12116.0,144.4,5.0,6.06,25.92,GT,3.0
Sandeep Deshmukh,33,Australia,Bowler,17.0,1,969.0,144.3,465.0,5.49,27.21,RCB,11.0
Karthik Verma,19,England,Bowler,29.0,1,2641.0,124.9,484.0,7.29,32.82,DC,11.0
Nikhil Malik,31,India,Bowler,332.0,13,348.0,115.5,664.0,6.52,32.16,SRH,1.0
Arjun Shetty,22,West Indies,Allrounder,118.0,4,2786.0,113.6,290.0,7.57,27.03,SRH,5.0
Sameer Malik,32,India,Allrounder,111.0,6,5303.0,143.3,383.0,7.83,37.42,LSG,1.5
Rohan Kulkarni,19,Sri Lanka,Bowler,26.0,1,2507.0,136.8,402.0,6.0,37.82,RR,0.2
Vikas Yadav,33,India,Wicketkeeper,386.0,14,3669.0,120.0,0.0,0.0,54.82,LSG,0.2
Rahul Malik,37,India,Allrounder,175.0,7,5233.0,130.6,96.0,5.52,51.01,LSG,2.0
Arjun Shetty,31,Sri Lanka,Batter,96.0,6,6339.0,147.9,14.0,8.41,31.77,MI,2.0
Ankit Iyer,30,India,Bowler,47.0,2,3965.0,146.1,185.0,5.03,33.79,SRH,0.2
Ankit Yadav,31,Australia,Allrounder,230.0,10,4312.0,103.9,192.0,7.48,46.45,GT,5.0
Rohan Verma,23,England,Bowler,108.0,4,830.0,111.1,877.5,6.09,37.31,LSG,1.0
Pranav Kulkarni,37,India,Wicketkeeper,287.0,18,3971.0,136.8,0.0,0.0,20.42,PBKS,3.0
Sameer Mehta,27,India,Bowler,258.0,9,2500.0,127.5,877.5,6.42,27.71,RCB,1.0
Arjun Reddy,23,India,Wicketkeeper,69.0,3,9339.0,140.2,0.0,0.0,30.62,DC,0.5
Manoj Singh,18,West Indies,Batter,27.0,1,8797.0,123.3,3.0,6.97,43.67,DC,2.0
Vikas Singh,20,England,Batter,47.0,2,4686.0,103.5,1.0,9.25,33.88,DC,1.0
Manoj Kulkarni,39,England,Wicketkeeper,43.0,2,10422.0,99.0,0.0,0.0,46.55,CSK,3.0
Pranav Patel,33,South Africa,Bowler,169.0,11,164.0,137.4,630.0,5.7,31.28,KKR,0.5
Sameer Sharma,26,India,Batter,106.0,4,12976.0,127.1,7.0,8.96,53.03,RR,2.0
Harshit Malik,33,South Africa,Bowler,164.0,9,54.0,125.9,697.0,4.3,46.83,KKR,0.5
Pranav Chopra,39,India,Wicketkeeper,333.0,20,11944.0,131.0,0.0,0.0,20.81,LSG,5.0
Pranav Sharma,21,India,Bowler,43.0,2,1353.0,112.9,173.0,7.69,28.72,PBKS,5.0
Amit Verma,31,India,Batter,161.0,9,8351.0,127.5,6.0,7.7,46.82,LSG,0.2
Amit Mehta,28,England,Batter,185.0,8,10372.0,121.4,2.0,7.38,38.72,KKR,2.0
Sameer Iyer,33,India,Batter,394.0,15,14912.0,149.9,11.0,7.38,49.79,CSK,0.2
Pranav Khan,28,West Indies,Batter,147.0,6,11667.0,95.0,0.0,7.59,51.53,MI,3.0
Nikhil Mehta,19,India,Bowler,22.0,1,536.0,109.7,443.0,4.47,25.33,SRH,1.0
Sameer Shetty,29,India,Allrounder,230.0,11,6490.0,143.2,127.0,5.63,40.28,KKR,3.0
Pranav Shetty,39,India,Bowler,191.0,7,1238.0,108.9,283.0,7.63,37.0,MI,2.0
Arjun Kulkarni,18,India,Allrounder,15.0,1,3286.0,144.6,244.0,8.42,45.5,KKR,10.0
Sandeep Iyer,38,South Africa,Bowler,82.0,3,60.0,141.2,341.0,4.72,32.16,LSG,3.0
Rohan Naidu,38,India,Allrounder,394.0,16,6684.0,131.5,409.0,6.86,41.33,KKR,3.0
Irfan Sharma,34,West Indies,Batter,60.0,4,14929.0,134.7,15.0,8.54,22.39,LSG,2.0
Arjun Verma,31,India,Wicketkeeper,130.0,7,7255.0,122.4,0.0,0.0,43.24,DC,11.0
Ankit Kulkarni,38,West Indies,Bowler,143.0,7,897.0,113.8,546.0,5.12,24.36,LSG,7.0
Arjun Shetty,19,India,Batter,21.0,1,9532.0,154.2,2.0,7.47,29.99,CSK,1.0
Karthik Deshmukh,24,India,Bowler,86.0,4,89.0,139.6,400.0,6.02,20.47,DC,7.0
Aditya Khan,19,India,Bowler,18.0,1,1618.0,118.2,321.0,7.42,50.42,DC,2.0
Arjun Shetty,41,England,Wicketkeeper,473.5,22,6349.0,97.3,0.0,0.0,25.1,SRH,7.0
Ankit Khan,31,India,Bowler,257.0,13,1095.0,115.7,758.0,5.23,49.67,KKR,7.0
Harshit Malik,38,India,Wicketkeeper,131.0,5,6371.0,95.7,0.0,0.0,42.44,CSK,0.5
Sameer Mehta,23,India,Wicketkeeper,60.0,2,9877.0,102.9,0.0,0.0,48.81,PBKS,5.0
Sandeep Iyer,22,Australia,Batter,107.0,4,3230.0,125.0,0.0,8.73,27.44,PBKS,1.0
Rahul Malik,36,India,Allrounder,439.0,16,3027.0,104.4,331.0,7.22,26.65,MI,1.0
Amit Mehta,25,South Africa,Allrounder,120.0,5,4924.0,154.5,279.0,7.19,51.19,PBKS,1.0
Rohan Khan,35,West Indies,Wicketkeeper,348.0,12,3998.0,130.6,0.0,0.0,38.85,DC,5.0
Vikas Khan,42,India,Batter,266.0,15,12718.0,127.8,4.0,9.49,34.7,CSK,1.0
Sandeep Deshmukh,35,India,Allrounder,204.0,10,5963.0,109.1,189.0,8.18,23.41,RCB,0.2
Sandeep Patel,41,India,Bowler,202.0,7,152.0,100.8,142.0,6.41,33.06,KKR,5.0
Aditya Khan,38,England,Allrounder,42.0,2,1511.0,127.9,137.0,6.48,54.71,RCB,0.5
Pranav Sharma,18,England,Bowler,30.0,1,2630.0,117.5,267.0,4.84,24.63,PBKS,0.2
Harshit Naidu,18,India,Batter,16.0,1,3325.0,138.7,5.0,8.13,36.87,DC,1.0
Nikhil Yadav,28,West Indies,Wicketkeeper,145.0,6,2615.0,109.7,0.0,0.0,41.73,MI,1.5
Vikas Malik,31,Australia,Bowler,241.0,12,2157.0,105.3,571.0,6.05,34.2,MI,2.0
Karthik Malik,27,India,Bowler,119.0,5,933.0,154.0,440.0,5.65,49.73,KKR,0.2
Karthik Reddy,37,India,Bowler,218.0,14,3013.0,148.3,680.0,6.79,45.74,KKR,11.0
Sameer Shetty,33,England,Bowler,122.0,7,1875.0,98.3,752.0,7.43,35.96,RCB,5.0
Sameer Reddy,25,Australia,Wicketkeeper,145.0,5,11483.0,139.8,0.0,0.0,40.42,LSG,1.5
Rohan Iyer,20,India,Batter,30.0,1,8938.0,115.4,12.0,6.61,31.12,CSK,1.0
Harshit Verma,37,India,Batter,226.0,10,3475.0,115.6,3.0,6.91,38.02,KKR,2.0
Aditya Chopra,25,India,Wicketkeeper,122.0,5,6447.0,146.3,0.0,0.0,45.97,SRH,3.0
Rahul Chopra,40,Australia,Wicketkeeper,201.0,7,5570.0,145.1,0.0,0.0,50.93,PBKS,0.5
Harshit Chopra,35,West Indies,Batter,243.0,10,9743.0,115.8,7.0,7.46,22.02,GT,0.5
Pranav Chopra,34,India,Bowler,17.0,1,622.0,98.9,857.0,7.54,45.94,DC,7.0
Pranav Patel,19,Australia,Allrounder,26.0,1,7308.0,151.9,87.0,6.32,34.69,RR,1.0
Rohan Chopra,29,India,Wicketkeeper,114.0,6,4718.0,144.0,0.0,0.0,29.89,LSG,1.5
Amit Yadav,21,England,Wicketkeeper,47.0,3,11479.0,112.9,0.0,0.0,40.84,PBKS,10.0
Sandeep Shetty,35,England,Allrounder,390.0,17,1571.0,126.1,109.0,8.49,52.77,KKR,5.0
Nikhil Chopra,41,South Africa,Wicketkeeper,80.0,3,3637.0,142.2,0.0,0.0,47.86,CSK,1.5
Vikas Kulkarni,25,India,Wicketkeeper,54.0,3,6928.0,121.2,0.0,0.0,33.53,RR,5.0
Harshit Iyer,39,England,Wicketkeeper,243.0,10,9242.0,106.5,0.0,0.0,53.74,RR,0.2
Pranav Naidu,21,India,Wicketkeeper,40.0,2,8141.0,152.6,0.0,0.0,46.15,RCB,5.0
Karthik Verma,20,Australia,Bowler,44.0,2,3801.0,109.7,689.0,5.13,54.6,GT,2.0
Amit Khan,39,Australia,Wicketkeeper,125.0,6,8691.0,99.0,0.0,0.0,49.52,DC,7.0
Ankit Yadav,21,India,Bowler,43.0,2,2893.0,120.1,592.0,5.35,49.12,RR,11.0
Aditya Kulkarni,27,South Africa,Wicketkeeper,137.0,5,7535.0,100.4,0.0,0.0,32.4,CSK,10.0
Manoj Sharma,18,West Indies,Bowler,29.0,1,3755.0,136.9,733.0,7.62,46.42,RCB,10.0
Harshit Patel,19,India,Wicketkeeper,28.0,1,7354.0,140.5,0.0,0.0,22.12,MI,2.0
Harshit Yadav,34,England,Bowler,51.0,2,3089.0,124.5,600.0,4.77,32.89,RCB,1.5
Amit Shetty,30,West Indies,Batter,175.0,10,7663.0,141.9,9.0,7.44,20.51,GT,2.0
Pranav Malik,35,Australia,Wicketkeeper,168.0,10,3615.0,134.6,0.0,0.0,20.0,DC,5.0
Sandeep Mehta,23,India,Bowler,72.0,3,3137.0,119.5,715.0,4.24,49.43,RR,10.0
Harshit Deshmukh,20,Sri Lanka,Bowler,20.0,1,3038.0,128.3,871.0,4.55,43.75,MI,0.5
Aditya Patel,37,South Africa,Bowler,275.0,11,1816.0,125.7,609.0,4.87,51.9,GT,10.0
Karthik Singh,22,Sri Lanka,Wicketkeeper,43.0,2,8576.0,125.7,0.0,0.0,25.51,RR,7.0
Vikas Naidu,36,Sri Lanka,Wicketkeeper,285.0,10,8227.0,132.7,0.0,0.0,40.73,GT,11.0
Sameer Patel,28,West Indies,Wicketkeeper,273.0,10,4645.0,96.6,0.0,0.0,23.17,MI,10.0
Arjun Deshmukh,27,India,Batter,245.0,9,6260.0,103.2,6.0,6.55,29.08,LSG,1.0
Rohan Naidu,33,South Africa,Wicketkeeper,278.0,11,5968.0,122.2,0.0,0.0,33.01,RCB,0.2
Vikas Reddy,23,England,Batter,102.0,4,14993.0,131.7,7.0,9.12,50.67,MI,0.2
Karthik Deshmukh,30,India,Batter,80.0,5,14451.0,100.4,5.0,7.84,36.22,RR,1.0
Irfan Deshmukh,39,Sri Lanka,Bowler,427.0,18,2577.0,106.6,681.0,7.12,23.19,CSK,3.0
Sandeep Deshmukh,28,India,Wicketkeeper,212.0,10,4843.0,114.8,0.0,0.0,33.61,SRH,7.0
Aditya Iyer,26,India,Batter,126.0,6,13819.0,103.1,2.0,7.07,28.78,KKR,10.0
Harshit Singh,26,India,Batter,66.0,3,7181.0,118.2,10.0,8.39,42.14,GT,3.0
Rohan Yadav,41,India,Batter,473.5,22,5428.0,127.9,11.0,7.88,28.7,SRH,0.2
Pranav Mehta,19,India,Wicketkeeper,16.0,1,8212.0,126.3,0.0,0.0,20.83,PBKS,0.5
Rohan Deshmukh,20,England,Bowler,24.0,1,3079.0,129.4,715.0,5.64,26.37,MI,0.2
Aditya Chopra,42,Australia,Bowler,473.5,22,1160.0,108.2,235.0,4.97,22.47,KKR,1.5
Irfan Malik,34,Sri Lanka,Allrounder,127.0,8,4934.0,153.7,45.0,6.22,32.39,RCB,2.0
Rohan Mehta,32,South Africa,Batter,157.0,8,5339.0,134.2,7.0,7.61,42.7,LSG,0.2
Karthik Khan,30,India,Batter,183.0,10,8119.0,146.5,5.0,9.32,47.79,CSK,1.5
Rahul Naidu,23,India,Allrounder,54.0,2,7148.0,108.8,422.0,8.33,41.6,LSG,0.5
Amit Sharma,20,India,Wicketkeeper,24.0,1,7648.0,148.2,0.0,0.0,41.84,DC,5.0
Nikhil Sharma,37,India,Batter,387.0,13,10731.0,101.0,3.0,9.42,35.38,MI,2.0
Nikhil Kulkarni,33,Australia,Batter,46.0,3,5562.0,117.8,14.0,9.42,45.88,GT,2.0
Vikas Patel,42,India,Allrounder,33.0,2,2257.0,136.7,427.0,5.11,52.71,DC,2.0
Karthik Chopra,37,India,Batter,328.0,16,13689.0,96.3,12.0,7.34,20.98,RR,11.0
Manoj Yadav,40,West Indies,Allrounder,79.0,3,4765.0,138.4,179.0,8.12,23.73,RR,0.5
Pranav Sharma,39,England,Allrounder,291.0,13,6209.0,143.3,238.0,5.19,48.35,SRH,2.0
Arjun Singh,18,South Africa,Bowler,30.0,1,3359.0,113.1,396.0,4.46,47.3,KKR,5.0
Arjun Naidu,37,India,Batter,178.0,6,6304.0,152.4,13.0,7.84,36.84,MI,3.0
Vikas Patel,25,India,Allrounder,52.0,3,2255.0,125.6,395.0,7.37,53.0,KKR,10.0
Manoj Deshmukh,22,England,Batter,79.0,4,10866.0,108.8,6.0,7.4,31.43,SRH,1.5
Irfan Mehta,36,India,Allrounder,15.0,1,3458.0,124.9,60.0,7.98,32.4,LSG,2.0
Irfan Naidu,41,India,Bowler,156.0,7,290.0,103.0,605.0,6.07,20.19,PBKS,0.2
Nikhil Naidu,28,Sri Lanka,Bowler,16.0,1,3196.0,131.3,518.0,5.07,44.91,RR,3.0
Nikhil Yadav,26,England,Batter,136.0,5,10210.0,150.6,13.0,8.89,34.42,CSK,1.0
Rohan Sharma,40,India,Batter,473.5,21,3363.0,99.5,1.0,8.59,22.01,RR,0.5
Arjun Reddy,29,England,Bowler,137.0,5,1150.0,121.9,119.0,4.47,27.39,KKR,3.0
Rahul Naidu,35,Australia,Allrounder,407.0,17,3876.0,133.9,78.0,6.0,32.55,SRH,3.0
Ankit Chopra,25,India,Bowler,204.0,7,2707.0,119.7,439.0,6.12,25.91,RCB,0.2
Vikas Naidu,28,India,Wicketkeeper,79.0,3,3467.0,99.4,0.0,0.0,28.27,KKR,5.0
Karthik Mehta,30,West Indies,Wicketkeeper,48.0,2,3234.0,98.5,0.0,0.0,41.65,PBKS,3.0
Sameer Sharma,27,South Africa,Batter,73.0,4,4763.0,115.4,0.0,8.79,33.55,CSK,0.5
Amit Naidu,28,India,Allrounder,215.0,10,1538.0,108.4,383.0,7.86,24.17,RR,2.0
Rahul Malik,26,India,Wicketkeeper,166.0,7,6455.0,125.1,0.0,0.0,42.62,RR,5.0
Harshit Patel,25,India,Bowler,81.0,5,188.0,137.8,716.0,6.28,21.99,CSK,3.0
Nikhil Deshmukh,21,India,Allrounder,18.0,1,7121.0,109.3,235.0,6.5,46.57,GT,1.5
Nikhil Khan,35,Australia,Batter,298.0,12,13192.0,111.9,6.0,9.05,23.33,GT,1.5
Pranav Reddy,37,South Africa,Bowler,260.0,17,2575.0,101.2,511.0,4.96,31.28,SRH,3.0
Nikhil Reddy,38,India,Batter,117.0,4,6833.0,153.4,4.0,7.88,33.98,CSK,10.0
Arjun Kulkarni,42,India,Bowler,105.0,5,1531.0,105.0,296.0,4.84,26.06,RCB,5.0
Pranav Naidu,32,Sri Lanka,Allrounder,178.0,6,1804.0,140.7,210.0,5.67,22.14,RCB,0.2
Amit Kulkarni,37,West Indies,Allrounder,143.0,5,5139.0,126.4,117.0,8.49,39.05,MI,2.0
Ankit Malik,19,Sri Lanka,Wicketkeeper,27.0,1,10477.0,116.5,0.0,0.0,44.16,LSG,10.0
Rahul Yadav,41,West Indies,Wicketkeeper,385.0,15,6664.0,123.3,0.0,0.0,31.52,CSK,0.2
Sandeep Sharma,34,South Africa,Wicketkeeper,195.0,7,9465.0,110.9,0.0,0.0,52.4,CSK,11.0
Manoj Chopra,24,West Indies,Allrounder,42.0,2,4398.0,121.2,264.0,6.02,32.26,PBKS,11.0
Manoj Naidu,27,South Africa,Bowler,151.0,9,2323.0,106.2,797.0,4.33,26.63,CSK,0.2
Amit Sharma,41,West Indies,Allrounder,259.0,16,8150.0,119.4,408.0,7.43,47.37,KKR,10.0
Vikas Khan,27,West Indies,Allrounder,15.0,1,2223.0,106.5,221.0,7.48,39.7,GT,1.5
Sameer Sharma,24,England,Allrounder,21.0,1,4538.0,133.0,383.0,7.6,41.0,CSK,7.0
Pranav Khan,24,Australia,Allrounder,56.0,3,4206.0,98.4,208.0,7.59,45.6,GT,2.0
Sameer Khan,30,Sri Lanka,Allrounder,60.0,2,5765.0,129.3,194.0,5.95,28.48,MI,2.0
Amit Patel,24,India,Wicketkeeper,71.0,4,8381.0,145.3,0.0,0.0,36.82,GT,3.0
Aditya Reddy,33,England,Batter,224.0,11,13562.0,142.6,11.0,8.25,51.34,PBKS,7.0
Harshit Malik,22,India,Wicketkeeper,88.0,3,9505.0,138.9,0.0,0.0,25.21,PBKS,0.2
Ankit Mehta,19,India,Bowler,23.0,1,3035.0,132.1,777.0,7.25,41.33,PBKS,3.0
Nikhil Khan,39,England,Batter,17.0,1,14581.0,109.9,9.0,9.22,28.39,KKR,0.5
Rohan Malik,25,England,Bowler,153.0,6,2915.0,140.1,398.0,5.95,35.65,SRH,1.5
Ankit Mehta,25,India,Bowler,55.0,3,3853.0,122.2,239.0,6.41,41.36,DC,1.5
Sandeep Mehta,35,West Indies,Allrounder,236.0,13,2344.0,105.8,65.0,7.88,44.34,KKR,2.0
Arjun Shetty,31,India,Wicketkeeper,51.0,3,3203.0,142.2,0.0,0.0,35.65,DC,1.5
Ankit Mehta,19,India,Bowler,21.0,1,751.0,95.8,830.0,5.23,47.9,CSK,0.2
Amit Kulkarni,38,Australia,Wicketkeeper,201.0,12,6751.0,114.7,0.0,0.0,32.51,SRH,0.5
Rohan Shetty,34,India,Bowler,98.0,5,3606.0,124.9,427.0,5.28,44.59,KKR,0.2
Sameer Khan,37,Sri Lanka,Allrounder,218.0,11,6366.0,118.6,473.0,7.7,43.21,DC,2.0
Rohan Iyer,25,India,Wicketkeeper,144.0,5,8380.0,138.2,0.0,0.0,30.39,RR,11.0
Pranav Reddy,29,England,Bowler,18.0,1,1088.0,148.7,857.0,4.37,43.7,RCB,0.2
Vikas Shetty,39,England,Allrounder,196.0,8,8076.0,98.5,203.0,7.27,48.63,PBKS,11.0
Karthik Iyer,31,Sri Lanka,Batter,165.0,10,7051.0,145.9,13.0,7.98,54.11,CSK,5.0
Karthik Yadav,40,India,Bowler,470.0,16,3348.0,146.4,129.0,7.64,20.38,RR,3.0
Karthik Khan,21,India,Bowler,44.0,2,1158.0,99.5,814.0,7.37,49.79,LSG,5.0
Arjun Verma,35,West Indies,Batter,76.0,3,11747.0,131.6,0.0,6.98,21.33,SRH,7.0
Arjun Malik,29,Australia,Batter,48.0,3,12325.0,101.7,0.0,8.7,34.37,SRH,0.2
Harshit Singh,19,Sri Lanka,Allrounder,19.0,1,4154.0,136.7,483.0,7.86,20.21,GT,2.0
Vikas Sharma,32,India,Batter,115.0,4,3510.0,97.5,7.0,7.41,43.57,RCB,5.0
Sameer Kulkarni,32,Australia,Bowler,205.0,13,3511.0,134.3,877.5,7.68,27.85,DC,3.0
Vikas Kulkarni,29,India,Bowler,189.0,11,1710.0,153.6,364.0,5.35,27.84,SRH,7.0
Pranav Sharma,39,India,Allrounder,384.0,15,8822.0,119.0,408.0,6.97,46.89,RR,0.2
Rahul Mehta,25,South Africa,Wicketkeeper,41.0,2,10786.0,147.0,0.0,0.0,31.93,GT,5.0
Sandeep Deshmukh,28,Australia,Batter,42.0,2,8285.0,127.9,8.0,8.31,29.75,MI,3.0
Sandeep Shetty,35,India,Bowler,110.0,4,3284.0,127.3,480.0,5.03,25.39,RCB,1.5
Pranav Singh,20,India,Bowler,49.0,2,3320.0,99.1,160.0,7.08,23.31,CSK,1.5
Nikhil Singh,32,Australia,Wicketkeeper,179.0,8,3019.0,115.5,0.0,0.0,24.13,CSK,3.0
Sandeep Singh,18,India,Bowler,29.0,1,3334.0,119.0,585.0,5.81,45.26,CSK,10.0
Karthik Kulkarni,28,West Indies,Batter,159.0,10,12832.0,140.2,5.0,9.34,26.28,SRH,2.0
Manoj Khan,24,Australia,Bowler,110.0,5,1985.0,118.5,98.0,7.55,36.6,CSK,7.0
Manoj Reddy,32,England,Batter,306.0,12,13104.0,111.8,12.0,7.48,51.33,CSK,2.0
Vikas Mehta,28,India,Wicketkeeper,49.0,3,4064.0,114.9,0.0,0.0,40.25,GT,0.2
Sandeep Khan,23,West Indies,Bowler,90.0,3,2448.0,142.8,628.0,4.91,47.1,MI,0.2
Rahul Reddy,32,Australia,Batter,370.0,13,7173.0,135.9,8.0,7.04,44.64,RCB,0.2
Nikhil Reddy,29,India,Wicketkeeper,45.0,2,2737.0,128.8,0.0,0.0,41.02,MI,1.5
Irfan Chopra,25,Sri Lanka,Batter,78.0,3,8295.0,99.9,7.0,8.01,43.46,SRH,1.5
Harshit Malik,21,Sri Lanka,Batter,50.0,2,7773.0,121.3,7.0,7.64,50.1,RCB,5.0
Irfan Mehta,36,South Africa,Batter,165.0,8,7545.0,110.1,10.0,6.08,24.25,MI,5.0
Manoj Iyer,36,England,Batter,168.0,9,11104.0,111.5,10.0,6.12,54.6,CSK,0.2
Karthik Iyer,34,India,Batter,347.0,13,6113.0,134.8,6.0,6.95,24.14,DC,1.0
Sandeep Sharma,38,West Indies,Batter,143.0,8,5334.0,154.1,0.0,8.11,30.21,RR,1.0
Ankit Shetty,28,West Indies,Allrounder,67.0,4,3192.0,154.9,168.0,7.97,40.6,RCB,3.0
Irfan Malik,36,England,Allrounder,446.0,15,2726.0,135.4,470.0,6.08,49.57,LSG,0.5
Manoj Patel,25,India,Wicketkeeper,47.0,2,5047.0,105.3,0.0,0.0,35.84,CSK,0.5
Sandeep Sharma,21,India,Wicketkeeper,19.0,1,8595.0,114.2,0.0,0.0,29.92,DC,11.0
Amit Khan,28,South Africa,Bowler,56.0,2,706.0,120.3,703.0,7.27,31.87,PBKS,7.0
Rohan Kulkarni,27,Sri Lanka,Wicketkeeper,76.0,3,2771.0,131.2,0.0,0.0,27.68,PBKS,0.5
Rohan Singh,33,India,Bowler,17.0,1,1458.0,126.2,447.0,4.87,34.32,RR,2.0
Sameer Verma,28,India,Wicketkeeper,70.0,3,11833.0,112.7,0.0,0.0,21.89,RCB,1.5
Harshit Naidu,21,Australia,Allrounder,52.0,3,6930.0,144.0,330.0,6.82,49.8,DC,7.0
Ankit Verma,41,India,Allrounder,28.0,1,4139.0,131.0,194.0,5.82,49.96,PBKS,2.0
Nikhil Iyer,41,India,Bowler,407.0,16,2518.0,150.9,593.0,5.55,51.6,SRH,0.5
Manoj Patel,34,West Indies,Wicketkeeper,308.0,13,3441.0,107.5,0.0,0.0,29.06,MI,5.0
Nikhil Shetty,18,India,Allrounder,15.0,1,4904.0,106.8,86.0,5.63,51.78,GT,1.5
Irfan Sharma,35,India,Bowler,41.0,2,1514.0,98.1,522.0,7.54,40.78,KKR,1.0
Sandeep Patel,32,India,Allrounder,167.0,8,6574.0,118.4,449.0,6.97,42.11,RR,1.5
Rohan Shetty,23,India,Allrounder,73.0,3,5059.0,105.2,205.0,8.32,24.21,DC,2.0
Harshit Singh,27,India,Batter,199.0,8,11771.0,116.8,14.0,6.12,31.82,DC,1.5
Irfan Verma,33,England,Batter,154.0,6,3344.0,125.2,15.0,7.51,46.52,RCB,1.0
Sandeep Patel,41,India,Bowler,199.0,10,3196.0,114.8,560.0,5.49,48.94,RCB,1.5
Amit Sharma,41,Australia,Wicketkeeper,146.0,7,5557.0,146.0,0.0,0.0,28.15,MI,0.2
Sandeep Shetty,25,India,Bowler,54.0,2,1180.0,144.5,216.0,5.2,22.78,PBKS,7.0
Harshit Patel,38,India,Allrounder,52.0,2,6191.0,121.9,207.0,6.14,26.55,LSG,0.5
Vikas Sharma,25,India,Allrounder,140.0,5,3988.0,120.5,250.0,5.63,46.41,LSG,0.2
Vikas Deshmukh,31,India,Batter,23.0,1,12787.0,153.8,1.0,8.94,22.59,DC,5.0
Sameer Yadav,38,India,Bowler,177.0,7,799.0,140.4,470.0,4.82,38.92,MI,7.0
Aditya Naidu,41,India,Allrounder,51.0,2,5191.0,107.3,143.0,6.15,29.82,RCB,7.0
Irfan Kulkarni,20,Sri Lanka,Allrounder,28.0,1,7100.0,105.6,129.0,6.5,53.75,RR,2.0
Ankit Chopra,25,South Africa,Wicketkeeper,104.0,5,2928.0,101.5,0.0,0.0,54.5,RCB,0.5
Irfan Patel,21,India,Wicketkeeper,57.0,3,3063.0,145.5,0.0,0.0,34.81,GT,5.0
Harshit Mehta,39,India,Wicketkeeper,155.0,7,5959.0,139.4,0.0,0.0,43.5,SRH,5.0
Aditya Singh,39,Sri Lanka,Batter,241.0,10,9102.0,115.3,2.0,6.75,37.96,SRH,1.0
Sameer Iyer,28,India,Bowler,194.0,7,3314.0,127.6,640.0,6.42,36.55,RCB,10.0
Nikhil Patel,20,India,Batter,29.0,1,10697.0,124.9,0.0,7.55,35.2,PBKS,0.2
Karthik Kulkarni,20,Sri Lanka,Wicketkeeper,25.0,1,9125.0,127.5,0.0,0.0,51.08,MI,11.0
Pranav Chopra,33,South Africa,Allrounder,246.0,9,2506.0,138.4,119.0,7.21,40.91,LSG,10.0
Aditya Deshmukh,20,Australia,Wicketkeeper,39.0,2,4275.0,133.6,0.0,0.0,40.24,SRH,5.0
Karthik Verma,29,Sri Lanka,Allrounder,147.0,7,8636.0,155.0,347.0,5.09,21.18,KKR,10.0
Arjun Patel,34,India,Allrounder,158.0,6,7958.0,101.3,99.0,6.38,23.39,KKR,5.0
Sandeep Mehta,34,England,Batter,23.0,1,13936.0,120.6,8.0,8.78,48.04,DC,0.5
Ankit Iyer,28,Australia,Bowler,124.0,8,3286.0,110.4,537.0,5.04,28.79,RR,2.0
Irfan Kulkarni,21,India,Allrounder,57.0,3,2381.0,143.9,61.0,7.16,35.83,PBKS,0.2
Sandeep Naidu,26,India,Allrounder,198.0,7,3648.0,153.4,222.0,6.33,24.09,SRH,1.5
Rohan Shetty,31,India,Allrounder,97.0,5,6210.0,119.5,68.0,6.7,23.43,KKR,5.0
Manoj Singh,25,India,Bowler,150.0,5,1045.0,96.7,541.0,5.02,50.69,MI,1.5
Manoj Shetty,23,India,Bowler,132.0,5,133.0,143.9,750.0,6.31,38.25,KKR,1.5
Rahul Yadav,19,India,Batter,20.0,1,5384.0,137.1,4.0,8.1,51.78,PBKS,3.0
Rahul Singh,32,Australia,Wicketkeeper,218.0,12,8187.0,100.5,0.0,0.0,31.58,GT,10.0
Sameer Khan,40,Sri Lanka,Batter,89.0,3,7849.0,152.5,5.0,8.48,54.33,GT,0.2
Arjun Singh,23,India,Batter,32.0,2,14444.0,106.6,6.0,8.23,24.17,GT,1.5
Ankit Naidu,23,India,Wicketkeeper,112.0,5,2971.0,151.8,0.0,0.0,35.19,CSK,0.5
Aditya Malik,37,India,Batter,293.0,15,11762.0,151.0,11.0,6.68,23.66,GT,5.0
Sandeep Kulkarni,27,Australia,Wicketkeeper,93.0,4,4238.0,138.8,0.0,0.0,41.88,LSG,0.2
Rahul Naidu,35,England,Bowler,259.0,15,2426.0,115.3,570.0,4.33,25.25,GT,5.0
Irfan Khan,31,Australia,Bowler,124.0,5,2252.0,123.6,404.0,6.3,20.15,GT,1.0
Manoj Patel,21,England,Bowler,88.0,3,2211.0,116.0,488.0,7.71,29.04,LSG,0.5
Aditya Deshmukh,37,India,Wicketkeeper,81.0,5,3369.0,108.3,0.0,0.0,25.56,SRH,10.0
Manoj Patel,25,India,Batter,140.0,5,4343.0,112.7,3.0,9.5,34.19,CSK,0.2
Amit Verma,21,Australia,Wicketkeeper,30.0,1,11415.0,147.3,0.0,0.0,42.47,CSK,2.0
Karthik Verma,38,India,Bowler,335.0,16,555.0,148.9,200.0,5.4,46.24,GT,0.2
Aditya Sharma,41,India,Wicketkeeper,473.5,22,6464.0,108.7,0.0,0.0,42.53,RCB,2.0
Pranav Patel,36,India,Batter,271.0,16,9929.0,124.8,4.0,9.23,45.68,RR,2.0
Sameer Sharma,36,Sri Lanka,Batter,193.0,11,12532.0,136.4,12.0,9.4,23.59,LSG,1.5
Karthik Malik,39,India,Wicketkeeper,415.0,16,9093.0,109.7,0.0,0.0,40.83,SRH,0.5
Rohan Chopra,30,West Indies,Wicketkeeper,24.0,1,7612.0,111.5,0.0,0.0,53.51,DC,1.5
Ankit Sharma,26,West Indies,Allrounder,77.0,3,4809.0,122.4,189.0,6.42,44.56,SRH,5.0
Arjun Deshmukh,29,England,Wicketkeeper,66.0,4,5320.0,126.5,0.0,0.0,33.38,SRH,7.0
Karthik Khan,31,South Africa,Bowler,146.0,6,3853.0,130.8,323.0,4.29,50.37,RR,3.0
Sandeep Singh,21,India,Allrounder,52.0,2,5318.0,117.9,464.0,7.4,24.47,SRH,3.0
Rahul Patel,35,South Africa,Bowler,173.0,7,3901.0,151.5,191.0,7.1,33.59,RCB,0.5
Amit Malik,35,India,Allrounder,286.0,14,4169.0,119.6,309.0,7.55,37.58,RR,1.0
Aditya Deshmukh,39,Sri Lanka,Wicketkeeper,289.0,11,3538.0,145.2,0.0,0.0,22.92,PBKS,0.5
Pranav Reddy,18,West Indies,Allrounder,20.0,1,5057.0,107.9,397.0,6.86,31.89,GT,1.0
Irfan Verma,25,India,Bowler,68.0,3,2524.0,96.6,269.0,6.45,40.78,RCB,1.0
Sameer Sharma,34,India,Batter,329.0,16,4344.0,135.2,6.0,6.99,24.96,DC,2.0
Sameer Malik,30,England,Wicketkeeper,79.0,3,9102.0,139.1,0.0,0.0,42.6,RCB,3.0
Rahul Patel,21,India,Bowler,90.0,3,2247.0,149.7,359.0,7.69,29.92,SRH,11.0
Rohan Iyer,41,India,Wicketkeeper,432.0,17,7605.0,96.6,0.0,0.0,42.94,RR,0.5
Rahul Shetty,32,India,Bowler,45.0,2,1532.0,96.6,545.0,6.29,24.29,RR,5.0
Sameer Deshmukh,38,India,Bowler,108.0,7,1720.0,149.7,177.0,6.22,51.73,RCB,7.0
Manoj Chopra,21,England,Bowler,54.0,3,2513.0,118.1,791.0,4.58,21.51,PBKS,3.0
Harshit Shetty,39,India,Allrounder,283.0,16,8585.0,140.2,407.0,6.64,47.65,GT,1.0
Sandeep Yadav,24,West Indies,Allrounder,50.0,2,3579.0,100.8,388.0,6.75,33.35,DC,1.0
Vikas Shetty,29,India,Wicketkeeper,282.0,10,7546.0,150.9,0.0,0.0,28.04,GT,0.2
Rohan Mehta,30,South Africa,Wicketkeeper,18.0,1,7690.0,114.2,0.0,0.0,46.14,MI,1.0
Rahul Yadav,28,South Africa,Wicketkeeper,179.0,6,3341.0,139.0,0.0,0.0,51.93,PBKS,5.0
Pranav Singh,39,India,Wicketkeeper,224.0,10,5525.0,118.3,0.0,0.0,38.01,MI,0.2
Arjun Verma,26,England,Allrounder,78.0,3,6352.0,150.7,337.0,6.64,46.93,RR,0.5
Harshit Shetty,24,Sri Lanka,Bowler,32.0,2,1834.0,103.0,523.0,7.16,47.71,DC,5.0
Arjun Malik,35,Australia,Bowler,185.0,12,2143.0,96.4,832.0,5.65,22.1,SRH,7.0
Sandeep Naidu,26,Sri Lanka,Wicketkeeper,139.0,8,10874.0,135.7,0.0,0.0,33.02,PBKS,2.0
Karthik Deshmukh,18,Australia,Wicketkeeper,15.0,1,2899.0,147.1,0.0,0.0,45.7,MI,5.0
Sameer Verma,39,West Indies,Wicketkeeper,277.0,10,11377.0,96.3,0.0,0.0,44.04,CSK,1.5
Manoj Patel,21,West Indies,Bowler,40.0,2,1843.0,120.4,845.0,4.73,41.87,GT,0.5
Sameer Singh,28,India,Allrounder,69.0,3,3895.0,122.4,500.0,8.05,48.3,RCB,1.5
Rahul Deshmukh,23,India,Batter,20.0,1,14250.0,119.9,10.0,8.74,37.53,GT,3.0
Rahul Deshmukh,26,India,Bowler,104.0,6,3941.0,96.9,790.0,6.66,51.18,MI,11.0
Harshit Reddy,29,India,Allrounder,213.0,10,6104.0,110.0,94.0,7.69,54.34,KKR,0.2
Nikhil Kulkarni,42,Australia,Wicketkeeper,435.0,22,9673.0,105.8,0.0,0.0,51.99,GT,2.0
Rahul Naidu,31,India,Batter,246.0,10,13185.0,140.8,1.0,7.14,35.97,LSG,1.5
Sameer Yadav,40,India,Bowler,196.0,11,2455.0,104.3,728.0,6.8,29.43,LSG,2.0
Nikhil Shetty,25,West Indies,Bowler,111.0,4,3229.0,146.9,787.0,4.38,30.37,PBKS,0.2
Sameer Patel,31,India,Allrounder,284.0,12,3554.0,144.2,260.0,7.43,51.55,SRH,1.0
Aditya Deshmukh,23,India,Wicketkeeper,119.0,5,7612.0,101.4,0.0,0.0,51.26,PBKS,7.0
Rahul Mehta,40,India,Bowler,266.0,11,1942.0,139.2,207.0,4.75,45.51,CSK,3.0
Amit Verma,23,South Africa,Allrounder,48.0,3,5655.0,108.2,376.0,5.03,37.22,LSG,2.0
Karthik Yadav,25,Australia,Batter,158.0,7,3784.0,150.1,0.0,7.47,32.59,DC,1.0
Aditya Verma,41,Sri Lanka,Wicketkeeper,441.0,16,9660.0,151.2,0.0,0.0,36.08,CSK,1.0
Rohan Verma,34,India,Wicketkeeper,260.0,12,8067.0,152.9,0.0,0.0,45.81,PBKS,1.5
Rohan Chopra,36,South Africa,Bowler,192.0,8,1307.0,101.3,395.0,7.15,40.51,GT,7.0
Amit Iyer,31,India,Batter,248.0,9,9912.0,112.9,8.0,6.5,41.82,RCB,11.0
Rahul Deshmukh,30,England,Bowler,178.0,6,3641.0,97.4,711.0,6.76,38.58,LSG,2.0
Sandeep Kulkarni,28,Australia,Wicketkeeper,182.0,10,6041.0,128.9,0.0,0.0,22.76,LSG,1.5
Sameer Malik,25,West Indies,Batter,89.0,3,6941.0,137.8,9.0,7.75,21.86,RCB,7.0
Amit Yadav,25,England,Wicketkeeper,113.0,6,8929.0,140.6,0.0,0.0,40.17,LSG,2.0
Karthik Singh,37,India,Allrounder,307.0,14,6766.0,108.1,351.0,7.92,49.16,KKR,3.0
Manoj Chopra,21,India,Allrounder,22.0,1,2544.0,119.2,287.0,5.33,26.98,PBKS,1.0
Manoj Yadav,30,West Indies,Batter,140.0,7,11576.0,137.3,3.0,9.07,20.89,PBKS,5.0
Harshit Shetty,21,England,Bowler,33.0,2,714.0,112.5,877.5,4.04,25.01,RCB,3.0
Arjun Patel,28,India,Allrounder,142.0,8,4020.0,134.8,261.0,7.21,52.97,DC,7.0
Irfan Yadav,38,West Indies,Wicketkeeper,33.0,2,11091.0,152.1,0.0,0.0,43.06,PBKS,7.0
Rohan Iyer,18,South Africa,Allrounder,15.0,1,6500.0,116.5,361.0,5.02,37.96,CSK,0.5
Amit Sharma,37,West Indies,Wicketkeeper,193.0,8,6727.0,125.0,0.0,0.0,41.12,LSG,5.0
Harshit Sharma,36,India,Allrounder,167.0,7,5212.0,148.1,132.0,8.36,23.81,RR,7.0
Amit Naidu,24,India,Bowler,89.0,5,981.0,145.0,387.0,5.01,48.85,DC,1.5
Karthik Mehta,35,West Indies,Allrounder,238.0,14,1598.0,138.8,164.0,5.96,43.52,RR,0.5
Sandeep Verma,23,India,Bowler,30.0,1,910.0,107.1,775.0,5.8,51.1,CSK,0.2
Ankit Mehta,23,Australia,Batter,101.0,5,4056.0,105.1,4.0,8.37,44.67,DC,2.0
Rohan Sharma,26,Australia,Wicketkeeper,105.0,7,7427.0,139.5,0.0,0.0,51.04,CSK,1.5
Irfan Verma,25,India,Batter,97.0,4,9134.0,154.3,14.0,6.78,25.37,MI,3.0
Sameer Sharma,40,India,Wicketkeeper,153.0,8,3155.0,131.0,0.0,0.0,43.0,RR,0.5
Amit Sharma,29,Sri Lanka,Bowler,35.0,2,954.0,123.5,658.0,5.59,51.18,DC,7.0
Karthik Mehta,29,West Indies,Bowler,70.0,4,928.0,124.8,305.0,6.45,24.49,MI,1.0
Rahul Reddy,21,South Africa,Wicketkeeper,60.0,2,11519.0,95.4,0.0,0.0,24.37,RCB,1.0
Rohan Chopra,20,Australia,Allrounder,39.0,2,8194.0,140.8,106.0,8.35,53.85,MI,2.0
Ankit Malik,38,India,Bowler,160.0,8,1660.0,135.8,130.0,4.14,21.55,RCB,2.0
Rohan Khan,22,Australia,Bowler,59.0,2,1623.0,117.9,619.0,6.97,23.35,LSG,0.5
Karthik Patel,33,England,Bowler,240.0,10,3017.0,111.8,153.0,6.16,43.09,GT,1.0
Vikas Deshmukh,25,Sri Lanka,Batter,116.0,4,12821.0,137.3,14.0,8.3,54.74,DC,0.5
Arjun Kulkarni,35,India,Wicketkeeper,29.0,1,10888.0,118.2,0.0,0.0,36.29,SRH,5.0
Nikhil Shetty,31,South Africa,Bowler,196.0,8,901.0,129.7,664.0,7.06,21.3,KKR,7.0
Sandeep Sharma,27,India,Wicketkeeper,116.0,6,7684.0,145.6,0.0,0.0,21.8,RCB,2.0
Rohan Chopra,23,India,Batter,23.0,1,9838.0,101.1,2.0,6.6,22.73,MI,5.0
Vikas Patel,25,West Indies,Bowler,130.0,5,814.0,98.3,781.0,4.1,35.49,KKR,5.0
Vikas Shetty,39,India,Bowler,221.0,10,2487.0,102.6,281.0,4.96,43.05,DC,0.5
Amit Khan,33,India,Batter,298.0,12,9519.0,96.1,5.0,6.79,34.64,SRH,11.0
Irfan Sharma,35,India,Batter,183.0,11,9746.0,114.1,8.0,7.09,35.58,KKR,7.0
Vikas Mehta,19,South Africa,Batter,19.0,1,4890.0,132.0,3.0,8.34,52.8,LSG,0.5
Nikhil Sharma,34,India,Wicketkeeper,17.0,1,4266.0,126.1,0.0,0.0,36.54,SRH,0.5
Rahul Mehta,27,India,Bowler,178.0,9,0.0,140.3,464.0,4.81,24.93,PBKS,0.5
Rahul Chopra,22,India,Allrounder,49.0,3,6974.0,120.3,253.0,6.72,43.04,DC,0.5
Pranav Patel,42,India,Allrounder,364.0,14,6517.0,151.8,228.0,8.21,25.87,DC,5.0
Manoj Chopra,33,India,Allrounder,345.0,12,3373.0,143.7,169.0,5.92,38.14,MI,2.0
Vikas Malik,25,India,Allrounder,18.0,1,3623.0,137.6,339.0,6.59,41.07,RCB,7.0
Sameer Deshmukh,25,India,Bowler,95.0,5,851.0,130.0,455.0,7.69,36.31,GT,5.0
Vikas Verma,40,India,Wicketkeeper,473.5,20,5225.0,127.6,0.0,0.0,48.3,LSG,3.0
Rahul Khan,41,India,Wicketkeeper,159.0,9,9391.0,131.8,0.0,0.0,42.65,PBKS,5.0
Pranav Khan,28,India,Wicketkeeper,45.0,3,11415.0,153.3,0.0,0.0,41.64,LSG,0.2
Pranav Verma,33,India,Bowler,281.0,12,1174.0,136.5,617.0,5.45,43.08,CSK,1.0
Sameer Deshmukh,42,England,Batter,56.0,2,13841.0,123.0,9.0,6.05,46.0,RCB,3.0
Sameer Malik,18,Sri Lanka,Allrounder,28.0,1,4496.0,141.8,73.0,6.75,35.78,RR,0.2
Aditya Naidu,33,India,Wicketkeeper,55.0,3,11971.0,154.0,0.0,0.0,30.25,DC,0.2
Pranav Reddy,21,England,Bowler,28.0,1,1198.0,120.8,344.0,4.35,38.96,DC,7.0
Amit Sharma,21,England,Bowler,49.0,2,4.0,109.5,303.0,5.33,43.52,MI,5.0
Amit Yadav,35,India,Allrounder,107.0,6,7015.0,132.9,299.0,6.32,47.27,CSK,1.0
Vikas Reddy,25,Australia,Allrounder,152.0,7,4643.0,117.5,257.0,7.66,39.88,SRH,5.0
Manoj Reddy,24,England,Batter,16.0,1,7700.0,147.2,8.0,7.57,50.76,PBKS,7.0
Irfan Verma,18,South Africa,Wicketkeeper,26.0,1,3591.0,115.6,0.0,0.0,23.21,SRH,1.0
Karthik Kulkarni,28,India,Batter,208.0,8,6798.0,117.0,1.0,6.59,39.75,PBKS,0.2
Harshit Verma,18,India,Bowler,23.0,1,3301.0,114.9,383.0,6.5,43.36,PBKS,10.0
Karthik Verma,28,West Indies,Batter,108.0,6,11926.0,134.1,0.0,9.28,25.55,RCB,1.5
Nikhil Kulkarni,24,Australia,Wicketkeeper,93.0,6,3357.0,129.8,0.0,0.0,38.97,SRH,0.2
Sameer Singh,18,West Indies,Batter,30.0,1,10767.0,116.0,1.0,9.05,34.8,RR,2.0
Irfan Verma,25,South Africa,Wicketkeeper,128.0,6,7439.0,130.9,0.0,0.0,38.35,PBKS,7.0
Irfan Reddy,22,South Africa,Batter,56.0,2,14196.0,97.4,5.0,8.52,39.72,PBKS,1.0
Nikhil Naidu,40,Sri Lanka,Wicketkeeper,374.0,17,7307.0,102.3,0.0,0.0,31.03,PBKS,1.0
Sameer Yadav,34,Sri Lanka,Wicketkeeper,197.0,11,4606.0,134.7,0.0,0.0,25.51,DC,1.0
Ankit Iyer,39,India,Batter,151.0,7,14275.0,137.2,14.0,7.08,42.78,RR,11.0
Ankit Naidu,36,West Indies,Batter,180.0,10,3388.0,129.6,1.0,6.32,25.15,DC,0.5
Rohan Naidu,20,India,Allrounder,35.0,2,3639.0,122.6,230.0,5.88,23.83,DC,3.0
Pranav Mehta,33,Australia,Wicketkeeper,92.0,4,3121.0,154.6,0.0,0.0,25.79,GT,10.0
Harshit Sharma,40,India,Bowler,57.0,2,3996.0,144.8,610.0,6.97,54.81,KKR,0.5
Karthik Chopra,33,South Africa,Batter,392.0,14,4111.0,147.4,15.0,7.5,53.51,PBKS,11.0
Pranav Khan,34,England,Bowler,205.0,8,237.0,123.8,692.0,4.66,22.1,RCB,11.0
Aditya Malik,40,Sri Lanka,Allrounder,74.0,4,2800.0,129.9,131.0,7.17,27.14,DC,10.0
Aditya Iyer,22,India,Bowler,32.0,2,1857.0,97.2,447.0,7.03,48.22,RR,0.5
Nikhil Deshmukh,27,West Indies,Wicketkeeper,58.0,3,5237.0,96.6,0.0,0.0,42.99,GT,3.0
Rohan Iyer,19,Australia,Bowler,21.0,1,2679.0,110.1,715.0,4.3,45.27,KKR,7.0
Rahul Deshmukh,38,Australia,Wicketkeeper,54.0,2,7936.0,111.8,0.0,0.0,37.89,GT,11.0
Sandeep Naidu,30,England,Wicketkeeper,302.0,12,5725.0,149.9,0.0,0.0,21.74,GT,0.5
Pranav Deshmukh,18,Australia,Bowler,24.0,1,1966.0,98.9,794.0,7.08,24.44,PBKS,7.0
Manoj Naidu,32,India,Allrounder,50.0,2,6325.0,154.6,411.0,5.42,26.31,KKR,1.5
Rahul Yadav,41,India,Bowler,33.0,2,2138.0,154.5,297.0,7.41,33.43,LSG,0.5
Amit Khan,23,India,Allrounder,87.0,4,6335.0,141.7,187.0,7.21,33.74,KKR,2.0
Vikas Verma,38,West Indies,Allrounder,375.0,16,2403.0,121.0,429.0,5.57,47.02,MI,7.0
Pranav Reddy,42,India,Wicketkeeper,275.0,12,3496.0,141.8,0.0,0.0,28.07,DC,2.0
Rohan Khan,22,West Indies,Wicketkeeper,19.0,1,3908.0,105.5,0.0,0.0,52.22,DC,3.0
Ankit Patel,36,South Africa,Batter,212.0,10,11382.0,139.1,13.0,6.15,21.62,LSG,11.0
Rohan Khan,20,India,Allrounder,16.0,1,3095.0,149.3,113.0,7.93,30.41,CSK,1.5
Ankit Singh,29,England,Allrounder,72.0,4,6394.0,123.8,269.0,5.26,30.45,PBKS,3.0
Irfan Reddy,23,India,Allrounder,28.0,1,7304.0,134.9,425.0,6.46,27.34,CSK,1.5
Nikhil Iyer,27,England,Batter,81.0,3,11057.0,142.0,7.0,7.25,42.53,RCB,1.5
Harshit Sharma,37,India,Wicketkeeper,220.0,14,8875.0,114.6,0.0,0.0,43.25,LSG,5.0
Aditya Shetty,40,India,Batter,15.0,1,6669.0,130.5,4.0,8.68,28.38,MI,10.0
Vikas Singh,23,India,Bowler,36.0,2,2818.0,143.2,585.0,4.0,48.79,SRH,3.0
Vikas Malik,41,England,Allrounder,237.0,9,1808.0,99.6,444.0,7.44,40.48,RR,7.0
Aditya Verma,22,India,Wicketkeeper,65.0,4,8979.0,144.3,0.0,0.0,33.64,MI,0.2
Rohan Singh,25,South Africa,Bowler,98.0,5,686.0,130.3,312.0,4.75,48.92,PBKS,0.5
Rohan Deshmukh,37,Australia,Bowler,295.0,16,2343.0,130.8,517.0,4.19,42.51,GT,2.0
Nikhil Khan,41,South Africa,Batter,372.0,22,10514.0,134.0,6.0,8.11,42.1,PBKS,0.2
Ankit Patel,36,India,Batter,74.0,3,4142.0,109.1,1.0,6.46,41.66,DC,1.0
Harshit Malik,34,India,Wicketkeeper,89.0,3,8093.0,96.1,0.0,0.0,42.22,DC,2.0
Aditya Kulkarni,36,England,Allrounder,372.0,18,6623.0,109.4,476.0,7.33,40.93,MI,0.2
Arjun Yadav,22,India,Bowler,23.0,1,617.0,110.6,746.0,6.03,36.2,DC,1.0
Aditya Patel,26,India,Batter,177.0,6,11723.0,120.6,0.0,9.18,42.04,DC,2.0
Irfan Chopra,19,India,Allrounder,25.0,1,5160.0,99.7,376.0,5.12,22.85,RR,3.0
Sameer Malik,32,Australia,Bowler,298.0,13,2903.0,116.0,716.0,6.96,27.97,RCB,10.0
Nikhil Malik,38,West Indies,Allrounder,345.0,13,5050.0,105.2,142.0,7.62,28.63,RCB,5.0
Arjun Sharma,42,India,Wicketkeeper,470.0,17,8679.0,120.9,0.0,0.0,31.6,MI,2.0
Amit Singh,36,Sri Lanka,Batter,156.0,7,7581.0,115.3,5.0,8.05,33.75,SRH,10.0
Rohan Iyer,41,India,Allrounder,288.0,10,2240.0,148.1,499.0,8.02,48.97,GT,7.0
Ankit Singh,34,India,Bowler,153.0,7,1619.0,129.2,877.5,7.29,42.62,MI,0.5
Karthik Kulkarni,41,India,Batter,473.5,20,5575.0,142.1,14.0,7.95,39.29,GT,0.5
Manoj Mehta,23,West Indies,Bowler,27.0,1,1753.0,143.6,99.0,4.42,46.62,CSK,5.0
Vikas Patel,23,England,Wicketkeeper,57.0,2,3286.0,144.2,0.0,0.0,26.67,RR,3.0
Rohan Malik,21,Australia,Bowler,87.0,3,40.0,112.7,847.0,5.03,37.78,CSK,7.0
Sameer Patel,39,South Africa,Allrounder,105.0,7,6946.0,118.1,384.0,5.47,26.38,LSG,5.0
Vikas Khan,37,Sri Lanka,Batter,362.0,16,13214.0,137.4,6.0,6.93,49.92,LSG,3.0
Amit Verma,34,India,Allrounder,264.0,13,8251.0,129.0,117.0,5.08,21.26,LSG,11.0
Aditya Verma,19,West Indies,Wicketkeeper,28.0,1,5589.0,100.1,0.0,0.0,44.68,LSG,3.0
Vikas Sharma,29,India,Allrounder,183.0,10,4675.0,143.8,349.0,7.57,36.6,MI,0.2
Vikas Kulkarni,27,Australia,Allrounder,56.0,2,3123.0,105.0,102.0,8.01,28.74,DC,7.0
Pranav Kulkarni,34,India,Batter,398.0,16,12004.0,142.9,5.0,6.47,28.0,DC,1.0
Irfan Iyer,22,India,Wicketkeeper,20.0,1,5462.0,104.3,0.0,0.0,41.81,DC,7.0
Pranav Sharma,26,Australia,Allrounder,21.0,1,5848.0,97.7,164.0,5.27,23.74,LSG,11.0
Sandeep Khan,26,India,Wicketkeeper,40.0,2,4676.0,95.0,0.0,0.0,44.39,KKR,5.0
Rohan Khan,34,India,Allrounder,385.0,16,2420.0,107.6,140.0,6.97,28.16,CSK,3.0
Karthik Reddy,24,India,Bowler,48.0,2,3920.0,125.1,264.0,7.08,44.45,CSK,2.0
Sameer Reddy,21,West Indies,Batter,47.0,3,9364.0,109.3,8.0,7.58,53.96,DC,1.5
Harshit Singh,24,India,Allrounder,168.0,6,6266.0,102.9,299.0,6.98,34.21,MI,1.5
Irfan Patel,31,India,Bowler,146.0,7,2082.0,107.8,330.0,5.25,52.67,GT,3.0
Nikhil Sharma,18,South Africa,Wicketkeeper,21.0,1,7677.0,147.9,0.0,0.0,26.97,SRH,5.0
Vikas Deshmukh,18,West Indies,Wicketkeeper,25.0,1,6365.0,116.1,0.0,0.0,46.68,MI,5.0
Vikas Yadav,32,Australia,Allrounder,201.0,8,1864.0,130.5,331.0,5.73,44.49,DC,0.5
Sameer Iyer,28,India,Bowler,72.0,4,3487.0,137.4,816.0,6.49,44.73,SRH,2.0
Nikhil Shetty,28,Australia,Wicketkeeper,24.0,1,6485.0,152.9,0.0,0.0,32.13,GT,7.0
Sandeep Singh,24,Sri Lanka,Batter,101.0,6,13877.0,96.3,5.0,9.08,30.09,SRH,2.0
Irfan Shetty,33,South Africa,Batter,199.0,9,8066.0,134.1,11.0,6.17,23.53,RR,3.0
Harshit Chopra,38,West Indies,Wicketkeeper,362.0,14,5296.0,145.7,0.0,0.0,42.63,RR,7.0
Aditya Singh,30,India,Allrounder,302.0,12,7780.0,137.9,491.0,5.1,50.17,MI,5.0
Arjun Deshmukh,19,South Africa,Batter,16.0,1,9478.0,96.8,7.0,8.31,50.03,KKR,2.0
Harshit Deshmukh,41,England,Batter,318.0,16,8852.0,117.7,13.0,8.56,31.5,DC,10.0
Ankit Verma,40,Australia,Batter,210.0,11,6614.0,147.0,13.0,7.68,28.82,MI,0.5
Amit Mehta,20,India,Allrounder,37.0,2,6726.0,146.9,374.0,5.35,20.92,SRH,11.0
Harshit Singh,35,India,Bowler,124.0,6,2912.0,113.3,114.0,7.46,37.79,GT,0.2
Pranav Patel,20,India,Batter,26.0,1,3569.0,149.1,9.0,6.46,46.24,PBKS,0.2
Pranav Chopra,41,South Africa,Bowler,228.0,10,3905.0,136.0,404.0,7.51,26.46,MI,10.0
Amit Kulkarni,34,India,Batter,59.0,2,8431.0,124.2,11.0,7.08,41.25,RR,1.0
Harshit Iyer,21,India,Wicketkeeper,63.0,3,6968.0,150.6,0.0,0.0,33.44,RR,5.0
Ankit Malik,29,India,Wicketkeeper,127.0,6,10595.0,137.2,0.0,0.0,53.64,GT,7.0
Aditya Deshmukh,31,West Indies,Bowler,199.0,9,1462.0,146.8,683.0,4.58,34.72,DC,7.0
Amit Singh,33,India,Bowler,88.0,3,351.0,112.6,472.0,6.78,31.69,CSK,11.0
Manoj Chopra,18,South Africa,Bowler,30.0,1,1877.0,153.3,586.0,4.1,48.47,SRH,1.0
Nikhil Iyer,31,India,Batter,328.0,12,10634.0,155.0,12.0,6.33,41.18,CSK,5.0
Ankit Singh,25,Sri Lanka,Wicketkeeper,99.0,4,7368.0,146.2,0.0,0.0,22.33,DC,0.2
Pranav Kulkarni,41,India,Batter,228.0,8,9274.0,135.2,12.0,7.36,23.73,PBKS,2.0
Manoj Iyer,32,India,Batter,40.0,2,5931.0,121.6,4.0,7.71,27.56,DC,7.0
Sandeep Malik,37,India,Wicketkeeper,188.0,8,10304.0,113.0,0.0,0.0,53.85,PBKS,1.5
Sameer Kulkarni,38,England,Bowler,412.0,19,2562.0,107.8,544.0,5.1,38.77,LSG,3.0
Ankit Patel,38,India,Wicketkeeper,116.0,5,11021.0,135.3,0.0,0.0,45.38,KKR,2.0
Irfan Sharma,41,India,Bowler,247.0,13,3497.0,97.2,616.0,6.87,33.78,LSG,5.0
Pranav Naidu,36,England,Wicketkeeper,211.0,9,3348.0,141.4,0.0,0.0,51.67,GT,11.0
Sameer Singh,32,India,Allrounder,220.0,10,2194.0,98.1,92.0,7.11,33.88,KKR,0.2
Rohan Malik,23,India,Wicketkeeper,50.0,2,11399.0,99.5,0.0,0.0,46.2,RR,3.0
Nikhil Reddy,28,India,Wicketkeeper,15.0,1,9008.0,98.8,0.0,0.0,26.5,LSG,10.0
Rohan Sharma,42,England,Wicketkeeper,139.0,9,6164.0,120.0,0.0,0.0,36.19,DC,2.0
Rahul Khan,33,India,Batter,131.0,6,8970.0,122.8,15.0,7.42,44.96,RR,0.2
Irfan Naidu,41,Sri Lanka,Allrounder,51.0,2,2016.0,127.9,107.0,6.29,30.62,GT,3.0
Arjun Naidu,25,England,Bowler,91.0,4,1640.0,131.8,611.0,5.34,37.17,KKR,1.5
Sandeep Mehta,29,England,Allrounder,132.0,7,7703.0,128.6,442.0,7.53,48.13,RR,0.5
Nikhil Singh,37,Sri Lanka,Batter,326.0,19,11137.0,124.5,14.0,7.55,43.45,SRH,7.0
Arjun Reddy,26,Australia,Wicketkeeper,52.0,2,7050.0,108.3,0.0,0.0,33.51,LSG,3.0
Aditya Khan,34,India,Batter,363.0,13,13710.0,96.7,13.0,8.19,35.29,DC,10.0
Rohan Verma,18,England,Batter,22.0,1,8625.0,153.0,3.0,8.1,50.7,KKR,7.0
Pranav Malik,18,India,Wicketkeeper,29.0,1,9572.0,111.8,0.0,0.0,37.75,LSG,5.0
Harshit Singh,18,India,Allrounder,16.0,1,6864.0,109.4,454.0,5.2,47.12,KKR,0.2
Rohan Patel,40,India,Bowler,347.0,15,1131.0,110.5,855.0,4.47,53.04,DC,2.0
Sandeep Chopra,39,India,Batter,100.0,5,3969.0,141.9,9.0,8.88,50.26,MI,0.5
Rahul Shetty,25,India,Batter,174.0,7,11052.0,102.2,11.0,8.62,38.08,GT,10.0
Rohan Patel,42,South Africa,Wicketkeeper,107.0,7,2902.0,121.7,0.0,0.0,30.89,RCB,0.5
Rohan Singh,23,South Africa,Wicketkeeper,64.0,4,11054.0,145.0,0.0,0.0,36.24,GT,1.0
Harshit Sharma,36,India,Bowler,210.0,9,2195.0,111.5,627.0,4.23,28.0,RR,2.0
Sameer Kulkarni,32,India,Bowler,171.0,9,1428.0,133.8,279.0,7.37,39.61,CSK,1.0
Harshit Singh,42,India,Allrounder,215.0,14,4069.0,134.0,136.0,6.77,46.42,RCB,0.5
Vikas Sharma,35,England,Batter,176.0,10,8637.0,151.3,14.0,7.94,54.19,RCB,3.0
Irfan Khan,42,England,Wicketkeeper,105.0,4,7377.0,154.7,0.0,0.0,43.43,MI,0.2
Vikas Mehta,31,Australia,Bowler,158.0,8,435.0,119.3,639.0,7.54,50.09,CSK,0.2
Karthik Patel,29,India,Batter,293.0,11,6272.0,149.2,11.0,9.18,49.08,MI,1.5
Vikas Singh,20,Sri Lanka,Wicketkeeper,42.0,2,8522.0,119.4,0.0,0.0,25.56,SRH,5.0
Sameer Verma,35,South Africa,Allrounder,180.0,9,1515.0,141.0,257.0,6.17,28.15,LSG,3.0
Harshit Chopra,36,Sri Lanka,Allrounder,147.0,8,5232.0,128.9,48.0,6.67,41.14,RR,2.0
Aditya Mehta,39,South Africa,Batter,105.0,6,10839.0,134.7,8.0,9.28,47.52,LSG,3.0
Rohan Deshmukh,24,Sri Lanka,Wicketkeeper,35.0,2,5535.0,129.9,0.0,0.0,49.18,MI,1.5
Rohan Singh,29,West Indies,Batter,132.0,6,3365.0,107.6,3.0,6.92,52.42,GT,10.0
Nikhil Patel,35,India,Batter,97.0,6,5795.0,135.3,12.0,8.43,36.36,CSK,0.2
Amit Kulkarni,25,India,Batter,162.0,7,14779.0,128.3,7.0,7.32,24.22,MI,5.0
Rohan Sharma,36,India,Bowler,243.0,9,2772.0,122.3,80.0,5.73,38.84,KKR,10.0
Irfan Malik,32,West Indies,Wicketkeeper,283.0,11,5383.0,133.1,0.0,0.0,53.51,MI,7.0
Vikas Verma,37,India,Batter,413.0,16,9102.0,148.0,5.0,8.28,39.47,DC,0.5
Rohan Verma,39,Australia,Bowler,50.0,2,3396.0,99.2,292.0,6.38,24.66,RR,1.0
Sandeep Iyer,37,Sri Lanka,Allrounder,365.0,16,6362.0,118.7,412.0,7.03,47.96,DC,5.0
Rohan Malik,34,India,Batter,155.0,8,8263.0,147.9,6.0,7.9,54.03,RCB,0.2
Vikas Iyer,34,India,Bowler,94.0,6,280.0,118.7,687.0,4.56,43.27,MI,7.0
Sameer Kulkarni,24,India,Wicketkeeper,92.0,5,9008.0,113.3,0.0,0.0,29.35,GT,5.0
Ankit Reddy,32,India,Bowler,83.0,3,3578.0,153.8,374.0,7.09,47.08,MI,5.0
Rohan Naidu,24,South Africa,Batter,68.0,4,12608.0,121.6,14.0,7.83,38.89,DC,0.2
Ankit Singh,35,India,Bowler,143.0,5,3828.0,125.2,736.0,5.76,27.12,KKR,5.0
Rohan Malik,40,South Africa,Allrounder,473.5,21,1846.0,140.3,193.0,8.16,43.83,SRH,5.0
Manoj Yadav,34,Sri Lanka,Allrounder,117.0,7,8164.0,112.1,260.0,8.32,22.84,SRH,7.0
Rahul Malik,35,Sri Lanka,Batter,299.0,17,3949.0,154.9,13.0,8.89,40.25,LSG,0.2
Rohan Sharma,37,England,Allrounder,201.0,13,1923.0,141.8,114.0,5.21,22.58,RR,0.2
Aditya Verma,24,Australia,Wicketkeeper,47.0,3,10223.0,127.4,0.0,0.0,29.71,MI,1.5
Irfan Iyer,32,India,Allrounder,40.0,2,4018.0,122.1,165.0,8.2,51.45,MI,0.5
Karthik Patel,28,India,Bowler,52.0,2,1068.0,118.2,685.0,5.14,53.15,GT,3.0
Harshit Iyer,38,India,Bowler,255.0,16,2943.0,129.7,639.0,4.76,33.6,PBKS,10.0
Arjun Malik,19,West Indies,Wicketkeeper,25.0,1,3903.0,141.5,0.0,0.0,24.53,DC,1.5
Arjun Mehta,39,India,Bowler,473.5,20,1776.0,136.9,681.0,5.66,34.25,RCB,7.0
Sameer Yadav,31,India,Batter,261.0,13,11044.0,137.3,13.0,6.2,37.61,GT,0.2
Manoj Shetty,22,South Africa,Allrounder,67.0,4,4218.0,131.8,373.0,5.04,52.2,MI,0.5
Arjun Reddy,38,England,Batter,30.0,2,6884.0,130.4,10.0,6.39,45.5,CSK,0.2
Arjun Shetty,19,India,Wicketkeeper,18.0,1,6678.0,99.2,0.0,0.0,20.79,RR,1.5
Karthik Sharma,18,Australia,Wicketkeeper,29.0,1,2836.0,122.9,0.0,0.0,47.69,KKR,10.0
Vikas Naidu,19,South Africa,Wicketkeeper,24.0,1,8646.0,104.6,0.0,0.0,49.28,SRH,0.2
Amit Kulkarni,22,Australia,Allrounder,44.0,2,5066.0,114.9,125.0,7.3,38.05,LSG,3.0
Aditya Kulkarni,20,India,Bowler,15.0,1,307.0,108.0,482.0,7.67,37.48,DC,2.0
Amit Naidu,34,India,Wicketkeeper,227.0,9,10419.0,132.5,0.0,0.0,24.83,MI,10.0
Karthik Patel,28,Australia,Batter,57.0,2,14339.0,95.8,0.0,6.15,31.36,SRH,0.5
Arjun Malik,24,England,Bowler,85.0,3,1657.0,143.2,532.0,4.28,54.91,LSG,0.5
Aditya Patel,24,India,Batter,149.0,6,9294.0,121.0,12.0,6.21,20.9,CSK,0.2
Nikhil Patel,18,South Africa,Wicketkeeper,17.0,1,8133.0,103.0,0.0,0.0,31.3,RCB,2.0
Manoj Mehta,26,India,Allrounder,22.0,1,6332.0,151.4,490.0,6.38,33.85,MI,1.0
Amit Sharma,24,India,Batter,64.0,3,13474.0,109.7,10.0,7.74,20.0,KKR,10.0
Rahul Kulkarni,24,Australia,Bowler,91.0,5,591.0,99.9,175.0,7.42,53.75,LSG,3.0
Rahul Singh,31,India,Batter,115.0,6,9340.0,131.3,14.0,6.46,54.98,LSG,3.0
Vikas Malik,39,India,Allrounder,285.0,17,4696.0,120.4,494.0,5.48,47.31,LSG,3.0
Pranav Chopra,25,Australia,Wicketkeeper,141.0,5,3719.0,96.9,0.0,0.0,44.14,RCB,0.2
Nikhil Naidu,33,India,Bowler,212.0,13,378.0,109.2,776.0,4.31,25.6,MI,2.0
Ankit Sharma,28,Australia,Bowler,189.0,9,1141.0,105.8,761.0,7.45,21.42,GT,11.0
Sandeep Patel,23,India,Batter,20.0,1,12621.0,115.8,3.0,8.06,34.2,GT,7.0
Sameer Malik,26,India,Allrounder,172.0,6,6914.0,139.9,203.0,5.42,41.05,LSG,10.0
Sandeep Patel,27,England,Bowler,97.0,4,2876.0,105.3,447.0,5.38,40.77,RCB,7.0
Sandeep Khan,38,Australia,Bowler,205.0,10,3029.0,113.7,704.0,6.96,20.91,SRH,0.2
Karthik Chopra,23,India,Batter,40.0,2,14859.0,135.9,0.0,6.75,54.62,MI,1.0
Aditya Chopra,35,South Africa,Batter,253.0,9,5632.0,113.4,7.0,6.05,22.17,MI,0.2
Nikhil Yadav,42,India,Wicketkeeper,199.0,7,3216.0,114.0,0.0,0.0,34.21,DC,1.0
Rahul Singh,32,Australia,Allrounder,100.0,4,3239.0,99.8,225.0,8.22,47.2,KKR,0.2
Rahul Singh,31,India,Allrounder,233.0,8,6541.0,143.7,194.0,6.38,37.97,SRH,2.0
Rohan Singh,31,South Africa,Wicketkeeper,36.0,2,10506.0,97.4,0.0,0.0,53.12,DC,5.0
Arjun Naidu,35,England,Batter,32.0,2,6719.0,130.9,0.0,6.29,50.72,MI,10.0
Rohan Sharma,18,South Africa,Bowler,18.0,1,716.0,128.2,740.0,4.3,48.85,PBKS,5.0
Harshit Iyer,36,South Africa,Wicketkeeper,104.0,6,11400.0,154.2,0.0,0.0,45.35,KKR,10.0
Karthik Mehta,42,Sri Lanka,Allrounder,86.0,4,3853.0,137.0,107.0,5.97,44.7,LSG,0.2
Amit Naidu,24,India,Allrounder,101.0,4,6691.0,146.3,197.0,7.45,23.06,PBKS,0.2
Sandeep Yadav,32,India,Allrounder,116.0,6,7170.0,133.4,395.0,5.38,53.39,CSK,5.0
Sandeep Yadav,28,India,Batter,16.0,1,4695.0,152.6,3.0,7.63,52.83,RCB,1.0
Nikhil Yadav,40,India,Allrounder,170.0,6,4405.0,149.6,391.0,8.16,51.44,SRH,1.0
Rahul Malik,34,India,Bowler,122.0,5,311.0,136.7,185.0,7.12,20.85,RCB,1.5
Sameer Sharma,19,South Africa,Allrounder,26.0,1,6424.0,103.1,443.0,5.46,20.82,RR,1.0
Manoj Malik,40,Australia,Allrounder,230.0,8,1979.0,150.2,52.0,5.41,43.23,MI,2.0
Pranav Singh,35,West Indies,Allrounder,85.0,4,1592.0,142.6,246.0,6.09,37.09,RCB,2.0
Karthik Deshmukh,35,Australia,Batter,137.0,5,14848.0,148.1,0.0,6.5,31.85,SRH,2.0
Sandeep Iyer,33,Australia,Allrounder,144.0,5,6247.0,112.4,266.0,7.45,37.5,SRH,5.0
Manoj Sharma,30,Sri Lanka,Batter,85.0,4,12319.0,104.4,9.0,8.86,54.2,CSK,1.5
Pranav Chopra,20,India,Allrounder,53.0,2,8810.0,127.0,77.0,5.25,52.06,LSG,1.0
Amit Shetty,29,India,Allrounder,66.0,3,3932.0,108.9,96.0,8.31,25.04,RR,0.5
Arjun Kulkarni,38,India,Wicketkeeper,216.0,14,7034.0,138.5,0.0,0.0,21.47,DC,1.5
Karthik Shetty,27,West Indies,Wicketkeeper,177.0,6,3535.0,124.1,0.0,0.0,47.87,DC,5.0
Irfan Iyer,35,India,Bowler,245.0,13,1305.0,106.3,88.0,6.13,37.05,SRH,5.0
Irfan Patel,35,Sri Lanka,Batter,246.0,12,11392.0,132.0,3.0,9.22,45.25,RCB,5.0
Aditya Shetty,30,West Indies,Wicketkeeper,68.0,3,5342.0,115.2,0.0,0.0,26.6,PBKS,1.0
Pranav Reddy,18,England,Wicketkeeper,21.0,1,4896.0,110.3,0.0,0.0,38.66,CSK,3.0
Harshit Verma,38,England,Wicketkeeper,70.0,3,5885.0,111.8,0.0,0.0,38.97,RR,3.0
Ankit Reddy,38,India,Bowler,335.0,17,3167.0,139.1,618.0,6.69,25.76,PBKS,2.0
Rahul Shetty,32,Sri Lanka,Wicketkeeper,270.0,11,11300.0,140.0,0.0,0.0,43.54,PBKS,3.0
Amit Iyer,20,West Indies,Batter,30.0,1,14727.0,98.5,9.0,6.04,42.62,CSK,2.0
Irfan Reddy,19,India,Bowler,16.0,1,3016.0,103.8,763.0,5.46,21.55,DC,3.0
Arjun Singh,25,West Indies,Batter,20.0,1,8191.0,152.5,8.0,6.56,45.46,LSG,5.0
Arjun Khan,22,England,Batter,34.0,2,3869.0,151.5,14.0,7.85,41.67,RR,0.2
Amit Iyer,33,South Africa,Wicketkeeper,104.0,5,10283.0,138.5,0.0,0.0,29.89,DC,5.0
Irfan Deshmukh,34,India,Batter,88.0,3,12961.0,103.6,14.0,8.06,34.16,RR,0.5
Sandeep Kulkarni,22,England,Bowler,83.0,4,3450.0,108.0,873.0,4.13,22.62,GT,0.2
Nikhil Khan,33,Australia,Wicketkeeper,337.0,13,6668.0,118.3,0.0,0.0,49.51,LSG,11.0
Sandeep Shetty,41,West Indies,Allrounder,28.0,1,2206.0,144.9,347.0,6.32,42.98,RCB,11.0
Sandeep Reddy,34,South Africa,Wicketkeeper,118.0,5,10333.0,125.6,0.0,0.0,28.29,CSK,0.2
Harshit Deshmukh,31,South Africa,Bowler,255.0,9,601.0,98.3,615.0,7.5,44.11,PBKS,2.0
Irfan Deshmukh,23,Sri Lanka,Batter,77.0,3,14941.0,121.5,12.0,8.17,28.41,PBKS,0.5
Sandeep Chopra,34,Sri Lanka,Allrounder,46.0,2,7086.0,147.4,345.0,6.51,49.29,GT,2.0
Sameer Naidu,23,Australia,Wicketkeeper,52.0,3,8357.0,151.5,0.0,0.0,30.77,RCB,7.0
Karthik Patel,27,South Africa,Allrounder,35.0,2,4811.0,96.1,331.0,6.35,53.0,LSG,11.0
Harshit Chopra,30,India,Bowler,166.0,8,1989.0,119.2,518.0,5.25,51.77,PBKS,3.0
Irfan Singh,42,Australia,Allrounder,290.0,12,8972.0,129.0,224.0,6.84,26.17,MI,1.5
Rahul Verma,37,India,Bowler,461.0,19,937.0,150.1,242.0,5.89,39.56,KKR,3.0
Rahul Malik,21,India,Bowler,47.0,3,1339.0,96.9,760.0,4.97,31.77,DC,1.0
Rohan Chopra,34,India,Allrounder,366.0,13,5622.0,97.6,327.0,7.0,41.34,KKR,10.0
Rahul Mehta,19,Sri Lanka,Wicketkeeper,24.0,1,5341.0,126.4,0.0,0.0,47.42,MI,10.0
Nikhil Naidu,29,South Africa,Wicketkeeper,42.0,2,10270.0,96.7,0.0,0.0,47.33,DC,3.0
Irfan Deshmukh,21,Australia,Allrounder,57.0,2,8182.0,117.2,384.0,6.82,53.79,RCB,1.5
Arjun Reddy,19,India,Allrounder,22.0,1,3741.0,127.5,280.0,5.56,31.23,MI,1.0
Amit Verma,26,India,Batter,159.0,6,8865.0,128.1,1.0,7.85,23.13,SRH,0.2
Vikas Sharma,18,West Indies,Batter,24.0,1,6907.0,133.1,12.0,8.31,46.93,LSG,7.0
Arjun Reddy,25,England,Allrounder,197.0,7,5009.0,112.8,203.0,5.32,42.75,MI,2.0
Nikhil Shetty,35,Australia,Wicketkeeper,270.0,17,6707.0,103.2,0.0,0.0,43.72,KKR,1.5
Arjun Deshmukh,35,India,Bowler,246.0,13,1944.0,115.1,96.0,4.22,49.63,SRH,2.0
Amit Yadav,32,India,Wicketkeeper,157.0,9,7081.0,141.5,0.0,0.0,42.57,KKR,7.0
Sameer Reddy,20,South Africa,Bowler,16.0,1,3186.0,137.6,477.0,7.31,38.18,CSK,0.5
Karthik Mehta,34,South Africa,Batter,124.0,6,13548.0,136.7,12.0,9.43,41.05,LSG,7.0
Sameer Naidu,33,India,Allrounder,15.0,1,4319.0,149.1,56.0,6.43,30.35,SRH,10.0
Sameer Sharma,38,India,Batter,46.0,2,13714.0,106.8,4.0,6.03,23.83,CSK,11.0
Sandeep Sharma,31,India,Wicketkeeper,15.0,1,8780.0,114.1,0.0,0.0,48.91,MI,1.5
Aditya Deshmukh,35,India,Batter,389.0,16,3887.0,105.1,9.0,8.28,47.61,PBKS,0.5
Manoj Deshmukh,23,India,Bowler,52.0,2,1149.0,125.8,437.0,5.92,32.67,RR,1.5
Amit Kulkarni,30,India,Allrounder,136.0,5,6348.0,114.1,388.0,8.03,23.29,SRH,1.5
Irfan Mehta,27,India,Allrounder,45.0,3,2864.0,137.9,72.0,6.06,43.02,RCB,0.5
Harshit Iyer,25,Sri Lanka,Allrounder,127.0,5,8885.0,101.7,174.0,5.66,43.13,CSK,3.0
Nikhil Yadav,39,England,Allrounder,173.0,8,2501.0,117.0,369.0,7.37,49.5,RCB,2.0
Amit Patel,34,Sri Lanka,Wicketkeeper,208.0,7,10371.0,153.7,0.0,0.0,27.2,DC,10.0
Pranav Reddy,27,India,Batter,89.0,5,7691.0,95.3,10.0,8.02,44.96,RR,0.2
Pranav Kulkarni,41,Australia,Allrounder,473.5,19,6791.0,106.6,80.0,6.45,46.33,GT,5.0
Manoj Deshmukh,31,Sri Lanka,Bowler,247.0,11,1538.0,101.7,646.0,7.08,21.43,MI,7.0
Sameer Shetty,23,India,Batter,120.0,4,8996.0,132.6,10.0,7.17,47.77,SRH,5.0
Pranav Verma,39,Sri Lanka,Batter,15.0,1,3197.0,129.8,9.0,7.91,48.0,DC,10.0
Karthik Yadav,39,Sri Lanka,Batter,25.0,1,12599.0,131.7,2.0,7.85,38.07,KKR,5.0
Arjun Kulkarni,21,India,Bowler,59.0,3,490.0,109.1,860.0,7.35,29.24,RR,10.0
Ankit Naidu,34,India,Allrounder,158.0,7,1734.0,144.2,89.0,5.45,34.41,CSK,1.5
Irfan Mehta,31,India,Allrounder,41.0,2,7179.0,153.9,167.0,6.22,52.44,SRH,2.0
Vikas Naidu,28,Australia,Allrounder,54.0,3,1735.0,103.5,466.0,8.4,51.19,CSK,0.2
Nikhil Malik,40,England,Allrounder,361.0,13,6902.0,95.8,183.0,6.15,33.7,PBKS,0.2
Aditya Mehta,26,England,Batter,19.0,1,13724.0,101.5,4.0,7.78,38.82,PBKS,1.0
Harshit Verma,21,South Africa,Allrounder,57.0,3,1594.0,117.7,298.0,7.87,32.34,PBKS,0.2
Karthik Iyer,25,India,Wicketkeeper,144.0,5,10705.0,115.3,0.0,0.0,52.31,DC,1.0
Vikas Verma,25,India,Allrounder,31.0,2,2961.0,121.7,450.0,5.17,29.26,PBKS,0.5
Rohan Mehta,30,England,Wicketkeeper,78.0,4,6727.0,148.6,0.0,0.0,23.36,KKR,0.2
Karthik Singh,36,Australia,Batter,332.0,16,6122.0,119.4,5.0,7.44,51.09,DC,10.0
Amit Mehta,22,Sri Lanka,Allrounder,31.0,2,7846.0,133.7,297.0,5.75,24.7,MI,0.2
Sameer Khan,40,Australia,Allrounder,393.0,19,5810.0,130.6,113.0,8.34,41.92,LSG,5.0
Arjun Iyer,31,England,Bowler,194.0,8,2127.0,115.5,543.0,5.65,27.44,LSG,0.5
Karthik Mehta,30,India,Batter,146.0,9,8832.0,152.3,3.0,8.11,32.59,GT,10.0
Rohan Reddy,40,India,Batter,194.0,8,13239.0,103.9,7.0,9.09,52.76,PBKS,10.0
Aditya Kulkarni,24,Australia,Wicketkeeper,135.0,6,10762.0,116.0,0.0,0.0,33.29,KKR,5.0
Manoj Shetty,33,South Africa,Bowler,54.0,3,2150.0,138.1,419.0,5.76,45.19,KKR,5.0
Sameer Kulkarni,41,West Indies,Allrounder,382.0,22,2366.0,126.4,460.0,6.68,21.05,PBKS,0.2
Karthik Singh,38,Sri Lanka,Allrounder,192.0,9,8834.0,115.8,312.0,6.07,39.56,GT,11.0
Ankit Sharma,31,Australia,Batter,215.0,9,4579.0,137.6,3.0,7.95,45.1,LSG,10.0
Karthik Malik,28,West Indies,Allrounder,73.0,3,7625.0,141.2,83.0,5.82,20.69,MI,10.0
Harshit Yadav,18,India,Batter,22.0,1,8586.0,101.1,4.0,8.51,45.54,CSK,5.0
Rahul Naidu,39,West Indies,Allrounder,340.0,16,3317.0,121.2,105.0,6.84,44.17,RCB,1.5
Sameer Shetty,26,India,Wicketkeeper,129.0,5,3112.0,97.2,0.0,0.0,27.82,GT,10.0
Sameer Iyer,40,West Indies,Batter,473.5,22,14794.0,145.8,11.0,8.16,33.34,PBKS,1.0
Harshit Chopra,38,Australia,Bowler,283.0,12,2576.0,126.1,183.0,4.98,41.78,MI,3.0
Irfan Malik,32,India,Bowler,231.0,14,2275.0,147.6,663.0,5.6,38.32,LSG,0.2
Harshit Iyer,21,Sri Lanka,Wicketkeeper,19.0,1,11369.0,97.1,0.0,0.0,27.81,MI,10.0
Manoj Mehta,25,South Africa,Batter,114.0,4,11828.0,136.9,8.0,7.58,27.69,RR,0.5
Nikhil Verma,42,India,Wicketkeeper,157.0,9,9903.0,153.6,0.0,0.0,31.15,PBKS,1.0
Sandeep Sharma,24,India,Bowler,38.0,2,2897.0,96.1,646.0,6.02,50.97,RR,3.0
Sameer Naidu,18,India,Bowler,25.0,1,3429.0,106.7,602.0,7.0,52.66,SRH,7.0
Nikhil Yadav,39,West Indies,Wicketkeeper,305.0,12,6851.0,114.0,0.0,0.0,44.23,RCB,3.0
Sandeep Malik,40,England,Allrounder,122.0,8,2834.0,139.5,186.0,7.87,52.12,CSK,1.0
Amit Chopra,19,Australia,Allrounder,26.0,1,1965.0,154.7,140.0,8.02,26.39,KKR,0.2
Ankit Sharma,32,India,Bowler,361.0,13,1572.0,133.2,876.0,5.16,45.66,PBKS,5.0
Aditya Khan,36,South Africa,Allrounder,98.0,6,5364.0,99.4,230.0,6.87,49.46,RCB,11.0
Rahul Chopra,20,India,Allrounder,58.0,2,7323.0,119.3,131.0,8.36,27.87,GT,7.0
Amit Sharma,39,India,Wicketkeeper,366.0,17,9533.0,96.2,0.0,0.0,28.31,RCB,2.0
Vikas Mehta,42,India,Batter,421.0,21,5539.0,149.7,6.0,8.45,23.27,PBKS,10.0
Irfan Deshmukh,36,Australia,Wicketkeeper,423.0,17,4054.0,128.2,0.0,0.0,44.34,SRH,2.0
Manoj Kulkarni,23,Sri Lanka,Wicketkeeper,56.0,2,11252.0,111.6,0.0,0.0,39.95,CSK,3.0
Karthik Khan,31,Australia,Batter,141.0,7,13626.0,145.3,4.0,8.5,35.84,RR,2.0
Amit Naidu,42,India,Wicketkeeper,22.0,1,8572.0,139.9,0.0,0.0,30.56,LSG,2.0
Aditya Yadav,39,India,Bowler,374.0,19,2241.0,106.2,715.0,4.81,32.56,KKR,7.0
Rahul Patel,36,South Africa,Allrounder,256.0,17,4344.0,112.0,177.0,5.13,42.83,GT,3.0
Sameer Patel,22,South Africa,Batter,59.0,2,5297.0,99.4,11.0,8.27,30.06,RCB,1.0
Arjun Mehta,42,South Africa,Allrounder,327.0,15,7279.0,114.1,293.0,6.99,34.63,SRH,1.0
Ankit Sharma,27,Sri Lanka,Allrounder,145.0,7,6880.0,95.6,72.0,7.49,29.67,DC,0.2
Rohan Iyer,36,Australia,Bowler,263.0,9,576.0,102.7,729.0,4.54,53.57,DC,3.0
Aditya Shetty,28,India,Allrounder,26.0,1,4009.0,126.6,446.0,6.32,45.68,MI,1.0
Aditya Malik,36,India,Wicketkeeper,210.0,9,9431.0,97.8,0.0,0.0,28.44,DC,0.5
Irfan Iyer,29,Australia,Allrounder,101.0,4,2751.0,146.7,117.0,7.91,33.05,DC,5.0
Pranav Yadav,42,South Africa,Batter,256.0,17,5785.0,140.4,15.0,7.31,30.33,RCB,5.0
Irfan Singh,38,South Africa,Batter,291.0,10,10366.0,110.5,6.0,6.41,33.56,LSG,5.0
Amit Patel,24,West Indies,Bowler,83.0,3,1860.0,123.7,484.0,4.2,45.9,GT,2.0
Pranav Khan,20,Sri Lanka,Batter,28.0,1,6281.0,99.3,1.0,7.8,35.41,PBKS,10.0
Manoj Malik,23,India,Wicketkeeper,121.0,5,11605.0,137.5,0.0,0.0,22.03,DC,10.0
Nikhil Khan,20,Sri Lanka,Wicketkeeper,35.0,2,3818.0,98.6,0.0,0.0,32.97,MI,7.0
Pranav Yadav,26,England,Bowler,149.0,7,494.0,151.1,765.0,4.74,40.35,GT,3.0
Harshit Kulkarni,29,India,Batter,58.0,2,7134.0,137.3,12.0,7.01,33.12,PBKS,1.0
Amit Chopra,31,India,Bowler,153.0,8,2223.0,109.2,759.0,4.5,42.5,GT,11.0
Aditya Naidu,18,Sri Lanka,Bowler,23.0,1,1763.0,111.4,94.0,4.2,27.29,RCB,1.0
Rahul Singh,19,South Africa,Batter,22.0,1,13349.0,136.0,3.0,6.7,48.9,RR,0.5
Aditya Khan,41,Australia,Batter,79.0,3,9066.0,133.7,10.0,8.51,52.08,GT,2.0
Irfan Mehta,32,West Indies,Bowler,205.0,12,3607.0,105.0,231.0,4.22,34.5,KKR,0.2
Harshit Verma,26,South Africa,Batter,27.0,1,12545.0,120.1,12.0,7.3,27.23,LSG,11.0
Rahul Malik,26,India,Wicketkeeper,78.0,5,4368.0,104.0,0.0,0.0,37.82,DC,3.0
Sameer Mehta,27,India,Bowler,148.0,6,2717.0,118.5,287.0,7.53,21.52,LSG,3.0
Vikas Kulkarni,41,India,Allrounder,21.0,1,5631.0,112.5,477.0,7.47,28.58,MI,5.0
Sameer Mehta,32,India,Batter,171.0,6,3045.0,138.4,13.0,7.13,48.66,KKR,2.0
Vikas Singh,40,Sri Lanka,Wicketkeeper,67.0,4,10337.0,130.3,0.0,0.0,31.29,DC,0.2
Irfan Patel,33,South Africa,Bowler,156.0,8,241.0,102.5,877.5,5.18,52.67,RR,3.0
Ankit Mehta,20,India,Bowler,60.0,2,1046.0,96.6,448.0,6.42,43.18,DC,5.0
Sandeep Chopra,26,West Indies,Wicketkeeper,227.0,8,5687.0,121.8,0.0,0.0,54.04,CSK,2.0
Nikhil Singh,33,India,Allrounder,70.0,3,7408.0,105.3,313.0,7.87,45.2,RR,5.0
Irfan Naidu,37,India,Bowler,324.0,18,1252.0,106.2,646.0,5.85,44.46,DC,1.0
Sameer Iyer,21,India,Batter,88.0,3,6914.0,96.8,12.0,7.92,42.63,LSG,1.0
Aditya Naidu,26,India,Allrounder,199.0,7,6656.0,103.6,440.0,7.22,32.21,RR,0.5
Irfan Naidu,19,India,Bowler,30.0,1,3340.0,103.3,433.0,6.23,49.85,RCB,1.5
Rohan Naidu,27,West Indies,Allrounder,103.0,4,1958.0,101.2,100.0,5.1,24.06,LSG,7.0
Irfan Kulkarni,28,Sri Lanka,Wicketkeeper,63.0,3,11239.0,126.7,0.0,0.0,41.7,CSK,7.0
Ankit Chopra,30,India,Bowler,296.0,10,1985.0,112.3,816.0,5.53,48.33,GT,1.5
Nikhil Patel,35,South Africa,Wicketkeeper,217.0,9,11856.0,99.1,0.0,0.0,29.81,RR,3.0
Rohan Verma,38,India,Allrounder,59.0,3,2964.0,95.8,403.0,5.14,32.37,DC,5.0
Rohan Kulkarni,24,India,Bowler,23.0,1,3371.0,111.1,242.0,4.74,48.73,GT,1.0
Sameer Kulkarni,33,West Indies,Bowler,147.0,5,421.0,141.8,448.0,4.62,43.63,DC,0.5
Rohan Singh,37,India,Allrounder,318.0,13,3277.0,127.8,274.0,6.14,35.56,GT,11.0
Rohan Patel,40,West Indies,Batter,165.0,6,6281.0,149.4,8.0,6.45,39.94,RR,3.0
Arjun Malik,23,India,Batter,63.0,3,11602.0,144.4,1.0,9.08,22.79,DC,11.0
Manoj Naidu,18,West Indies,Batter,30.0,1,9532.0,103.7,4.0,6.73,49.08,CSK,1.5
Arjun Yadav,26,India,Bowler,15.0,1,2759.0,126.7,671.0,7.28,23.65,KKR,5.0
Vikas Chopra,23,India,Bowler,95.0,4,3657.0,143.8,695.0,4.52,52.52,DC,1.0
Amit Malik,23,South Africa,Wicketkeeper,88.0,3,10630.0,107.0,0.0,0.0,20.39,RCB,1.0
Ankit Naidu,23,England,Bowler,29.0,1,2011.0,96.8,317.0,5.26,48.98,MI,2.0
Ankit Yadav,41,India,Wicketkeeper,98.0,4,9787.0,124.5,0.0,0.0,42.47,RR,1.0
Vikas Reddy,35,West Indies,Batter,266.0,13,6928.0,115.7,13.0,7.44,27.78,MI,0.5
Harshit Mehta,35,India,Bowler,116.0,6,1686.0,136.7,677.0,6.93,32.63,GT,1.0
Rahul Naidu,20,India,Wicketkeeper,30.0,2,3339.0,114.3,0.0,0.0,20.04,GT,0.2
Pranav Singh,40,Australia,Batter,137.0,7,4335.0,132.4,10.0,6.22,38.01,RR,5.0
Irfan Verma,35,India,Wicketkeeper,363.0,13,11448.0,121.1,0.0,0.0,48.96,GT,2.0
Sameer Kulkarni,32,India,Bowler,159.0,6,3632.0,118.1,750.0,5.91,25.64,KKR,0.2
Aditya Deshmukh,25,India,Batter,131.0,6,14572.0,129.6,15.0,8.87,23.24,RCB,0.5
Amit Chopra,25,South Africa,Bowler,117.0,7,3499.0,120.5,817.0,6.47,48.4,KKR,0.2
Sandeep Chopra,30,Australia,Bowler,300.0,12,954.0,131.0,169.0,7.49,45.61,LSG,3.0
Amit Malik,20,West Indies,Bowler,18.0,1,1664.0,128.6,177.0,4.22,46.44,SRH,0.2
Manoj Iyer,20,West Indies,Bowler,26.0,1,1959.0,130.6,877.5,5.89,51.46,GT,5.0
Ankit Chopra,38,South Africa,Batter,45.0,2,4770.0,100.9,13.0,6.69,44.17,PBKS,0.2
Pranav Yadav,29,India,Wicketkeeper,87.0,3,9159.0,144.4,0.0,0.0,49.77,CSK,1.0
Harshit Yadav,31,Sri Lanka,Batter,203.0,10,12223.0,145.0,13.0,8.25,44.52,RCB,10.0
Nikhil Sharma,31,India,Bowler,131.0,7,1870.0,140.7,368.0,4.33,26.28,PBKS,5.0
Aditya Mehta,20,Sri Lanka,Bowler,26.0,1,2735.0,118.7,467.0,4.9,31.01,MI,0.2
Amit Kulkarni,33,India,Allrounder,68.0,4,7183.0,105.2,482.0,6.13,30.29,GT,7.0
Pranav Kulkarni,18,India,Wicketkeeper,18.0,1,4639.0,96.2,0.0,0.0,36.55,KKR,2.0
Rohan Chopra,26,India,Wicketkeeper,23.0,1,4121.0,141.1,0.0,0.0,50.18,GT,7.0
Ankit Reddy,35,India,Bowler,108.0,7,1941.0,120.0,775.0,7.12,45.56,LSG,3.0
Rahul Verma,39,India,Batter,62.0,3,5289.0,98.3,14.0,7.01,43.66,LSG,5.0
Arjun Mehta,23,West Indies,Batter,51.0,2,3168.0,143.1,0.0,8.27,41.56,DC,11.0
Harshit Khan,39,Sri Lanka,Allrounder,113.0,4,3822.0,146.2,379.0,5.55,41.95,MI,1.0
Sandeep Iyer,35,South Africa,Wicketkeeper,469.0,17,10374.0,143.5,0.0,0.0,47.09,CSK,3.0
Vikas Kulkarni,25,Australia,Allrounder,64.0,4,7798.0,99.5,230.0,6.04,26.18,GT,2.0
Nikhil Chopra,23,India,Allrounder,57.0,2,2606.0,109.6,474.0,5.33,36.08,RCB,0.2
Manoj Deshmukh,36,England,Batter,58.0,2,4728.0,147.3,11.0,9.17,45.15,RR,0.2
Karthik Naidu,20,India,Allrounder,51.0,2,3805.0,115.5,147.0,5.08,43.88,RCB,0.2
Pranav Reddy,39,Sri Lanka,Wicketkeeper,369.0,14,11113.0,102.7,0.0,0.0,48.04,SRH,5.0
Sameer Singh,39,India,Wicketkeeper,211.0,10,8368.0,149.9,0.0,0.0,32.39,CSK,3.0
Arjun Shetty,18,India,Wicketkeeper,25.0,1,4701.0,137.4,0.0,0.0,25.19,CSK,3.0
Ankit Sharma,32,South Africa,Wicketkeeper,203.0,13,6537.0,136.4,0.0,0.0,20.75,PBKS,0.2
Sameer Deshmukh,19,England,Allrounder,28.0,1,6483.0,137.6,380.0,5.53,44.91,GT,2.0
Sameer Yadav,24,India,Wicketkeeper,165.0,6,4511.0,133.5,0.0,0.0,36.71,RCB,10.0
Aditya Naidu,37,India,Allrounder,200.0,9,3290.0,141.4,485.0,7.36,53.83,RR,1.5
Rahul Iyer,25,South Africa,Wicketkeeper,103.0,5,3109.0,148.3,0.0,0.0,47.81,KKR,3.0
Sameer Malik,31,Sri Lanka,Bowler,50.0,2,252.0,129.4,485.0,6.64,24.22,LSG,7.0
Irfan Chopra,21,India,Wicketkeeper,80.0,3,10130.0,104.9,0.0,0.0,48.71,CSK,7.0
Sameer Reddy,39,India,Wicketkeeper,62.0,3,3938.0,143.2,0.0,0.0,41.51,PBKS,2.0
Manoj Naidu,19,Australia,Allrounder,19.0,1,5190.0,96.6,455.0,6.54,31.45,RCB,7.0
Sameer Kulkarni,26,West Indies,Batter,63.0,3,5921.0,124.1,14.0,7.47,52.53,LSG,1.5
Vikas Naidu,21,South Africa,Batter,55.0,2,8004.0,126.1,13.0,6.38,32.88,DC,10.0
Rohan Malik,32,South Africa,Batter,250.0,12,11721.0,146.7,7.0,9.47,35.36,KKR,1.0
Ankit Khan,30,India,Wicketkeeper,58.0,2,10700.0,155.0,0.0,0.0,37.99,PBKS,1.0
Amit Malik,34,England,Batter,267.0,16,11648.0,128.4,5.0,6.58,27.92,RCB,0.2
Amit Iyer,35,India,Wicketkeeper,75.0,4,6794.0,133.2,0.0,0.0,52.81,DC,7.0
Amit Iyer,27,India,Batter,32.0,2,6667.0,111.4,4.0,8.75,30.39,RCB,2.0
Pranav Khan,20,India,Batter,34.0,2,11643.0,112.2,6.0,6.24,23.24,PBKS,1.0
Sameer Iyer,32,India,Wicketkeeper,22.0,1,4933.0,125.0,0.0,0.0,44.79,RR,1.0
Pranav Khan,36,India,Bowler,124.0,7,3318.0,98.6,288.0,6.85,31.9,CSK,10.0
Sandeep Patel,23,Australia,Allrounder,76.0,5,1834.0,101.3,239.0,6.01,32.69,RCB,7.0
Rahul Naidu,22,West Indies,Allrounder,42.0,2,1858.0,133.1,51.0,6.05,50.92,SRH,3.0
Rohan Naidu,30,India,Bowler,96.0,5,2424.0,139.8,95.0,5.73,25.11,RR,3.0
Manoj Mehta,41,India,Wicketkeeper,124.0,6,7665.0,148.7,0.0,0.0,25.34,PBKS,2.0
Irfan Kulkarni,19,South Africa,Batter,19.0,1,10490.0,101.4,5.0,6.67,30.84,RCB,1.5
Sandeep Malik,39,India,Wicketkeeper,473.5,20,11115.0,128.1,0.0,0.0,54.58,DC,10.0
Rohan Singh,24,Sri Lanka,Wicketkeeper,124.0,6,3357.0,142.6,0.0,0.0,33.32,KKR,0.5
Arjun Verma,20,India,Wicketkeeper,26.0,1,9322.0,129.6,0.0,0.0,41.82,PBKS,2.0
Pranav Sharma,27,England,Bowler,99.0,4,3949.0,139.2,312.0,7.13,39.93,RR,1.5
Arjun Yadav,21,India,Allrounder,29.0,1,6486.0,139.8,65.0,7.34,24.66,GT,2.0
Harshit Malik,30,England,Allrounder,280.0,11,3448.0,136.3,174.0,5.7,49.76,SRH,2.0
Rohan Patel,39,India,Allrounder,389.0,18,5071.0,153.8,235.0,6.43,27.56,KKR,2.0
Irfan Singh,20,India,Bowler,31.0,2,3854.0,117.7,757.0,5.58,52.56,RCB,0.5
Nikhil Kulkarni,42,India,Batter,428.0,22,14541.0,123.2,8.0,7.0,26.55,LSG,2.0
Sandeep Shetty,37,Australia,Allrounder,241.0,10,7869.0,146.4,115.0,6.82,30.64,CSK,1.0
Ankit Iyer,26,Sri Lanka,Batter,57.0,3,11492.0,149.7,0.0,8.84,22.55,RR,0.5
Aditya Patel,38,India,Wicketkeeper,386.0,15,11482.0,140.4,0.0,0.0,28.94,KKR,0.2
Vikas Kulkarni,42,England,Wicketkeeper,314.0,16,3185.0,105.5,0.0,0.0,41.04,PBKS,7.0
Amit Deshmukh,18,South Africa,Bowler,29.0,1,2289.0,118.7,650.0,6.68,21.37,RCB,2.0
Rahul Iyer,31,India,Allrounder,230.0,10,5506.0,138.8,54.0,8.18,29.51,LSG,3.0
Vikas Kulkarni,40,India,Wicketkeeper,156.0,6,5505.0,124.8,0.0,0.0,20.97,CSK,5.0
Pranav Sharma,19,India,Batter,17.0,1,4792.0,126.4,1.0,7.19,38.1,KKR,5.0
Nikhil Iyer,35,India,Batter,33.0,2,3060.0,141.6,6.0,6.73,30.46,GT,2.0
Arjun Patel,35,India,Wicketkeeper,403.0,17,4221.0,129.8,0.0,0.0,29.5,DC,1.5
Manoj Singh,32,India,Bowler,155.0,9,3574.0,107.5,483.0,5.62,42.16,SRH,1.5
Nikhil Singh,23,England,Bowler,59.0,3,2089.0,96.0,573.0,5.62,20.99,DC,5.0
Ankit Kulkarni,19,India,Batter,20.0,1,14630.0,106.0,1.0,7.65,40.48,SRH,2.0
Sandeep Deshmukh,29,India,Bowler,255.0,9,256.0,134.3,793.0,5.55,53.33,GT,7.0
Ankit Verma,29,South Africa,Wicketkeeper,189.0,9,5474.0,126.7,0.0,0.0,47.56,SRH,10.0
Sameer Khan,26,South Africa,Allrounder,48.0,3,4056.0,150.3,288.0,7.64,27.49,RR,0.5
Arjun Verma,23,India,Allrounder,78.0,5,8360.0,149.3,354.0,7.9,33.75,RCB,0.5
Aditya Verma,18,India,Batter,16.0,1,4107.0,152.1,13.0,7.1,41.97,KKR,3.0
Aditya Sharma,38,Sri Lanka,Wicketkeeper,50.0,2,3236.0,117.8,0.0,0.0,47.71,RR,1.0
Sandeep Verma,26,India,Batter,119.0,4,8707.0,105.6,1.0,7.07,39.04,MI,0.2
Rohan Malik,34,India,Allrounder,22.0,1,7844.0,144.5,219.0,6.98,36.0,RCB,10.0
Ankit Patel,33,India,Batter,105.0,5,7101.0,113.7,5.0,8.85,40.14,GT,1.0
Ankit Patel,39,Sri Lanka,Batter,393.0,18,12292.0,118.1,0.0,6.73,50.01,SRH,10.0
Nikhil Khan,28,India,Wicketkeeper,105.0,4,8163.0,108.0,0.0,0.0,48.36,PBKS,5.0
Sandeep Chopra,39,South Africa,Wicketkeeper,305.0,11,7451.0,112.0,0.0,0.0,21.21,LSG,7.0
Manoj Iyer,38,India,Batter,84.0,4,4885.0,139.8,6.0,6.38,29.17,GT,0.5
Vikas Kulkarni,30,India,Allrounder,81.0,3,2193.0,137.0,277.0,7.29,32.08,SRH,1.0
Aditya Shetty,39,England,Bowler,473.5,21,938.0,119.2,235.0,5.8,53.16,PBKS,3.0
Rohan Deshmukh,36,England,Allrounder,261.0,12,3695.0,106.0,438.0,6.12,32.8,CSK,0.5
Pranav Iyer,38,West Indies,Bowler,241.0,13,1816.0,136.8,101.0,6.54,52.34,MI,1.0
Manoj Chopra,18,India,Bowler,16.0,1,2286.0,112.3,877.0,7.35,35.93,RR,1.5
Irfan Naidu,42,India,Allrounder,275.0,10,5537.0,150.0,347.0,7.62,31.8,RR,0.5
Arjun Reddy,34,Australia,Bowler,250.0,13,948.0,149.0,282.0,5.69,32.55,LSG,0.5
Irfan Shetty,40,England,Allrounder,473.5,20,5692.0,149.3,69.0,6.68,48.08,RCB,7.0
Ankit Iyer,27,England,Bowler,176.0,7,120.0,114.5,333.0,4.93,32.35,DC,0.5
Vikas Mehta,40,India,Allrounder,64.0,4,7466.0,154.9,139.0,8.19,47.09,DC,0.2
Irfan Iyer,20,Australia,Allrounder,25.0,1,6922.0,95.6,287.0,6.7,44.41,MI,3.0
Rohan Yadav,28,India,Wicketkeeper,59.0,2,9227.0,118.4,0.0,0.0,42.15,MI,11.0
Harshit Deshmukh,22,India,Wicketkeeper,24.0,1,8453.0,131.4,0.0,0.0,36.83,KKR,1.5
Pranav Singh,32,India,Wicketkeeper,65.0,3,10924.0,151.7,0.0,0.0,20.81,SRH,0.2
Amit Malik,39,Australia,Wicketkeeper,312.0,14,4184.0,137.7,0.0,0.0,34.34,MI,3.0
Arjun Patel,21,Sri Lanka,Batter,39.0,2,13925.0,135.5,10.0,8.5,20.36,CSK,10.0
Pranav Malik,23,South Africa,Allrounder,52.0,3,6783.0,106.3,474.0,6.0,25.84,GT,7.0
Amit Khan,42,England,Allrounder,473.5,22,2409.0,109.4,87.0,7.55,36.62,GT,3.0
Amit Reddy,19,England,Bowler,24.0,1,1959.0,129.8,175.0,4.94,45.22,MI,1.0
Arjun Naidu,19,India,Wicketkeeper,29.0,1,4212.0,114.9,0.0,0.0,41.11,CSK,3.0
Sameer Shetty,24,Australia,Batter,19.0,1,14355.0,100.7,14.0,8.89,44.87,PBKS,0.2
Vikas Reddy,20,South Africa,Batter,15.0,1,10112.0,102.4,6.0,7.13,39.1,RR,5.0
Harshit Singh,22,Australia,Batter,105.0,4,13999.0,144.3,10.0,6.79,21.5,PBKS,5.0
Manoj Mehta,31,England,Batter,346.0,12,14752.0,126.3,3.0,6.35,40.61,DC,11.0
Sandeep Naidu,28,India,Allrounder,83.0,3,1750.0,110.6,92.0,7.55,49.46,DC,1.0
Ankit Yadav,30,Australia,Batter,236.0,11,6627.0,124.9,2.0,9.34,46.62,RR,0.2
Amit Sharma,30,India,Bowler,46.0,3,1261.0,99.2,770.0,5.99,31.41,KKR,3.0
Irfan Sharma,29,India,Bowler,216.0,11,1280.0,154.3,83.0,4.33,28.02,GT,5.0
Rahul Patel,37,South Africa,Bowler,245.0,13,2822.0,112.1,601.0,6.42,42.86,SRH,7.0
Arjun Verma,31,Australia,Wicketkeeper,128.0,8,4963.0,107.6,0.0,0.0,47.48,SRH,0.5
Karthik Shetty,21,South Africa,Batter,54.0,3,5361.0,148.7,3.0,6.39,49.41,CSK,1.0
Sandeep Khan,33,India,Allrounder,185.0,9,2737.0,99.0,47.0,7.38,27.3,RR,2.0
Sandeep Mehta,18,England,Batter,24.0,1,5235.0,102.3,11.0,9.01,25.46,MI,1.5
Arjun Yadav,37,West Indies,Bowler,176.0,10,451.0,111.5,225.0,6.07,27.77,PBKS,10.0
Nikhil Naidu,21,India,Allrounder,20.0,1,7105.0,117.4,173.0,7.02,24.92,CSK,2.0
Aditya Khan,39,South Africa,Bowler,136.0,9,2863.0,118.2,225.0,6.03,45.71,KKR,7.0
Vikas Khan,28,India,Wicketkeeper,181.0,7,4513.0,101.2,0.0,0.0,41.72,RCB,3.0
Vikas Deshmukh,32,India,Bowler,58.0,2,3667.0,119.4,692.0,5.66,28.13,RCB,7.0
Sameer Verma,41,India,Allrounder,236.0,11,3378.0,145.9,500.0,5.11,31.42,CSK,1.5
Nikhil Patel,30,West Indies,Wicketkeeper,194.0,12,6021.0,135.9,0.0,0.0,53.17,SRH,7.0
Ankit Malik,18,India,Wicketkeeper,15.0,1,2943.0,128.9,0.0,0.0,33.9,RR,1.0
Vikas Chopra,41,England,Batter,473.5,21,9802.0,151.0,14.0,6.94,43.87,LSG,3.0
Rohan Iyer,30,India,Bowler,37.0,2,790.0,120.6,360.0,6.53,49.58,GT,0.5
Aditya Verma,26,India,Batter,79.0,4,5819.0,112.0,15.0,8.5,40.99,LSG,2.0
Rahul Deshmukh,22,England,Allrounder,24.0,1,8019.0,95.4,90.0,6.51,48.27,KKR,1.0
Rahul Kulkarni,27,India,Wicketkeeper,34.0,2,11151.0,102.4,0.0,0.0,37.85,MI,1.0
Sameer Malik,26,India,Allrounder,83.0,3,4734.0,115.5,462.0,6.18,36.71,RR,11.0
Pranav Reddy,23,South Africa,Bowler,34.0,2,1505.0,119.5,171.0,7.79,26.38,GT,0.5
Sandeep Naidu,24,India,Wicketkeeper,82.0,4,8422.0,131.8,0.0,0.0,28.27,RR,7.0
Irfan Chopra,29,West Indies,Batter,202.0,10,4762.0,98.0,0.0,6.37,20.8,SRH,11.0
Manoj Mehta,24,India,Allrounder,48.0,3,8995.0,120.6,270.0,6.51,26.49,SRH,0.2
Amit Mehta,27,South Africa,Bowler,263.0,9,304.0,102.8,228.0,6.98,52.04,LSG,5.0
Sameer Shetty,32,India,Batter,172.0,9,9643.0,96.7,11.0,8.06,53.7,MI,1.0
Sandeep Mehta,20,Australia,Wicketkeeper,19.0,1,2926.0,113.5,0.0,0.0,35.75,SRH,0.2
Irfan Yadav,29,South Africa,Batter,66.0,3,10968.0,138.7,3.0,6.99,37.0,CSK,2.0
Aditya Yadav,22,Australia,Allrounder,92.0,4,1663.0,101.3,373.0,5.46,45.39,KKR,10.0
Rahul Yadav,42,India,Batter,427.0,18,12229.0,103.3,9.0,6.83,37.48,RR,0.2
Rahul Verma,33,England,Bowler,108.0,5,3027.0,111.7,789.0,7.05,29.68,RCB,3.0
Karthik Patel,41,West Indies,Bowler,285.0,18,1205.0,103.9,407.0,7.17,41.59,GT,2.0
Nikhil Iyer,32,South Africa,Wicketkeeper,235.0,13,8337.0,152.3,0.0,0.0,49.45,RCB,10.0
Sameer Kulkarni,35,Sri Lanka,Wicketkeeper,189.0,10,4395.0,98.7,0.0,0.0,31.2,CSK,0.2
Irfan Mehta,33,England,Wicketkeeper,369.0,14,3423.0,103.5,0.0,0.0,53.22,PBKS,5.0
Rohan Verma,29,India,Batter,101.0,4,12996.0,109.1,14.0,9.45,43.44,KKR,5.0
Vikas Khan,27,England,Wicketkeeper,16.0,1,10357.0,145.5,0.0,0.0,28.18,PBKS,5.0
Sameer Verma,18,Sri Lanka,Wicketkeeper,22.0,1,6424.0,106.3,0.0,0.0,20.39,CSK,11.0
Ankit Patel,36,India,Bowler,470.0,16,3449.0,149.0,674.0,5.57,51.6,CSK,7.0
Rahul Chopra,24,West Indies,Bowler,120.0,6,2735.0,107.3,676.0,4.49,34.28,RR,0.2
Irfan Verma,34,India,Batter,265.0,11,9166.0,131.7,12.0,8.73,37.98,RR,2.0
Pranav Chopra,25,India,Batter,80.0,5,12544.0,100.8,3.0,8.07,36.72,PBKS,1.5
Vikas Kulkarni,34,India,Wicketkeeper,26.0,1,4531.0,154.5,0.0,0.0,23.1,RCB,1.0
Aditya Yadav,26,West Indies,Wicketkeeper,42.0,2,3026.0,126.2,0.0,0.0,30.35,SRH,2.0
Karthik Shetty,32,England,Batter,239.0,11,8996.0,129.4,0.0,7.89,40.21,LSG,1.5
Sameer Deshmukh,33,West Indies,Allrounder,274.0,11,5994.0,118.4,53.0,7.98,38.07,RR,2.0
Sameer Deshmukh,27,India,Wicketkeeper,219.0,8,3444.0,95.7,0.0,0.0,47.63,PBKS,11.0
Nikhil Naidu,20,Sri Lanka,Allrounder,17.0,1,6239.0,144.0,493.0,5.91,29.3,GT,0.2
Rahul Patel,20,India,Bowler,25.0,1,2379.0,104.3,380.0,4.04,54.5,LSG,10.0
Rahul Malik,30,Sri Lanka,Wicketkeeper,179.0,7,9972.0,114.2,0.0,0.0,23.81,SRH,2.0
Sameer Chopra,39,India,Bowler,473.5,19,2440.0,113.6,353.0,4.45,21.32,PBKS,3.0
Pranav Yadav,34,India,Bowler,82.0,3,2732.0,107.8,443.0,5.94,38.18,DC,7.0
Pranav Kulkarni,41,England,Batter,209.0,9,8408.0,120.8,7.0,6.49,40.93,CSK,1.5
Sameer Patel,18,India,Bowler,17.0,1,2820.0,118.9,508.0,4.24,30.59,SRH,2.0
Rahul Chopra,41,Australia,Allrounder,216.0,14,3123.0,131.3,243.0,5.84,40.6,PBKS,2.0
Sandeep Mehta,39,India,Batter,245.0,9,11291.0,104.5,15.0,8.21,30.0,GT,1.5
Sandeep Reddy,35,India,Bowler,107.0,7,94.0,127.4,310.0,4.8,36.14,RCB,10.0
Arjun Mehta,39,Sri Lanka,Allrounder,336.0,18,6133.0,142.2,101.0,6.16,23.29,SRH,7.0
Ankit Kulkarni,28,India,Batter,165.0,6,11669.0,102.0,6.0,9.41,47.06,RCB,0.2
Vikas Khan,31,West Indies,Bowler,200.0,12,3141.0,146.9,728.0,5.4,22.6,CSK,0.2
Amit Naidu,32,India,Wicketkeeper,53.0,3,7025.0,117.5,0.0,0.0,31.74,RR,2.0
Rohan Patel,22,South Africa,Allrounder,19.0,1,8427.0,154.1,412.0,8.48,26.64,DC,0.2
Sandeep Naidu,38,Australia,Wicketkeeper,48.0,2,7056.0,132.8,0.0,0.0,38.74,PBKS,3.0
Aditya Chopra,38,West Indies,Batter,48.0,2,5854.0,105.1,12.0,6.54,54.62,PBKS,0.5
Harshit Shetty,31,Sri Lanka,Bowler,61.0,3,230.0,102.5,598.0,5.72,27.52,RR,3.0
Manoj Deshmukh,38,India,Allrounder,413.0,14,2850.0,125.7,484.0,5.94,31.74,CSK,0.2
Harshit Deshmukh,41,India,Allrounder,118.0,6,3945.0,105.0,342.0,6.59,31.44,LSG,1.0
Vikas Verma,24,Sri Lanka,Allrounder,69.0,3,1984.0,148.4,285.0,5.25,26.96,MI,5.0
Manoj Naidu,37,India,Wicketkeeper,469.0,17,11548.0,140.4,0.0,0.0,32.23,PBKS,2.0
Sameer Mehta,42,India,Batter,322.0,20,12600.0,112.5,9.0,7.66,44.38,DC,11.0
Sameer Verma,30,Sri Lanka,Bowler,299.0,12,1054.0,112.2,187.0,7.21,28.48,LSG,10.0
Irfan Yadav,29,Australia,Wicketkeeper,113.0,5,4514.0,135.9,0.0,0.0,26.83,KKR,1.5
Sandeep Chopra,37,India,Batter,48.0,2,4086.0,100.7,9.0,8.24,41.7,CSK,0.2
Sandeep Shetty,24,Sri Lanka,Allrounder,108.0,5,5604.0,101.8,69.0,6.8,42.72,CSK,7.0
Nikhil Naidu,20,India,Allrounder,41.0,2,4652.0,108.0,200.0,6.56,32.37,RCB,10.0
Sameer Patel,22,India,Wicketkeeper,53.0,2,9371.0,124.5,0.0,0.0,23.2,PBKS,7.0
Karthik Singh,38,India,Batter,468.0,18,10494.0,134.9,0.0,9.35,23.59,CSK,0.5
Sameer Chopra,34,West Indies,Bowler,121.0,8,1756.0,114.4,656.0,7.13,40.89,GT,11.0
Arjun Iyer,32,Sri Lanka,Bowler,92.0,4,2814.0,139.0,711.0,5.05,45.31,GT,1.0
Pranav Naidu,38,India,Batter,473.0,20,5981.0,109.5,3.0,7.93,28.88,RCB,5.0
Manoj Mehta,29,India,Bowler,46.0,2,2043.0,103.7,180.0,5.45,31.82,PBKS,10.0
Sandeep Yadav,40,Sri Lanka,Batter,29.0,1,3262.0,144.9,8.0,8.4,31.64,PBKS,1.0
Rohan Singh,25,India,Bowler,28.0,1,843.0,145.0,622.0,4.89,51.17,DC,10.0
Arjun Mehta,34,Sri Lanka,Bowler,206.0,8,3218.0,96.6,820.0,5.56,44.32,PBKS,1.0
Karthik Singh,21,West Indies,Allrounder,17.0,1,2447.0,96.1,78.0,7.74,40.83,SRH,11.0
Nikhil Chopra,42,South Africa,Batter,473.5,18,14221.0,117.7,0.0,8.06,46.24,MI,1.0
Aditya Patel,41,West Indies,Batter,327.0,18,7908.0,135.6,15.0,7.5,38.1,RCB,11.0
Arjun Kulkarni,21,India,Bowler,33.0,2,3210.0,131.4,172.0,4.94,45.79,SRH,0.2
Sameer Kulkarni,28,India,Batter,118.0,5,13037.0,117.8,13.0,9.41,22.26,KKR,5.0
Sameer Malik,36,India,Batter,40.0,2,8143.0,132.4,6.0,9.46,53.13,LSG,3.0
Aditya Naidu,18,India,Bowler,28.0,1,2396.0,115.5,609.0,4.39,24.69,LSG,2.0
Amit Patel,31,Sri Lanka,Bowler,243.0,9,723.0,147.8,495.0,7.17,37.55,LSG,1.0
Sameer Deshmukh,19,Australia,Bowler,26.0,1,1007.0,102.6,561.0,4.71,40.59,LSG,5.0
Nikhil Malik,37,West Indies,Wicketkeeper,222.0,12,8990.0,125.4,0.0,0.0,44.32,RR,0.5
Nikhil Iyer,40,India,Wicketkeeper,39.0,2,4443.0,113.3,0.0,0.0,34.08,GT,3.0
Arjun Chopra,32,India,Allrounder,210.0,10,3339.0,131.6,214.0,5.07,34.81,KKR,1.0
Karthik Reddy,19,India,Bowler,16.0,1,736.0,133.5,611.0,7.5,33.95,RR,11.0
Vikas Chopra,28,Sri Lanka,Batter,100.0,6,3107.0,149.3,13.0,6.92,20.57,SRH,0.2
Harshit Patel,34,India,Bowler,350.0,16,1834.0,151.6,232.0,5.24,42.89,LSG,0.5
Amit Khan,25,India,Batter,169.0,6,7740.0,107.2,11.0,7.86,49.17,MI,1.0
Pranav Patel,36,India,Allrounder,252.0,15,2856.0,109.9,45.0,5.71,26.71,KKR,2.0
Irfan Chopra,33,South Africa,Batter,72.0,4,7733.0,152.2,3.0,6.55,41.07,MI,1.0
Amit Iyer,20,India,Allrounder,25.0,1,6800.0,152.3,264.0,7.23,28.07,LSG,2.0
Manoj Patel,32,England,Bowler,331.0,13,2913.0,130.9,396.0,4.02,37.77,PBKS,10.0
Rahul Deshmukh,42,Sri Lanka,Wicketkeeper,144.0,8,8240.0,123.7,0.0,0.0,22.17,RCB,5.0
Rohan Yadav,35,West Indies,Bowler,219.0,12,584.0,112.3,617.0,5.73,29.61,SRH,3.0
Manoj Khan,18,India,Wicketkeeper,27.0,1,5298.0,108.3,0.0,0.0,31.64,RCB,0.2
Manoj Deshmukh,25,India,Batter,118.0,5,3032.0,113.5,4.0,7.24,54.26,MI,5.0
Irfan Khan,27,India,Allrounder,221.0,9,4702.0,129.5,303.0,8.26,54.34,DC,0.5
Arjun Chopra,32,South Africa,Batter,358.0,12,6384.0,116.4,11.0,9.47,35.58,CSK,7.0
Harshit Mehta,33,West Indies,Bowler,232.0,13,177.0,131.5,877.5,7.64,27.45,GT,1.0
Vikas Naidu,29,West Indies,Batter,97.0,5,13077.0,107.3,3.0,8.41,31.88,RCB,2.0
Manoj Khan,23,India,Batter,67.0,4,13287.0,109.7,12.0,6.8,20.16,SRH,1.5
Amit Shetty,37,West Indies,Batter,232.0,11,4220.0,112.8,2.0,9.08,23.02,RR,7.0
Pranav Sharma,31,India,Bowler,19.0,1,3559.0,128.4,188.0,4.33,54.75,MI,0.5
Arjun Khan,42,Sri Lanka,Allrounder,94.0,5,3436.0,101.0,308.0,5.51,35.34,SRH,3.0
Arjun Malik,32,West Indies,Allrounder,341.0,13,8873.0,112.7,395.0,6.97,30.59,SRH,0.5
Nikhil Khan,25,India,Wicketkeeper,194.0,7,4604.0,120.5,0.0,0.0,31.0,GT,5.0
Nikhil Patel,23,England,Batter,87.0,3,10653.0,97.5,2.0,9.2,28.21,KKR,10.0
Sandeep Shetty,24,Australia,Allrounder,110.0,4,2143.0,145.0,202.0,7.83,23.9,MI,2.0
Nikhil Mehta,42,India,Batter,460.0,16,5006.0,136.6,1.0,9.41,29.54,DC,2.0
Harshit Sharma,42,West Indies,Wicketkeeper,176.0,9,9124.0,122.4,0.0,0.0,30.4,DC,10.0
Pranav Verma,21,Sri Lanka,Batter,28.0,1,13960.0,112.5,3.0,6.53,40.3,SRH,3.0
Vikas Verma,40,England,Allrounder,165.0,10,2148.0,116.8,158.0,7.89,32.18,CSK,2.0
Irfan Mehta,42,England,Batter,326.0,14,8155.0,133.7,8.0,7.64,46.31,SRH,3.0
Vikas Singh,40,West Indies,Bowler,334.0,12,1912.0,130.2,208.0,5.24,33.63,DC,5.0
Amit Singh,36,India,Allrounder,236.0,11,2061.0,104.9,90.0,7.51,28.99,DC,0.2
Ankit Verma,18,India,Batter,20.0,1,13116.0,148.4,6.0,7.49,40.07,CSK,7.0
Sandeep Mehta,27,India,Wicketkeeper,151.0,7,7326.0,152.9,0.0,0.0,23.61,LSG,2.0
Rohan Shetty,35,England,Allrounder,178.0,8,3031.0,120.1,260.0,6.61,41.01,DC,0.2
Harshit Khan,24,India,Allrounder,48.0,3,2766.0,145.5,167.0,7.84,43.46,DC,7.0
Sandeep Mehta,39,Sri Lanka,Wicketkeeper,20.0,1,11376.0,133.5,0.0,0.0,53.22,RR,1.5
Nikhil Chopra,30,West Indies,Batter,146.0,7,13221.0,145.0,0.0,7.34,52.25,RCB,0.2
Sandeep Sharma,26,Australia,Wicketkeeper,22.0,1,7128.0,124.5,0.0,0.0,45.52,PBKS,3.0
Irfan Yadav,21,India,Bowler,21.0,1,208.0,104.5,839.0,5.43,40.53,CSK,10.0
Sandeep Reddy,21,India,Bowler,28.0,1,2108.0,122.5,385.0,4.75,50.55,KKR,10.0
Manoj Chopra,36,Sri Lanka,Wicketkeeper,261.0,14,7019.0,100.2,0.0,0.0,21.06,RR,11.0
Irfan Singh,41,India,Batter,348.0,17,5757.0,114.9,2.0,8.12,34.63,KKR,10.0
Vikas Deshmukh,37,India,Allrounder,25.0,1,4936.0,100.2,332.0,6.42,20.12,RR,0.2
Manoj Shetty,19,Australia,Bowler,23.0,1,2967.0,108.1,849.0,7.41,34.91,SRH,1.5
Rohan Iyer,39,India,Allrounder,198.0,13,4860.0,144.6,266.0,8.4,23.78,MI,7.0
Vikas Kulkarni,18,India,Allrounder,20.0,1,4857.0,138.8,436.0,6.78,44.44,CSK,1.5
Rahul Kulkarni,38,Sri Lanka,Allrounder,51.0,3,1770.0,122.4,171.0,7.66,26.16,GT,3.0
Sameer Reddy,18,South Africa,Allrounder,22.0,1,5852.0,133.9,335.0,6.63,41.3,SRH,3.0
Arjun Verma,35,India,Bowler,114.0,5,2982.0,98.9,342.0,4.27,53.78,CSK,1.5
Nikhil Sharma,41,Sri Lanka,Wicketkeeper,427.0,21,7842.0,104.1,0.0,0.0,30.31,DC,10.0
Rohan Patel,34,India,Allrounder,33.0,2,5688.0,119.6,348.0,7.69,26.35,RR,2.0
Sameer Singh,40,India,Wicketkeeper,142.0,6,11768.0,123.0,0.0,0.0,39.91,CSK,2.0
Vikas Mehta,23,India,Allrounder,25.0,1,1692.0,150.1,402.0,6.58,29.96,CSK,11.0
Aditya Deshmukh,31,West Indies,Wicketkeeper,340.0,12,4526.0,134.7,0.0,0.0,23.93,SRH,2.0
Vikas Kulkarni,42,India,Batter,450.0,15,6944.0,139.5,7.0,7.37,27.87,KKR,0.5
Harshit Yadav,33,India,Batter,107.0,6,4469.0,104.2,14.0,8.06,23.59,CSK,2.0
Nikhil Singh,18,India,Allrounder,17.0,1,3192.0,135.5,170.0,6.83,23.97,LSG,7.0
Irfan Mehta,21,South Africa,Bowler,18.0,1,3681.0,108.5,477.0,7.49,24.2,CSK,7.0
Vikas Reddy,36,India,Allrounder,86.0,4,5590.0,105.2,54.0,5.71,23.17,MI,7.0
Karthik Sharma,32,England,Wicketkeeper,195.0,7,11164.0,142.9,0.0,0.0,37.34,RCB,5.0
Karthik Shetty,37,Sri Lanka,Bowler,90.0,4,993.0,152.0,877.5,5.48,32.99,MI,1.0
Aditya Khan,23,West Indies,Allrounder,108.0,4,8605.0,111.4,76.0,5.58,28.36,LSG,10.0
Arjun Mehta,19,India,Bowler,28.0,1,3336.0,112.5,757.0,5.9,38.06,SRH,10.0
Harshit Yadav,40,West Indies,Wicketkeeper,452.0,18,8586.0,135.2,0.0,0.0,47.21,MI,0.5
Karthik Reddy,22,West Indies,Wicketkeeper,73.0,3,2544.0,137.6,0.0,0.0,27.2,LSG,0.5
Sameer Patel,28,South Africa,Batter,86.0,5,4415.0,127.5,11.0,6.41,26.96,RR,11.0
Pranav Khan,24,India,Batter,64.0,3,5274.0,126.6,13.0,6.3,31.44,DC,10.0
Nikhil Khan,37,South Africa,Wicketkeeper,342.0,14,9499.0,140.4,0.0,0.0,31.0,LSG,10.0
Amit Naidu,37,India,Batter,473.5,19,4951.0,140.5,12.0,9.43,22.02,GT,10.0
Harshit Yadav,18,South Africa,Batter,23.0,1,13984.0,128.8,1.0,7.78,44.34,LSG,3.0
Vikas Chopra,27,Australia,Batter,132.0,8,3046.0,124.0,7.0,7.74,32.88,KKR,5.0
Ankit Singh,20,Sri Lanka,Batter,16.0,1,4139.0,151.8,7.0,6.95,31.12,LSG,3.0
Nikhil Khan,18,West Indies,Allrounder,20.0,1,7645.0,105.0,168.0,5.22,50.0,CSK,0.2
Pranav Malik,29,Australia,Batter,134.0,7,5492.0,141.7,0.0,8.05,48.31,PBKS,5.0
Sandeep Shetty,21,India,Batter,22.0,1,13641.0,128.0,11.0,8.88,26.2,RCB,2.0
Ankit Naidu,26,India,Bowler,21.0,1,3132.0,129.4,653.0,4.56,32.83,MI,5.0
Sandeep Kulkarni,26,West Indies,Wicketkeeper,84.0,5,4642.0,128.5,0.0,0.0,37.45,LSG,2.0
Sameer Kulkarni,21,Sri Lanka,Wicketkeeper,59.0,3,8559.0,131.1,0.0,0.0,21.12,DC,2.0
Nikhil Reddy,20,South Africa,Allrounder,43.0,2,2007.0,138.3,269.0,5.11,26.76,CSK,0.5
Rohan Naidu,40,India,Wicketkeeper,279.0,14,5928.0,134.1,0.0,0.0,39.13,MI,1.0
Rohan Chopra,27,Australia,Bowler,180.0,7,1866.0,145.1,429.0,7.73,34.46,DC,0.5
Irfan Naidu,21,West Indies,Allrounder,47.0,3,1703.0,102.0,200.0,7.16,33.52,PBKS,0.5
Manoj Kulkarni,34,Sri Lanka,Bowler,201.0,8,975.0,132.4,494.0,6.79,36.96,PBKS,11.0
Aditya Khan,19,India,Bowler,29.0,1,3427.0,143.2,701.0,4.67,29.56,CSK,0.5
Aditya Sharma,34,England,Batter,97.0,5,11182.0,131.7,7.0,8.87,33.05,PBKS,1.0
Arjun Singh,40,South Africa,Bowler,225.0,8,2297.0,108.9,315.0,4.15,51.12,PBKS,3.0
Rahul Reddy,26,India,Batter,139.0,6,8666.0,129.5,2.0,8.86,36.32,MI,3.0
Arjun Iyer,28,India,Bowler,43.0,2,629.0,123.0,709.0,6.46,42.55,RCB,0.5
Harshit Singh,42,West Indies,Wicketkeeper,134.0,7,6996.0,113.4,0.0,0.0,49.35,GT,7.0
Irfan Sharma,41,India,Wicketkeeper,317.0,20,7457.0,137.1,0.0,0.0,31.55,DC,7.0
Sandeep Reddy,35,India,Allrounder,99.0,5,8069.0,124.2,298.0,7.91,26.11,LSG,1.0
Ankit Chopra,34,Australia,Batter,189.0,12,13042.0,137.0,9.0,6.27,50.28,RR,1.0
Arjun Chopra,34,India,Batter,387.0,15,10649.0,134.3,0.0,8.83,24.95,RCB,10.0
Manoj Patel,42,Australia,Wicketkeeper,331.0,16,11001.0,100.6,0.0,0.0,32.08,DC,7.0
Rahul Khan,41,Sri Lanka,Wicketkeeper,16.0,1,2946.0,146.3,0.0,0.0,53.66,GT,5.0
Ankit Patel,20,India,Wicketkeeper,15.0,1,3539.0,109.5,0.0,0.0,46.67,RCB,0.2
Karthik Reddy,31,India,Allrounder,75.0,4,4816.0,96.9,198.0,7.01,39.0,PBKS,2.0
Irfan Kulkarni,38,West Indies,Bowler,435.0,15,1458.0,111.6,471.0,7.06,51.41,DC,3.0
Harshit Patel,35,India,Bowler,266.0,9,3689.0,99.6,696.0,4.9,25.6,RCB,0.5
Harshit Singh,34,India,Bowler,231.0,11,1002.0,120.0,117.0,7.18,47.89,SRH,2.0
Sandeep Reddy,21,India,Allrounder,70.0,3,3079.0,123.8,498.0,6.86,48.24,LSG,3.0
Ankit Yadav,22,India,Batter,90.0,3,7307.0,143.1,7.0,7.48,23.52,MI,1.5
Ankit Yadav,18,India,Allrounder,16.0,1,2898.0,137.2,205.0,7.23,51.47,MI,7.0
Karthik Singh,37,Sri Lanka,Allrounder,43.0,2,6392.0,131.3,84.0,5.79,35.16,SRH,7.0
Ankit Mehta,32,India,Bowler,50.0,2,3918.0,101.4,599.0,5.45,24.7,DC,1.5
Karthik Iyer,26,Australia,Batter,165.0,7,4400.0,140.0,4.0,8.93,33.38,GT,7.0
Karthik Iyer,32,India,Bowler,49.0,2,3381.0,99.8,632.0,7.15,41.87,SRH,0.2
Irfan Yadav,40,India,Bowler,254.0,16,1734.0,145.3,452.0,7.3,33.05,KKR,7.0
Harshit Reddy,29,India,Wicketkeeper,256.0,11,8116.0,139.7,0.0,0.0,34.96,MI,0.5
Aditya Khan,22,India,Batter,59.0,2,10268.0,126.8,13.0,8.94,46.77,RCB,0.2
Karthik Kulkarni,21,India,Wicketkeeper,50.0,3,5320.0,99.7,0.0,0.0,40.65,CSK,5.0
Harshit Deshmukh,35,India,Allrounder,44.0,2,2989.0,131.6,372.0,6.93,44.35,DC,2.0
Vikas Deshmukh,36,India,Bowler,265.0,9,2342.0,142.1,523.0,7.49,27.69,MI,10.0
Rohan Sharma,35,India,Allrounder,206.0,8,4155.0,102.3,368.0,7.89,41.78,DC,1.5
Aditya Khan,30,India,Batter,118.0,5,9494.0,101.1,9.0,9.09,49.74,RR,1.0
Amit Chopra,24,England,Batter,60.0,2,3167.0,125.2,2.0,8.8,30.81,GT,2.0
Karthik Khan,28,India,Bowler,217.0,8,3163.0,153.1,521.0,5.54,27.06,DC,2.0
Sandeep Iyer,40,West Indies,Wicketkeeper,235.0,8,5390.0,129.8,0.0,0.0,22.91,PBKS,1.5
Amit Singh,42,West Indies,Allrounder,140.0,6,4119.0,140.8,481.0,5.76,30.59,KKR,5.0
Vikas Singh,24,Australia,Bowler,23.0,1,630.0,125.0,142.0,7.75,38.08,GT,5.0
Arjun Verma,36,Australia,Batter,245.0,9,14662.0,152.4,5.0,6.13,26.1,SRH,7.0
Irfan Malik,42,Australia,Allrounder,40.0,2,7512.0,118.7,295.0,6.88,34.55,RCB,11.0
Sandeep Naidu,38,India,Wicketkeeper,409.0,19,5162.0,133.6,0.0,0.0,43.17,KKR,1.0
Pranav Chopra,40,West Indies,Batter,86.0,3,5616.0,125.0,7.0,6.54,47.67,CSK,5.0
Rohan Yadav,35,England,Wicketkeeper,54.0,2,10010.0,121.6,0.0,0.0,25.8,GT,1.5
Vikas Khan,23,India,Batter,130.0,5,8476.0,107.7,3.0,7.1,24.4,RCB,5.0
Pranav Malik,28,India,Wicketkeeper,114.0,6,9690.0,117.7,0.0,0.0,38.93,LSG,2.0
Karthik Iyer,30,Sri Lanka,Batter,51.0,2,14972.0,131.2,15.0,6.25,54.76,LSG,11.0
Pranav Deshmukh,41,Sri Lanka,Allrounder,270.0,14,2743.0,144.8,188.0,8.37,29.32,PBKS,5.0
Pranav Naidu,31,England,Allrounder,15.0,1,8760.0,145.0,109.0,5.08,21.95,CSK,11.0
Nikhil Iyer,40,India,Batter,68.0,3,11373.0,127.7,6.0,6.72,26.24,DC,7.0
Ankit Shetty,30,Sri Lanka,Bowler,192.0,12,2612.0,141.6,231.0,7.17,46.45,MI,10.0
Pranav Malik,26,South Africa,Allrounder,148.0,6,8983.0,108.2,170.0,7.86,45.51,RCB,7.0
Rohan Verma,31,India,Bowler,183.0,10,661.0,135.0,644.0,5.35,24.27,KKR,2.0
Irfan Patel,24,India,Bowler,71.0,4,2755.0,153.3,586.0,6.68,21.53,KKR,1.0
Harshit Sharma,24,Australia,Bowler,47.0,2,1181.0,102.4,89.0,4.36,35.07,SRH,1.5
Rohan Singh,38,Australia,Batter,24.0,1,7494.0,143.4,12.0,7.02,36.58,KKR,0.2
Aditya Khan,23,India,Wicketkeeper,46.0,2,3668.0,124.1,0.0,0.0,45.1,PBKS,3.0
Sandeep Verma,33,India,Wicketkeeper,61.0,3,10162.0,116.7,0.0,0.0,32.36,KKR,2.0
Rohan Malik,32,Australia,Batter,63.0,3,6926.0,141.8,15.0,8.65,20.5,GT,3.0
Ankit Kulkarni,30,Australia,Bowler,80.0,3,1180.0,107.8,652.0,4.55,32.31,DC,11.0
Nikhil Reddy,23,England,Allrounder,98.0,4,6016.0,135.1,292.0,6.02,48.98,DC,10.0
Rahul Yadav,31,India,Allrounder,324.0,13,8058.0,128.8,431.0,5.67,32.87,CSK,0.5
Amit Reddy,39,India,Batter,310.0,15,12964.0,132.2,3.0,7.77,51.28,RCB,1.5
Harshit Patel,30,India,Bowler,217.0,10,3049.0,100.2,363.0,4.73,41.95,GT,2.0
Nikhil Singh,42,South Africa,Allrounder,366.0,13,6939.0,104.8,210.0,6.38,24.1,RR,1.5
Amit Iyer,30,Sri Lanka,Wicketkeeper,289.0,12,4819.0,128.5,0.0,0.0,30.52,CSK,7.0
Sameer Yadav,26,South Africa,Batter,104.0,6,5306.0,119.4,14.0,9.49,27.43,CSK,3.0
Aditya Chopra,41,Sri Lanka,Allrounder,223.0,8,6407.0,109.7,433.0,7.2,37.29,DC,3.0
Rahul Shetty,39,Australia,Allrounder,226.0,10,2858.0,122.2,263.0,6.69,47.86,GT,7.0
Vikas Naidu,28,England,Allrounder,135.0,5,8689.0,149.3,455.0,5.76,47.7,CSK,7.0
Rahul Singh,29,Sri Lanka,Allrounder,114.0,5,3723.0,105.8,345.0,6.17,29.78,GT,0.5
Sandeep Iyer,21,England,Batter,32.0,2,11923.0,128.4,11.0,7.16,21.62,RCB,5.0
Manoj Chopra,39,India,Wicketkeeper,464.0,18,7669.0,149.9,0.0,0.0,23.45,MI,2.0
Rohan Mehta,29,West Indies,Batter,29.0,1,9914.0,101.6,3.0,6.98,28.98,CSK,1.0
Arjun Shetty,29,India,Allrounder,158.0,8,7483.0,131.9,298.0,7.93,27.96,CSK,0.2
Arjun Kulkarni,39,India,Batter,306.0,14,11156.0,143.0,4.0,9.05,46.38,CSK,2.0
Aditya Shetty,23,India,Batter,64.0,3,5151.0,132.2,15.0,8.97,37.55,PBKS,1.5
Karthik Singh,26,India,Allrounder,184.0,8,7969.0,108.4,72.0,6.31,39.51,RCB,1.0
Ankit Reddy,29,Australia,Batter,168.0,6,13095.0,130.6,7.0,9.11,52.19,RCB,5.0
Nikhil Mehta,41,India,Bowler,248.0,16,1116.0,136.7,291.0,5.36,42.7,DC,7.0
Amit Verma,19,South Africa,Wicketkeeper,22.0,1,10599.0,135.2,0.0,0.0,42.58,RCB,1.0
Aditya Deshmukh,29,West Indies,Wicketkeeper,228.0,10,8897.0,108.3,0.0,0.0,25.03,RCB,0.2
Arjun Shetty,38,Sri Lanka,Allrounder,465.0,17,1747.0,97.7,229.0,8.43,36.37,DC,7.0
Ankit Mehta,18,Sri Lanka,Wicketkeeper,26.0,1,5724.0,120.5,0.0,0.0,32.6,PBKS,0.2
Irfan Mehta,41,West Indies,Bowler,473.5,20,3156.0,139.7,720.0,6.97,51.68,MI,10.0
Amit Singh,38,West Indies,Allrounder,113.0,4,3558.0,128.9,251.0,6.38,51.23,SRH,3.0
Nikhil Khan,41,West Indies,Bowler,329.0,12,799.0,153.2,449.0,7.78,45.12,MI,1.5
Arjun Khan,34,India,Allrounder,44.0,2,4657.0,96.4,456.0,5.5,48.88,KKR,1.0
Sameer Singh,35,India,Batter,126.0,5,3387.0,139.8,4.0,8.94,29.8,SRH,0.2
Sandeep Deshmukh,42,India,Allrounder,258.0,9,7379.0,114.0,156.0,7.24,35.77,MI,1.0
Nikhil Reddy,42,Sri Lanka,Allrounder,389.0,17,3542.0,149.8,405.0,6.34,28.2,RCB,0.5
Arjun Singh,40,Sri Lanka,Allrounder,215.0,14,2045.0,116.7,162.0,7.02,43.21,CSK,3.0
Harshit Iyer,40,England,Bowler,231.0,10,3054.0,150.4,104.0,6.15,23.56,KKR,0.5
Ankit Naidu,26,India,Batter,130.0,5,5116.0,141.0,1.0,6.77,32.91,MI,3.0
Amit Patel,34,India,Bowler,38.0,2,361.0,125.2,227.0,4.63,42.82,MI,3.0
Aditya Sharma,29,South Africa,Wicketkeeper,135.0,9,4734.0,97.7,0.0,0.0,30.21,SRH,1.0
Amit Mehta,38,India,Allrounder,105.0,6,2361.0,126.2,355.0,7.83,21.24,RCB,0.2
Ankit Iyer,35,India,Allrounder,473.5,17,2644.0,133.3,304.0,5.99,26.98,RR,0.2
Karthik Sharma,42,South Africa,Bowler,406.0,22,529.0,135.6,462.0,7.14,36.5,RCB,0.2
Nikhil Naidu,36,India,Wicketkeeper,107.0,5,3245.0,149.9,0.0,0.0,33.71,RR,5.0
Arjun Malik,23,India,Batter,110.0,4,4911.0,134.7,0.0,6.82,40.07,KKR,1.0
Sandeep Singh,19,India,Allrounder,15.0,1,7610.0,115.6,417.0,6.17,33.94,SRH,7.0
Harshit Kulkarni,24,West Indies,Batter,86.0,3,13094.0,137.6,6.0,7.02,42.8,GT,2.0
Manoj Malik,26,Australia,Wicketkeeper,146.0,6,10784.0,121.4,0.0,0.0,33.92,SRH,2.0
Nikhil Iyer,39,India,Wicketkeeper,327.0,19,9139.0,116.9,0.0,0.0,29.92,RR,2.0
Aditya Kulkarni,38,South Africa,Wicketkeeper,69.0,3,8938.0,100.1,0.0,0.0,29.39,SRH,5.0
Sandeep Reddy,39,India,Bowler,356.0,21,2100.0,127.9,635.0,5.22,47.08,RR,1.0
Manoj Chopra,22,Australia,Wicketkeeper,83.0,4,11014.0,118.7,0.0,0.0,53.07,RCB,0.5
Rahul Reddy,38,India,Allrounder,259.0,10,3326.0,154.1,215.0,7.9,50.67,RR,3.0
Rohan Deshmukh,32,Australia,Allrounder,279.0,13,2917.0,130.9,193.0,7.16,24.53,GT,1.5
Harshit Patel,18,West Indies,Allrounder,21.0,1,7829.0,131.0,142.0,7.53,37.74,RR,2.0
Rahul Kulkarni,21,Sri Lanka,Bowler,35.0,2,2687.0,121.6,323.0,6.63,38.34,SRH,5.0
Sandeep Naidu,34,England,Bowler,40.0,2,1224.0,138.0,365.0,5.51,50.68,CSK,2.0
Rohan Khan,18,India,Wicketkeeper,23.0,1,6166.0,145.5,0.0,0.0,47.51,MI,3.0
Arjun Mehta,22,India,Allrounder,30.0,1,6493.0,149.7,470.0,5.05,29.62,RCB,3.0
Manoj Khan,18,India,Bowler,22.0,1,1553.0,106.8,744.0,7.37,35.39,RR,5.0
Rohan Kulkarni,32,England,Bowler,121.0,7,3626.0,133.4,630.0,6.85,34.56,GT,5.0
Irfan Chopra,28,India,Allrounder,89.0,3,7109.0,127.9,88.0,7.38,29.65,CSK,3.0
Vikas Deshmukh,22,Sri Lanka,Batter,27.0,1,11399.0,107.3,10.0,8.26,44.29,RCB,5.0
Ankit Kulkarni,29,India,Wicketkeeper,172.0,10,10302.0,95.2,0.0,0.0,39.21,RCB,10.0
Amit Iyer,33,India,Batter,224.0,14,8245.0,113.2,6.0,7.4,38.05,GT,2.0
Amit Reddy,37,India,Bowler,27.0,1,2045.0,152.9,762.0,6.45,49.16,SRH,2.0
Rohan Mehta,18,India,Batter,29.0,1,11408.0,123.7,6.0,8.51,33.73,RCB,7.0
Amit Naidu,26,India,Batter,26.0,1,14084.0,116.5,0.0,6.11,49.69,LSG,3.0
Nikhil Chopra,22,India,Batter,16.0,1,13383.0,122.7,13.0,7.34,29.51,DC,0.2
Vikas Chopra,40,India,Allrounder,22.0,1,4563.0,98.7,498.0,5.96,41.48,RCB,10.0
Irfan Patel,24,West Indies,Allrounder,136.0,5,2669.0,131.4,279.0,6.57,39.14,MI,0.2
Vikas Shetty,26,Sri Lanka,Bowler,67.0,3,1771.0,140.1,151.0,7.04,47.0,MI,5.0
Irfan Patel,24,England,Bowler,97.0,4,3752.0,116.2,469.0,5.9,52.67,MI,5.0
Pranav Singh,38,India,Allrounder,473.5,20,6006.0,104.2,70.0,5.19,34.69,SRH,11.0
Karthik Reddy,35,Australia,Allrounder,196.0,11,7637.0,95.5,401.0,7.15,45.18,KKR,0.2
Vikas Patel,31,Australia,Allrounder,46.0,3,6805.0,124.1,128.0,6.96,34.82,RR,3.0
Vikas Mehta,40,India,Wicketkeeper,197.0,7,6879.0,126.2,0.0,0.0,25.66,KKR,2.0
Rahul Kulkarni,29,West Indies,Allrounder,174.0,8,1668.0,112.4,415.0,5.38,44.83,RCB,1.5
Karthik Khan,39,India,Wicketkeeper,229.0,8,7994.0,130.3,0.0,0.0,36.8,PBKS,0.2
Harshit Yadav,26,Sri Lanka,Allrounder,85.0,3,1692.0,128.6,106.0,7.0,30.75,MI,3.0
Sandeep Patel,33,West Indies,Wicketkeeper,191.0,8,10561.0,100.8,0.0,0.0,51.39,LSG,2.0
Arjun Iyer,41,England,Wicketkeeper,76.0,5,3278.0,131.0,0.0,0.0,44.42,RR,0.2
Aditya Iyer,38,England,Batter,141.0,7,11406.0,140.4,7.0,7.62,40.46,KKR,3.0
Ankit Yadav,31,South Africa,Bowler,167.0,7,461.0,148.4,643.0,4.2,30.69,PBKS,5.0
Nikhil Singh,24,India,Bowler,34.0,2,289.0,100.3,429.0,4.52,45.22,KKR,7.0
Sandeep Iyer,28,India,Allrounder,177.0,10,4272.0,137.0,345.0,7.46,52.05,KKR,10.0
Amit Singh,40,West Indies,Batter,473.5,22,3688.0,128.7,15.0,7.22,41.68,MI,2.0
Sandeep Chopra,36,India,Bowler,427.0,16,2284.0,113.7,672.0,7.72,53.47,MI,11.0
Amit Khan,21,West Indies,Wicketkeeper,66.0,3,3295.0,103.9,0.0,0.0,46.74,GT,10.0
Arjun Chopra,19,India,Bowler,18.0,1,3048.0,144.0,306.0,6.4,21.0,PBKS,1.0
Manoj Sharma,22,South Africa,Bowler,15.0,1,783.0,99.2,312.0,4.3,40.75,PBKS,0.5
Irfan Patel,33,South Africa,Wicketkeeper,149.0,5,2529.0,131.2,0.0,0.0,51.71,RCB,2.0
Sameer Naidu,32,India,Batter,89.0,3,7698.0,99.1,9.0,7.64,27.33,PBKS,2.0
Nikhil Sharma,31,India,Wicketkeeper,162.0,10,5061.0,95.5,0.0,0.0,47.19,PBKS,3.0
Karthik Mehta,24,India,Bowler,23.0,1,1098.0,154.9,492.0,7.1,34.43,GT,3.0
Nikhil Khan,18,Australia,Wicketkeeper,20.0,1,6033.0,96.2,0.0,0.0,28.22,MI,5.0
Amit Iyer,28,India,Bowler,163.0,10,3235.0,152.7,396.0,6.23,23.63,LSG,2.0
Ankit Singh,36,India,Batter,316.0,16,7554.0,137.1,7.0,6.43,43.35,CSK,0.2
Sameer Patel,18,Sri Lanka,Batter,15.0,1,8655.0,143.8,3.0,6.88,24.51,RR,7.0
Karthik Singh,22,England,Batter,21.0,1,8805.0,107.1,9.0,9.24,22.85,KKR,1.0
Manoj Singh,39,Sri Lanka,Bowler,134.0,6,1525.0,106.3,625.0,5.29,38.44,KKR,11.0
Pranav Chopra,26,South Africa,Bowler,55.0,2,3380.0,124.5,397.0,6.61,43.12,RCB,0.2
Rohan Shetty,23,England,Batter,84.0,3,9531.0,96.7,3.0,7.28,54.09,GT,11.0
Ankit Kulkarni,34,England,Wicketkeeper,215.0,10,9711.0,144.2,0.0,0.0,22.57,GT,0.2
Pranav Sharma,25,South Africa,Bowler,120.0,7,3977.0,133.1,262.0,5.71,26.67,MI,1.0
Rohan Iyer,33,India,Bowler,356.0,15,3485.0,127.0,161.0,6.2,27.29,RR,0.2
Karthik Patel,20,West Indies,Batter,48.0,2,5077.0,140.5,6.0,6.49,31.29,RR,5.0
Rahul Patel,22,South Africa,Wicketkeeper,29.0,1,7686.0,109.6,0.0,0.0,45.83,SRH,7.0
Ankit Shetty,24,India,Batter,25.0,1,8818.0,111.6,14.0,8.58,50.54,LSG,2.0
Rohan Yadav,41,India,Batter,54.0,2,10255.0,115.7,12.0,8.41,34.96,CSK,10.0
Pranav Chopra,32,Australia,Batter,235.0,11,3131.0,107.7,8.0,8.54,36.41,RCB,3.0
Rohan Iyer,22,India,Bowler,49.0,2,1354.0,127.4,352.0,6.48,41.29,CSK,3.0
Sandeep Shetty,20,Sri Lanka,Allrounder,28.0,1,5381.0,107.0,240.0,6.91,34.36,PBKS,7.0
Vikas Deshmukh,27,India,Wicketkeeper,52.0,3,5815.0,126.9,0.0,0.0,47.3,KKR,1.0
Irfan Iyer,23,India,Wicketkeeper,85.0,3,10124.0,134.2,0.0,0.0,34.93,MI,1.5
Amit Deshmukh,26,England,Allrounder,33.0,2,5055.0,101.5,382.0,8.41,27.24,DC,10.0
Karthik Khan,42,India,Wicketkeeper,126.0,5,4526.0,115.5,0.0,0.0,28.0,RCB,10.0
Sameer Malik,39,South Africa,Bowler,232.0,14,1887.0,97.4,396.0,6.38,26.21,SRH,11.0
Pranav Deshmukh,30,India,Wicketkeeper,82.0,5,10242.0,112.6,0.0,0.0,43.92,GT,10.0
Aditya Deshmukh,39,India,Allrounder,473.5,19,4272.0,142.9,281.0,8.07,26.37,RCB,0.5
Rohan Chopra,18,Sri Lanka,Wicketkeeper,17.0,1,7710.0,128.9,0.0,0.0,21.05,KKR,7.0
Karthik Reddy,24,India,Bowler,30.0,1,3985.0,143.4,364.0,5.18,35.98,KKR,2.0
Karthik Verma,34,India,Wicketkeeper,110.0,4,4888.0,104.0,0.0,0.0,35.35,KKR,11.0
Karthik Iyer,21,South Africa,Bowler,74.0,3,912.0,118.6,383.0,4.75,37.07,DC,2.0
Irfan Yadav,39,Sri Lanka,Allrounder,444.0,16,6103.0,151.2,190.0,6.22,39.69,MI,3.0
Pranav Verma,40,England,Wicketkeeper,69.0,3,2881.0,145.6,0.0,0.0,46.63,LSG,3.0
Karthik Deshmukh,37,Australia,Allrounder,66.0,4,4558.0,124.8,272.0,7.31,20.08,DC,1.5
Pranav Verma,37,West Indies,Batter,256.0,14,6783.0,116.4,8.0,8.15,24.12,RCB,0.2
Nikhil Naidu,22,West Indies,Batter,43.0,2,5049.0,139.1,4.0,7.56,53.66,GT,10.0
Irfan Yadav,25,India,Allrounder,109.0,6,2477.0,127.6,154.0,6.31,49.79,SRH,7.0
Sameer Chopra,38,Sri Lanka,Wicketkeeper,102.0,5,5188.0,115.0,0.0,0.0,24.98,LSG,0.5
Amit Mehta,28,India,Wicketkeeper,222.0,10,10597.0,111.9,0.0,0.0,51.47,PBKS,7.0
Nikhil Chopra,29,India,Allrounder,212.0,9,3631.0,114.8,162.0,5.56,36.26,PBKS,3.0
Nikhil Verma,22,Australia,Batter,26.0,1,4207.0,151.3,14.0,8.96,34.9,CSK,2.0
Aditya Patel,32,India,Batter,238.0,10,7639.0,104.7,8.0,9.26,25.49,LSG,1.0
Ankit Yadav,36,India,Batter,226.0,11,10064.0,125.6,0.0,9.32,26.51,RR,7.0
Arjun Iyer,32,India,Wicketkeeper,323.0,14,7145.0,124.3,0.0,0.0,47.41,RR,5.0
Arjun Malik,40,South Africa,Wicketkeeper,23.0,1,9276.0,144.6,0.0,0.0,50.24,DC,3.0
Ankit Malik,29,India,Batter,63.0,3,11810.0,147.0,10.0,7.99,37.85,LSG,3.0
Ankit Verma,30,Australia,Wicketkeeper,234.0,12,10854.0,131.4,0.0,0.0,46.56,RR,0.2
Amit Deshmukh,36,India,Bowler,463.0,16,2.0,99.4,367.0,5.62,32.26,LSG,2.0
Amit Deshmukh,30,India,Wicketkeeper,122.0,7,9226.0,132.4,0.0,0.0,26.73,DC,0.5
Harshit Verma,41,India,Bowler,72.0,4,3604.0,112.6,102.0,4.56,21.12,LSG,0.5
Manoj Verma,28,India,Batter,84.0,3,13594.0,110.5,2.0,8.6,24.35,CSK,5.0
Manoj Reddy,41,India,Batter,306.0,15,7862.0,145.6,3.0,8.45,20.7,PBKS,10.0
Irfan Iyer,40,India,Batter,450.0,21,15000.0,151.7,0.0,6.82,33.48,MI,2.0
Ankit Shetty,36,India,Allrounder,70.0,3,5510.0,111.5,139.0,8.29,27.63,GT,0.5
Nikhil Deshmukh,34,Sri Lanka,Bowler,105.0,7,3437.0,100.1,379.0,4.81,51.38,PBKS,5.0
Ankit Reddy,37,India,Bowler,473.5,17,1927.0,152.3,128.0,7.72,49.82,KKR,10.0
Harshit Shetty,24,India,Batter,69.0,4,11263.0,134.7,15.0,8.96,48.92,PBKS,5.0
Karthik Reddy,28,Sri Lanka,Allrounder,67.0,3,6902.0,118.3,132.0,5.73,42.43,GT,10.0
Karthik Khan,30,Sri Lanka,Bowler,150.0,5,2014.0,134.6,831.0,7.32,49.37,PBKS,3.0
Rohan Iyer,28,Sri Lanka,Allrounder,50.0,3,7762.0,138.0,461.0,6.66,54.3,MI,5.0
Arjun Verma,37,England,Wicketkeeper,96.0,4,11622.0,104.2,0.0,0.0,52.44,PBKS,0.5
Sameer Khan,23,Australia,Bowler,101.0,4,1282.0,133.6,708.0,5.98,50.73,SRH,1.5
Irfan Naidu,19,Australia,Bowler,16.0,1,1128.0,120.1,699.0,5.56,38.45,DC,1.5
Harshit Patel,38,India,Batter,167.0,11,4288.0,124.8,0.0,6.07,30.19,SRH,2.0
Manoj Mehta,35,England,Bowler,383.0,15,3217.0,100.3,394.0,7.53,36.08,CSK,10.0
Karthik Yadav,32,India,Bowler,57.0,2,1540.0,149.1,788.0,7.6,44.55,PBKS,10.0
Harshit Kulkarni,30,West Indies,Allrounder,114.0,7,6820.0,111.8,311.0,7.06,32.84,PBKS,0.5
Vikas Mehta,24,Sri Lanka,Batter,107.0,4,6624.0,142.2,3.0,6.32,31.34,SRH,0.5
Irfan Verma,42,Sri Lanka,Allrounder,95.0,6,5559.0,116.5,219.0,7.34,36.25,PBKS,1.5
Manoj Naidu,21,India,Wicketkeeper,31.0,2,5011.0,128.3,0.0,0.0,48.06,SRH,1.0
Rohan Deshmukh,35,South Africa,Wicketkeeper,202.0,13,9927.0,107.7,0.0,0.0,33.96,MI,3.0
Nikhil Khan,25,England,Batter,110.0,7,7416.0,99.5,15.0,6.46,41.16,GT,10.0
Ankit Reddy,35,India,Allrounder,98.0,5,8705.0,98.6,316.0,5.66,51.4,RR,11.0
Amit Malik,38,India,Allrounder,161.0,6,8011.0,103.1,382.0,6.87,21.87,GT,5.0
Karthik Kulkarni,32,India,Bowler,276.0,12,1273.0,123.3,590.0,4.46,43.4,SRH,7.0
Rohan Verma,19,India,Batter,28.0,1,13890.0,103.7,0.0,8.24,42.17,PBKS,3.0
Amit Shetty,33,Sri Lanka,Bowler,358.0,12,3744.0,122.9,451.0,5.54,48.05,RCB,0.5
Nikhil Verma,38,India,Wicketkeeper,275.0,18,8364.0,114.9,0.0,0.0,25.14,KKR,3.0
Harshit Shetty,19,Australia,Batter,21.0,1,9381.0,107.7,10.0,9.06,30.29,PBKS,3.0
Irfan Khan,37,England,Batter,281.0,14,8653.0,136.0,8.0,8.47,48.01,LSG,5.0
Sandeep Yadav,40,South Africa,Bowler,334.0,22,1706.0,116.1,865.0,4.7,24.41,KKR,0.5
Vikas Shetty,40,Sri Lanka,Allrounder,353.0,19,6291.0,112.6,386.0,6.89,44.11,SRH,1.5
Sandeep Khan,31,England,Bowler,183.0,10,2351.0,98.6,799.0,4.0,35.14,MI,1.5
Rahul Deshmukh,36,India,Wicketkeeper,310.0,12,11080.0,152.5,0.0,0.0,51.18,LSG,11.0
Arjun Chopra,29,South Africa,Batter,109.0,5,12891.0,120.0,0.0,9.48,21.63,RCB,2.0
Rahul Deshmukh,39,England,Allrounder,442.0,19,5462.0,135.5,111.0,6.07,24.73,RCB,5.0
Vikas Sharma,27,Australia,Bowler,148.0,7,2205.0,98.4,789.0,5.14,36.62,KKR,5.0
Nikhil Kulkarni,41,India,Batter,160.0,10,11296.0,100.5,9.0,6.73,34.39,SRH,1.0
Irfan Reddy,25,Australia,Wicketkeeper,153.0,6,3138.0,116.1,0.0,0.0,38.81,RR,3.0
Rahul Shetty,28,South Africa,Wicketkeeper,90.0,5,6184.0,139.9,0.0,0.0,23.94,PBKS,10.0
Manoj Mehta,42,Sri Lanka,Batter,371.0,22,10722.0,96.6,3.0,8.77,35.51,DC,2.0
Sameer Iyer,25,Sri Lanka,Batter,25.0,1,5614.0,152.4,15.0,8.06,40.09,GT,11.0
Rohan Sharma,40,England,Allrounder,99.0,5,8670.0,126.1,229.0,5.56,33.85,RR,0.5
Rahul Naidu,40,India,Wicketkeeper,80.0,3,10845.0,123.8,0.0,0.0,26.9,MI,0.2
Sameer Yadav,22,Sri Lanka,Batter,34.0,2,6793.0,104.0,12.0,7.75,46.04,MI,10.0
Sandeep Khan,41,India,Bowler,46.0,3,187.0,99.7,862.0,6.26,51.14,GT,7.0
Nikhil Khan,21,India,Allrounder,78.0,3,6729.0,114.0,393.0,7.16,21.6,SRH,11.0
Amit Yadav,33,Australia,Allrounder,127.0,5,5135.0,117.4,54.0,7.21,51.77,KKR,5.0
Vikas Reddy,29,India,Wicketkeeper,156.0,8,3485.0,97.1,0.0,0.0,21.37,SRH,10.0
Nikhil Singh,23,India,Wicketkeeper,53.0,2,2578.0,152.0,0.0,0.0,53.77,RR,7.0
Aditya Kulkarni,37,India,Allrounder,149.0,9,2716.0,138.0,309.0,5.1,27.75,RR,7.0
Nikhil Chopra,34,Australia,Bowler,99.0,5,1946.0,147.1,560.0,6.67,23.53,GT,3.0
Arjun Yadav,22,West Indies,Batter,25.0,1,4398.0,96.4,15.0,6.84,21.53,MI,1.5
Nikhil Kulkarni,28,India,Batter,120.0,4,14227.0,143.0,0.0,6.1,30.44,LSG,10.0
Arjun Iyer,26,Australia,Batter,114.0,7,5048.0,142.3,4.0,7.73,37.32,CSK,2.0
Irfan Khan,28,West Indies,Wicketkeeper,22.0,1,5412.0,120.8,0.0,0.0,20.41,PBKS,3.0
Ankit Kulkarni,20,West Indies,Allrounder,50.0,2,7769.0,102.5,256.0,6.99,46.76,RR,2.0
Manoj Chopra,24,India,Allrounder,23.0,1,7581.0,135.5,486.0,5.9,42.62,LSG,3.0
Rahul Reddy,20,England,Allrounder,25.0,1,3131.0,111.0,352.0,7.16,29.35,RR,2.0
Irfan Deshmukh,22,India,Batter,24.0,1,9439.0,95.8,8.0,9.02,26.35,MI,0.2
Karthik Chopra,39,India,Batter,473.5,17,3876.0,144.0,14.0,8.14,32.54,GT,10.0
Nikhil Chopra,33,India,Batter,119.0,4,5909.0,128.4,5.0,8.29,22.26,KKR,2.0
Pranav Sharma,34,India,Batter,119.0,5,5460.0,143.8,6.0,8.18,54.74,RCB,3.0
Karthik Deshmukh,26,India,Batter,91.0,5,5669.0,134.6,10.0,6.1,34.51,MI,0.5
Karthik Mehta,32,West Indies,Wicketkeeper,41.0,2,3199.0,95.6,0.0,0.0,41.5,MI,0.2
Nikhil Naidu,30,India,Batter,91.0,5,3395.0,117.7,6.0,6.43,29.15,LSG,1.0
Sameer Khan,30,Australia,Wicketkeeper,29.0,1,3118.0,116.7,0.0,0.0,37.24,MI,5.0
Harshit Verma,24,Sri Lanka,Allrounder,100.0,4,7401.0,128.2,498.0,6.26,28.35,DC,0.2
Manoj Kulkarni,31,India,Wicketkeeper,237.0,11,4471.0,133.1,0.0,0.0,49.88,KKR,10.0
Aditya Mehta,40,India,Batter,128.0,7,5908.0,125.5,7.0,6.78,42.7,RCB,0.5
Harshit Kulkarni,36,India,Wicketkeeper,160.0,10,3309.0,128.9,0.0,0.0,32.8,GT,0.5
Karthik Patel,29,South Africa,Wicketkeeper,27.0,1,5942.0,133.5,0.0,0.0,20.99,DC,0.5
Manoj Chopra,30,India,Allrounder,151.0,9,1789.0,127.0,336.0,6.29,20.72,GT,0.2
Harshit Yadav,38,West Indies,Wicketkeeper,395.0,20,3277.0,125.5,0.0,0.0,42.9,SRH,7.0
Sameer Singh,26,India,Batter,106.0,6,9699.0,101.8,12.0,8.66,54.67,LSG,10.0
Manoj Iyer,24,Sri Lanka,Allrounder,19.0,1,2562.0,116.8,477.0,7.12,28.72,DC,3.0
Nikhil Shetty,24,Australia,Batter,79.0,4,5619.0,147.9,8.0,8.01,38.22,MI,0.5
Rahul Kulkarni,28,India,Bowler,208.0,9,2453.0,116.5,477.0,6.51,33.59,RR,1.0
Nikhil Patel,42,India,Batter,334.0,22,11106.0,137.3,14.0,7.0,32.57,KKR,2.0
Nikhil Iyer,23,Sri Lanka,Bowler,82.0,4,223.0,117.2,382.0,4.72,49.88,GT,11.0
Sameer Khan,29,India,Bowler,112.0,4,3391.0,115.1,389.0,6.81,51.74,GT,1.0
Sandeep Deshmukh,35,Sri Lanka,Batter,283.0,12,13217.0,98.0,11.0,6.26,24.46,DC,5.0
Sandeep Singh,34,India,Wicketkeeper,173.0,7,9396.0,102.0,0.0,0.0,23.07,MI,2.0
Karthik Iyer,31,West Indies,Batter,116.0,5,14224.0,131.1,11.0,8.31,42.67,GT,1.0
Vikas Mehta,20,England,Allrounder,36.0,2,3767.0,140.4,217.0,7.41,27.25,SRH,2.0
Sandeep Patel,23,South Africa,Allrounder,57.0,2,2518.0,129.8,79.0,7.18,53.03,SRH,0.2
Aditya Singh,40,Sri Lanka,Batter,81.0,3,14694.0,98.5,8.0,6.81,42.87,DC,7.0
Harshit Verma,23,India,Bowler,34.0,2,1253.0,112.0,245.0,6.81,39.98,MI,1.0
Arjun Mehta,31,India,Bowler,276.0,12,1300.0,152.6,197.0,4.23,23.85,GT,5.0
Ankit Deshmukh,37,England,Wicketkeeper,357.0,12,9174.0,99.1,0.0,0.0,21.54,SRH,0.2
Manoj Reddy,18,Sri Lanka,Allrounder,21.0,1,6217.0,100.8,413.0,6.5,46.06,MI,11.0
Rahul Naidu,37,England,Allrounder,314.0,13,1532.0,110.6,287.0,8.15,42.01,RR,0.5
Nikhil Patel,32,India,Allrounder,162.0,10,3058.0,118.2,106.0,5.15,30.25,RCB,10.0
Manoj Yadav,29,India,Wicketkeeper,180.0,9,3800.0,108.7,0.0,0.0,42.57,LSG,7.0
Amit Mehta,31,India,Wicketkeeper,375.0,13,9634.0,102.8,0.0,0.0,50.12,MI,11.0
Rahul Khan,31,India,Wicketkeeper,321.0,12,4730.0,134.9,0.0,0.0,44.88,LSG,2.0
Nikhil Naidu,24,India,Wicketkeeper,57.0,2,2893.0,151.1,0.0,0.0,52.98,MI,5.0
Pranav Singh,23,India,Batter,115.0,4,6569.0,124.7,4.0,7.93,31.74,MI,1.5
Rahul Chopra,31,India,Batter,257.0,10,7023.0,127.3,15.0,8.5,52.65,LSG,0.5
Harshit Verma,30,India,Wicketkeeper,79.0,3,9053.0,109.3,0.0,0.0,30.86,RCB,2.0
Rahul Mehta,19,India,Bowler,24.0,1,3377.0,143.4,159.0,5.2,23.47,MI,0.5
Rohan Kulkarni,30,South Africa,Allrounder,298.0,11,5903.0,120.7,120.0,6.59,22.56,LSG,11.0
Vikas Kulkarni,26,Sri Lanka,Bowler,100.0,4,1066.0,125.8,632.0,5.56,22.28,MI,0.2
Aditya Verma,40,England,Wicketkeeper,186.0,10,2714.0,125.6,0.0,0.0,53.57,MI,3.0
Rohan Naidu,42,Australia,Batter,191.0,7,11475.0,126.9,0.0,9.43,38.03,DC,3.0
Rohan Naidu,30,West Indies,Wicketkeeper,37.0,2,8967.0,112.1,0.0,0.0,54.9,KKR,3.0
Karthik Patel,31,India,Allrounder,222.0,10,3800.0,122.2,355.0,5.96,20.1,GT,5.0
Manoj Khan,37,Sri Lanka,Allrounder,334.0,17,4404.0,99.3,227.0,6.22,46.03,SRH,0.2
Ankit Kulkarni,25,England,Wicketkeeper,155.0,7,2588.0,128.7,0.0,0.0,40.03,DC,3.0
Vikas Yadav,28,India,Bowler,231.0,10,440.0,143.9,509.0,5.09,20.11,GT,1.0
Irfan Yadav,42,South Africa,Batter,473.5,19,6697.0,134.6,3.0,7.17,51.78,CSK,11.0
Nikhil Iyer,40,England,Bowler,332.0,21,977.0,127.5,341.0,4.89,38.83,GT,7.0
Nikhil Sharma,20,India,Allrounder,27.0,1,5308.0,98.0,84.0,8.06,34.86,LSG,11.0
Sandeep Malik,29,West Indies,Allrounder,53.0,2,4650.0,96.3,133.0,5.64,25.15,DC,0.2
Amit Chopra,21,West Indies,Batter,32.0,2,6181.0,107.9,5.0,9.42,52.73,LSG,1.0
Rahul Malik,37,India,Batter,473.5,19,14366.0,150.9,5.0,6.72,42.91,MI,0.5
Amit Singh,38,India,Allrounder,350.0,15,3418.0,129.9,183.0,5.4,31.15,GT,0.2
Ankit Deshmukh,42,West Indies,Wicketkeeper,329.0,12,11246.0,118.0,0.0,0.0,35.41,PBKS,1.0
Pranav Sharma,41,England,Bowler,473.5,19,3252.0,134.8,265.0,5.61,46.89,GT,5.0
Sameer Shetty,26,India,Allrounder,170.0,6,2273.0,150.5,260.0,6.15,52.85,CSK,1.0
Karthik Deshmukh,25,India,Batter,149.0,7,12731.0,95.9,10.0,6.14,34.88,KKR,2.0
Rahul Iyer,32,England,Allrounder,216.0,11,5549.0,111.7,254.0,7.07,29.08,RCB,10.0
Arjun Iyer,38,India,Allrounder,418.0,19,8535.0,131.1,86.0,7.37,25.85,GT,5.0
Amit Kulkarni,19,India,Bowler,16.0,1,359.0,135.8,845.0,7.36,32.69,LSG,1.5
Vikas Yadav,38,India,Wicketkeeper,313.0,12,3175.0,136.0,0.0,0.0,23.94,PBKS,1.5
Aditya Kulkarni,38,South Africa,Allrounder,404.0,16,3776.0,105.1,187.0,6.64,21.45,LSG,2.0
Sandeep Malik,37,India,Bowler,129.0,7,134.0,104.0,761.0,5.29,42.17,PBKS,0.5
Sandeep Khan,33,India,Allrounder,350.0,14,6453.0,103.9,165.0,7.36,20.86,KKR,3.0
Nikhil Shetty,20,West Indies,Allrounder,16.0,1,4935.0,95.1,329.0,7.77,32.04,GT,1.5
Manoj Yadav,27,India,Batter,84.0,5,13859.0,144.1,6.0,7.73,49.35,LSG,7.0
Aditya Singh,31,India,Batter,199.0,7,12213.0,109.8,5.0,8.54,45.21,PBKS,5.0
Vikas Chopra,23,England,Wicketkeeper,69.0,3,9726.0,109.8,0.0,0.0,27.51,RCB,3.0
Karthik Khan,21,England,Batter,51.0,2,7776.0,135.7,2.0,7.91,21.86,DC,1.5
Arjun Patel,25,India,Batter,32.0,2,13626.0,142.1,7.0,6.21,50.08,DC,0.5
Amit Khan,18,West Indies,Batter,18.0,1,4764.0,120.7,8.0,8.12,49.59,DC,7.0
Harshit Shetty,26,Australia,Allrounder,96.0,4,6931.0,129.8,179.0,7.55,31.19,RCB,2.0
Rahul Yadav,20,Australia,Wicketkeeper,56.0,2,8796.0,106.9,0.0,0.0,34.65,DC,1.0
Karthik Yadav,30,Sri Lanka,Batter,81.0,4,10134.0,115.4,10.0,7.0,38.05,GT,0.5
Irfan Malik,39,India,Batter,233.0,14,5822.0,143.4,9.0,6.59,25.09,PBKS,0.5
Rohan Deshmukh,38,India,Batter,358.0,19,10845.0,139.8,4.0,7.68,36.98,CSK,7.0
Ankit Sharma,27,West Indies,Wicketkeeper,47.0,2,9996.0,116.7,0.0,0.0,36.62,RCB,1.0
Karthik Verma,24,Australia,Batter,49.0,2,11789.0,154.4,11.0,8.97,42.09,DC,3.0
Ankit Naidu,31,Sri Lanka,Wicketkeeper,87.0,3,10100.0,142.6,0.0,0.0,20.51,LSG,2.0
Rahul Kulkarni,35,South Africa,Bowler,162.0,7,3636.0,152.2,288.0,7.35,40.13,GT,3.0
Sandeep Reddy,24,South Africa,Wicketkeeper,177.0,6,11126.0,140.2,0.0,0.0,37.95,DC,10.0
Irfan Sharma,24,Australia,Bowler,80.0,4,266.0,146.1,483.0,5.09,40.89,CSK,10.0
Irfan Mehta,42,England,Allrounder,197.0,12,5340.0,134.5,387.0,7.03,49.96,MI,2.0
Vikas Yadav,35,India,Wicketkeeper,98.0,5,4362.0,138.9,0.0,0.0,27.39,DC,0.2
Karthik Iyer,27,West Indies,Batter,83.0,3,11556.0,153.8,4.0,7.63,39.41,MI,2.0
Sandeep Iyer,25,India,Wicketkeeper,155.0,6,4828.0,151.3,0.0,0.0,48.47,SRH,3.0
Aditya Shetty,24,India,Allrounder,73.0,3,2488.0,116.0,129.0,7.33,30.65,RCB,3.0
Sandeep Shetty,22,India,Batter,51.0,2,3195.0,121.0,0.0,8.25,47.96,DC,5.0
Harshit Iyer,33,West Indies,Bowler,85.0,3,1121.0,113.7,355.0,6.89,44.6,SRH,0.5
Sameer Singh,26,India,Batter,132.0,5,7610.0,114.4,14.0,7.73,34.45,MI,5.0
Rohan Shetty,19,India,Allrounder,16.0,1,4429.0,116.6,279.0,8.13,30.06,GT,0.5
Harshit Iyer,41,Australia,Allrounder,129.0,6,6545.0,107.9,157.0,6.23,39.06,PBKS,5.0
Vikas Malik,19,India,Bowler,26.0,1,844.0,144.0,761.0,4.56,27.9,RCB,1.5
Harshit Shetty,23,India,Bowler,94.0,5,3202.0,102.5,129.0,6.27,54.25,KKR,5.0
Harshit Shetty,20,India,Batter,42.0,2,13465.0,144.3,9.0,7.59,46.9,RR,0.2
Nikhil Chopra,29,Sri Lanka,Batter,171.0,7,10228.0,144.6,4.0,8.5,23.52,CSK,2.0
Vikas Kulkarni,38,Australia,Batter,76.0,3,13395.0,110.9,1.0,8.37,47.51,GT,5.0
Irfan Shetty,27,Sri Lanka,Bowler,23.0,1,3644.0,149.1,714.0,7.64,24.02,RCB,1.0
Irfan Deshmukh,24,West Indies,Batter,20.0,1,13105.0,116.9,11.0,7.29,24.28,KKR,7.0
Pranav Yadav,29,England,Wicketkeeper,120.0,4,10076.0,100.9,0.0,0.0,33.47,MI,3.0
Amit Yadav,38,West Indies,Wicketkeeper,163.0,8,9886.0,154.5,0.0,0.0,39.91,GT,3.0
Amit Shetty,32,India,Wicketkeeper,57.0,3,8671.0,132.3,0.0,0.0,36.49,KKR,1.5
Vikas Singh,42,India,Wicketkeeper,27.0,1,9680.0,134.7,0.0,0.0,53.48,PBKS,2.0
Vikas Deshmukh,38,Sri Lanka,Bowler,25.0,1,184.0,98.9,619.0,6.24,37.25,MI,3.0
Vikas Singh,21,India,Allrounder,28.0,1,2954.0,118.2,105.0,8.47,40.79,RCB,2.0
Sandeep Iyer,36,India,Allrounder,356.0,14,5823.0,103.5,410.0,5.37,50.61,MI,5.0
Karthik Patel,31,India,Allrounder,110.0,5,2194.0,113.3,305.0,6.05,33.55,KKR,2.0
Aditya Shetty,21,West Indies,Batter,27.0,1,3832.0,100.1,12.0,9.38,48.66,RR,0.5
Manoj Shetty,23,India,Bowler,87.0,3,2126.0,146.0,178.0,5.3,54.71,MI,0.5
Arjun Shetty,34,Sri Lanka,Wicketkeeper,255.0,9,10113.0,115.9,0.0,0.0,24.53,RR,0.2
Irfan Mehta,20,India,Batter,21.0,1,13697.0,140.5,5.0,6.51,25.07,CSK,1.0
Sandeep Singh,18,India,Wicketkeeper,17.0,1,8824.0,110.6,0.0,0.0,27.15,LSG,5.0
Sameer Khan,37,West Indies,Wicketkeeper,262.0,12,11720.0,116.3,0.0,0.0,22.6,RCB,7.0
Nikhil Patel,39,West Indies,Wicketkeeper,86.0,3,4970.0,146.4,0.0,0.0,50.11,DC,0.5
Sameer Sharma,18,South Africa,Batter,28.0,1,10661.0,131.7,10.0,7.45,42.47,KKR,11.0
Sameer Naidu,35,India,Bowler,45.0,2,1865.0,126.2,689.0,6.85,37.86,KKR,2.0
Rahul Deshmukh,37,West Indies,Bowler,448.0,15,2524.0,137.2,818.0,6.4,32.13,DC,10.0
Karthik Verma,24,England,Allrounder,92.0,4,4812.0,111.2,306.0,6.16,39.21,GT,5.0
Aditya Yadav,28,England,Wicketkeeper,256.0,9,7336.0,116.6,0.0,0.0,38.91,RCB,5.0
Arjun Shetty,27,India,Bowler,118.0,4,777.0,145.2,337.0,5.54,22.56,LSG,0.2
Sandeep Mehta,42,India,Allrounder,65.0,4,6188.0,129.5,405.0,7.0,33.43,KKR,0.5
Sandeep Khan,31,India,Wicketkeeper,240.0,12,10516.0,120.3,0.0,0.0,48.0,MI,0.2
Rohan Chopra,29,Sri Lanka,Wicketkeeper,194.0,10,3052.0,111.8,0.0,0.0,50.5,GT,5.0
Pranav Iyer,30,West Indies,Wicketkeeper,156.0,8,4996.0,148.8,0.0,0.0,42.77,KKR,1.5
Manoj Kulkarni,34,England,Bowler,88.0,3,1183.0,131.8,674.0,6.94,38.38,PBKS,7.0
Aditya Sharma,18,West Indies,Batter,15.0,1,4639.0,112.0,5.0,9.38,25.4,KKR,1.5
Sameer Verma,21,South Africa,Bowler,58.0,3,816.0,131.9,140.0,5.09,26.48,SRH,7.0
Vikas Malik,23,England,Wicketkeeper,150.0,5,11935.0,149.5,0.0,0.0,34.39,PBKS,0.5
Aditya Verma,38,India,Wicketkeeper,104.0,5,5106.0,146.0,0.0,0.0,28.72,CSK,0.5
Sandeep Chopra,42,India,Bowler,71.0,3,2861.0,98.6,841.0,5.19,29.02,KKR,1.5
Amit Shetty,35,India,Batter,218.0,9,9308.0,151.8,6.0,7.72,33.61,DC,2.0
Rahul Malik,36,India,Allrounder,149.0,8,6483.0,120.7,348.0,7.24,21.64,KKR,1.5
Aditya Patel,27,India,Batter,86.0,3,3820.0,99.0,6.0,7.76,50.93,KKR,7.0
Arjun Mehta,27,England,Bowler,89.0,3,3889.0,117.7,176.0,6.86,42.41,PBKS,0.2
Vikas Iyer,35,South Africa,Allrounder,133.0,6,1624.0,137.2,403.0,5.39,48.8,DC,1.5
Manoj Deshmukh,36,England,Allrounder,242.0,10,4951.0,112.1,343.0,7.88,29.23,SRH,7.0
Sameer Yadav,36,England,Bowler,23.0,1,1301.0,153.1,331.0,5.98,52.22,RR,0.2
Karthik Verma,21,Australia,Allrounder,74.0,3,6345.0,141.8,285.0,6.26,52.25,KKR,11.0
Pranav Yadav,29,Sri Lanka,Allrounder,131.0,7,3115.0,144.8,118.0,5.91,29.38,RCB,11.0
Rohan Malik,36,India,Batter,210.0,13,13612.0,106.9,13.0,7.2,37.75,KKR,0.2
Rahul Shetty,21,India,Bowler,23.0,1,3121.0,126.7,298.0,7.2,24.32,LSG,1.0
Harshit Singh,33,West Indies,Wicketkeeper,222.0,10,5779.0,110.1,0.0,0.0,39.7,CSK,1.5
Rohan Patel,24,Australia,Bowler,97.0,4,179.0,129.6,708.0,6.22,22.7,LSG,7.0
Karthik Reddy,32,West Indies,Bowler,160.0,9,3824.0,149.6,572.0,6.86,37.87,PBKS,3.0
Rohan Iyer,39,Sri Lanka,Wicketkeeper,76.0,4,6201.0,138.1,0.0,0.0,51.99,CSK,5.0
Pranav Naidu,32,Sri Lanka,Batter,155.0,6,8019.0,135.5,4.0,8.25,45.25,LSG,5.0
Aditya Chopra,29,South Africa,Batter,40.0,2,13663.0,130.0,15.0,6.91,49.48,MI,0.2
Rahul Mehta,35,Sri Lanka,Batter,291.0,15,13897.0,148.8,15.0,7.04,41.71,RR,7.0
Sameer Patel,32,India,Bowler,174.0,6,3831.0,132.4,877.5,5.61,34.07,RR,5.0
Amit Reddy,32,England,Wicketkeeper,239.0,10,3876.0,145.3,0.0,0.0,36.88,RR,3.0
Vikas Shetty,28,West Indies,Batter,94.0,5,10122.0,125.6,4.0,9.15,43.11,RCB,10.0
Vikas Shetty,27,South Africa,Allrounder,222.0,8,4825.0,103.8,326.0,8.49,45.79,RR,5.0
Arjun Mehta,39,South Africa,Bowler,18.0,1,2838.0,145.3,374.0,4.53,40.88,SRH,0.5
Ankit Malik,29,India,Allrounder,152.0,6,7789.0,147.0,215.0,8.28,22.62,MI,2.0
Arjun Yadav,28,West Indies,Allrounder,188.0,10,2264.0,131.1,218.0,5.48,38.14,PBKS,2.0
Pranav Reddy,32,South Africa,Allrounder,19.0,1,7278.0,102.8,350.0,5.59,39.74,SRH,0.2
Sandeep Yadav,29,West Indies,Wicketkeeper,146.0,7,7767.0,97.9,0.0,0.0,50.58,CSK,11.0
Aditya Reddy,26,Australia,Bowler,149.0,5,925.0,142.1,568.0,7.07,20.56,SRH,0.5
Aditya Chopra,27,Sri Lanka,Batter,215.0,8,14675.0,128.0,13.0,6.17,54.8,GT,5.0
Irfan Mehta,35,South Africa,Allrounder,179.0,7,5476.0,115.7,101.0,6.2,24.7,MI,2.0
Aditya Malik,41,India,Wicketkeeper,323.0,12,7453.0,135.5,0.0,0.0,42.63,RR,0.2
Harshit Yadav,35,England,Wicketkeeper,17.0,1,11105.0,101.1,0.0,0.0,36.36,KKR,10.0
Harshit Verma,31,Sri Lanka,Wicketkeeper,80.0,3,11496.0,135.0,0.0,0.0,37.27,LSG,7.0
Harshit Naidu,19,South Africa,Wicketkeeper,18.0,1,9990.0,135.5,0.0,0.0,48.57,RR,3.0
Pranav Kulkarni,32,India,Batter,59.0,3,14314.0,132.0,3.0,8.4,49.88,CSK,1.0
Sandeep Sharma,37,India,Batter,221.0,8,7560.0,118.3,10.0,9.15,26.06,CSK,0.5
Sandeep Verma,19,Australia,Wicketkeeper,15.0,1,2939.0,144.1,0.0,0.0,27.48,SRH,1.5
Karthik Iyer,37,Australia,Bowler,44.0,2,660.0,96.4,389.0,7.53,52.24,RCB,1.0
Amit Singh,22,South Africa,Bowler,88.0,3,2696.0,141.5,100.0,6.24,33.95,RR,2.0
Arjun Iyer,28,India,Batter,142.0,9,9528.0,108.7,14.0,9.47,29.25,KKR,11.0
Manoj Yadav,36,England,Allrounder,133.0,6,4297.0,151.4,235.0,5.18,35.96,PBKS,3.0
Manoj Sharma,26,India,Bowler,73.0,3,3310.0,136.2,459.0,6.56,50.61,GT,10.0
Rahul Malik,37,India,Batter,354.0,15,3690.0,128.7,8.0,8.33,44.86,MI,5.0
Nikhil Shetty,32,England,Allrounder,172.0,10,4553.0,106.2,306.0,7.63,23.84,CSK,2.0
Sameer Singh,27,India,Bowler,182.0,9,3143.0,117.4,844.0,4.28,37.43,GT,7.0
Sandeep Singh,19,India,Wicketkeeper,17.0,1,7029.0,131.9,0.0,0.0,53.53,GT,2.0
Amit Shetty,21,England,Allrounder,58.0,2,5127.0,140.7,137.0,6.16,38.6,RR,10.0
Arjun Singh,21,England,Bowler,26.0,1,566.0,131.9,657.0,4.84,53.85,MI,1.0
Arjun Reddy,32,Sri Lanka,Bowler,134.0,5,478.0,125.4,739.0,4.47,21.81,RR,0.5
Vikas Yadav,37,West Indies,Bowler,34.0,2,2261.0,132.2,877.5,5.22,49.44,RR,7.0
Arjun Deshmukh,40,Sri Lanka,Batter,231.0,15,11156.0,122.8,9.0,8.56,51.82,PBKS,3.0
Ankit Khan,33,India,Batter,76.0,3,10597.0,140.2,11.0,7.06,36.59,RCB,10.0
Vikas Malik,38,India,Wicketkeeper,45.0,2,9988.0,148.9,0.0,0.0,47.91,PBKS,10.0
Harshit Deshmukh,40,India,Allrounder,222.0,13,2857.0,107.9,186.0,8.16,43.39,KKR,0.2
Harshit Malik,38,Australia,Wicketkeeper,37.0,2,9036.0,139.3,0.0,0.0,45.98,CSK,2.0
Karthik Sharma,31,India,Allrounder,161.0,9,5730.0,95.7,228.0,6.76,29.15,SRH,1.5
Rohan Iyer,25,India,Wicketkeeper,70.0,3,6708.0,114.4,0.0,0.0,49.82,KKR,3.0
Vikas Shetty,23,South Africa,Wicketkeeper,17.0,1,2658.0,145.5,0.0,0.0,23.66,SRH,7.0
Ankit Kulkarni,39,West Indies,Wicketkeeper,471.0,18,2895.0,152.0,0.0,0.0,26.39,PBKS,1.0
Sameer Yadav,32,India,Wicketkeeper,177.0,9,7140.0,119.9,0.0,0.0,27.53,GT,3.0
Aditya Shetty,19,India,Wicketkeeper,27.0,1,11530.0,146.6,0.0,0.0,46.23,PBKS,5.0
Karthik Shetty,22,India,Bowler,70.0,3,213.0,135.9,483.0,5.34,26.45,DC,0.5
Amit Malik,40,England,Allrounder,50.0,3,6310.0,117.6,389.0,6.34,28.33,KKR,7.0
Amit Sharma,29,Sri Lanka,Bowler,157.0,8,1686.0,135.7,877.5,7.33,29.8,PBKS,3.0
Arjun Yadav,29,West Indies,Allrounder,57.0,3,8870.0,96.1,376.0,5.85,32.13,SRH,11.0
Ankit Sharma,20,Australia,Allrounder,25.0,1,3411.0,111.7,149.0,6.84,44.52,RR,1.5
Nikhil Iyer,27,India,Wicketkeeper,103.0,6,6193.0,119.7,0.0,0.0,31.07,SRH,0.2
Sameer Malik,34,South Africa,Wicketkeeper,300.0,11,7189.0,151.3,0.0,0.0,29.2,SRH,2.0
Sameer Kulkarni,34,India,Allrounder,20.0,1,3968.0,117.9,303.0,6.39,28.44,RCB,0.2
Sandeep Yadav,33,India,Bowler,139.0,5,2636.0,113.1,249.0,4.83,50.25,RR,11.0
Pranav Singh,28,India,Allrounder,220.0,10,7294.0,135.9,497.0,7.68,36.0,MI,0.2
Harshit Malik,19,India,Allrounder,15.0,1,4698.0,111.0,282.0,6.78,22.6,CSK,5.0
Aditya Khan,37,India,Wicketkeeper,188.0,10,3075.0,114.9,0.0,0.0,37.35,MI,3.0
Harshit Patel,39,India,Batter,113.0,4,11555.0,100.3,5.0,6.2,29.21,RR,1.5
Ankit Deshmukh,40,Australia,Allrounder,33.0,2,8664.0,118.6,344.0,6.28,24.13,RR,0.2
Pranav Deshmukh,40,Sri Lanka,Batter,289.0,19,13061.0,110.7,15.0,6.79,22.37,KKR,3.0
Nikhil Iyer,41,India,Allrounder,30.0,2,8486.0,99.3,486.0,6.14,44.62,RCB,3.0
Pranav Iyer,28,Sri Lanka,Batter,193.0,7,8714.0,114.6,5.0,7.35,24.43,MI,1.0
Pranav Sharma,29,West Indies,Wicketkeeper,144.0,5,5953.0,108.6,0.0,0.0,28.14,LSG,10.0
Rohan Naidu,29,England,Allrounder,175.0,10,8976.0,145.1,107.0,8.45,20.53,RCB,1.0
Amit Chopra,40,England,Bowler,104.0,4,3597.0,110.4,408.0,6.34,23.65,RR,2.0
Amit Patel,18,Australia,Wicketkeeper,21.0,1,2562.0,137.3,0.0,0.0,24.61,PBKS,3.0
Karthik Patel,29,India,Allrounder,236.0,11,3616.0,132.9,101.0,6.55,39.41,RR,0.2
Manoj Shetty,28,India,Bowler,53.0,2,1259.0,142.1,113.0,7.71,47.1,MI,10.0
Rahul Iyer,24,West Indies,Batter,71.0,4,10505.0,95.5,0.0,7.24,45.7,LSG,1.5
Manoj Sharma,37,Australia,Wicketkeeper,60.0,4,4648.0,155.0,0.0,0.0,34.21,RCB,0.2
Irfan Deshmukh,40,South Africa,Bowler,335.0,13,2227.0,103.5,550.0,7.74,30.38,DC,1.5
Sandeep Mehta,36,India,Allrounder,188.0,12,1965.0,123.5,459.0,5.6,47.89,PBKS,3.0
Manoj Mehta,30,Sri Lanka,Batter,47.0,3,11710.0,149.4,6.0,7.19,39.07,RR,2.0
Arjun Iyer,22,India,Wicketkeeper,47.0,2,5667.0,122.9,0.0,0.0,47.55,DC,5.0
Harshit Shetty,39,India,Batter,270.0,10,3766.0,141.4,9.0,6.36,28.5,CSK,0.2
Amit Sharma,32,West Indies,Allrounder,116.0,7,4576.0,131.0,64.0,5.98,51.57,KKR,1.0
Sandeep Reddy,30,India,Bowler,23.0,1,1068.0,133.9,279.0,6.2,47.18,MI,7.0
Irfan Mehta,25,South Africa,Allrounder,92.0,4,5719.0,144.6,449.0,5.91,34.63,DC,0.2
Karthik Malik,36,Australia,Bowler,333.0,14,176.0,116.0,534.0,4.67,28.61,KKR,7.0
Sandeep Singh,22,Sri Lanka,Wicketkeeper,82.0,3,10978.0,108.7,0.0,0.0,29.89,PBKS,0.2
Sandeep Malik,36,England,Wicketkeeper,379.0,14,7973.0,105.9,0.0,0.0,43.37,CSK,7.0
Sandeep Chopra,18,India,Wicketkeeper,27.0,1,2629.0,129.8,0.0,0.0,42.7,RCB,1.5
Sandeep Yadav,34,India,Allrounder,196.0,8,6450.0,141.2,459.0,6.2,24.54,KKR,3.0
Sameer Kulkarni,34,Sri Lanka,Bowler,409.0,14,2922.0,111.5,111.0,6.17,38.47,LSG,0.5
Sameer Khan,22,India,Allrounder,94.0,4,7301.0,142.4,135.0,6.13,51.19,GT,0.2
Harshit Yadav,25,Sri Lanka,Batter,177.0,7,13012.0,105.5,3.0,8.6,29.62,MI,0.5
Manoj Kulkarni,22,England,Batter,57.0,2,6152.0,121.2,6.0,9.22,52.94,DC,0.5
Sameer Malik,29,South Africa,Wicketkeeper,52.0,2,7334.0,118.5,0.0,0.0,53.31,SRH,1.0
Pranav Reddy,30,India,Allrounder,207.0,9,5229.0,134.6,491.0,8.24,20.31,LSG,2.0
Pranav Kulkarni,21,England,Bowler,32.0,2,2701.0,149.7,507.0,5.52,50.98,PBKS,3.0
Sandeep Verma,21,England,Wicketkeeper,60.0,3,11954.0,106.2,0.0,0.0,33.97,CSK,7.0
Sandeep Kulkarni,26,India,Wicketkeeper,148.0,8,6217.0,145.1,0.0,0.0,40.23,KKR,5.0
Rahul Verma,40,Australia,Wicketkeeper,187.0,7,7704.0,145.8,0.0,0.0,48.93,KKR,3.0
Karthik Patel,31,England,Wicketkeeper,99.0,5,8605.0,149.4,0.0,0.0,24.1,MI,2.0
Aditya Sharma,40,India,Bowler,305.0,16,3668.0,100.0,146.0,4.55,52.73,KKR,2.0
Irfan Shetty,30,India,Allrounder,16.0,1,6665.0,98.9,286.0,6.66,31.25,RR,2.0
Rahul Shetty,19,India,Batter,30.0,1,8178.0,143.6,11.0,7.23,45.74,SRH,7.0
Vikas Singh,38,India,Wicketkeeper,132.0,6,10658.0,136.4,0.0,0.0,20.77,SRH,1.0
Manoj Yadav,18,Australia,Bowler,22.0,1,3732.0,107.9,632.0,7.46,42.02,RCB,0.2
Karthik Patel,38,South Africa,Allrounder,240.0,9,7149.0,99.9,330.0,5.22,20.34,DC,5.0
Nikhil Chopra,37,England,Allrounder,48.0,3,3641.0,132.8,248.0,6.98,21.77,RCB,0.5
Karthik Patel,20,India,Batter,45.0,2,4851.0,146.1,8.0,7.02,23.55,KKR,10.0
Arjun Singh,33,India,Batter,60.0,2,14923.0,120.5,0.0,6.76,49.48,RR,7.0
Manoj Kulkarni,31,India,Batter,199.0,10,4578.0,154.8,5.0,6.89,32.43,RR,0.2
Rohan Reddy,21,West Indies,Wicketkeeper,22.0,1,7786.0,118.2,0.0,0.0,24.27,RR,0.2
Rahul Iyer,21,Australia,Wicketkeeper,72.0,3,4398.0,135.8,0.0,0.0,28.52,KKR,2.0
Vikas Yadav,20,India,Wicketkeeper,16.0,1,3134.0,132.7,0.0,0.0,27.81,PBKS,3.0
Arjun Kulkarni,31,India,Allrounder,308.0,11,3379.0,146.4,479.0,6.36,45.86,RCB,1.0
Manoj Yadav,18,West Indies,Allrounder,17.0,1,6033.0,131.5,253.0,5.54,42.0,SRH,5.0
Nikhil Kulkarni,36,India,Allrounder,291.0,12,7056.0,122.9,470.0,5.32,29.12,RR,3.0
Rohan Deshmukh,42,India,Batter,334.0,18,4032.0,141.6,5.0,7.63,25.54,PBKS,1.5
Arjun Deshmukh,18,Sri Lanka,Batter,21.0,1,14931.0,111.2,13.0,6.43,53.33,RCB,0.2
Ankit Reddy,24,England,Wicketkeeper,141.0,6,8775.0,139.9,0.0,0.0,20.68,LSG,5.0
Amit Mehta,29,West Indies,Bowler,94.0,5,667.0,110.4,540.0,5.52,42.34,DC,0.5
Sameer Kulkarni,38,Australia,Batter,272.0,11,8261.0,152.9,12.0,7.61,27.66,SRH,7.0
Aditya Reddy,32,West Indies,Batter,26.0,1,11927.0,137.0,9.0,8.06,48.89,RCB,2.0
Harshit Singh,37,Australia,Wicketkeeper,82.0,3,3531.0,119.4,0.0,0.0,44.04,GT,3.0
Manoj Chopra,26,India,Batter,119.0,5,5971.0,121.1,11.0,7.06,51.35,RR,10.0
Nikhil Mehta,32,England,Allrounder,60.0,4,3265.0,138.1,60.0,8.32,33.1,GT,10.0
Rohan Verma,34,India,Bowler,106.0,7,2453.0,96.6,147.0,7.12,23.6,PBKS,1.5
Sandeep Patel,28,Australia,Bowler,100.0,5,2837.0,112.5,243.0,6.51,53.3,GT,0.5
Karthik Verma,24,Sri Lanka,Batter,126.0,6,14582.0,120.8,11.0,7.53,43.73,GT,7.0
Rahul Sharma,24,Australia,Batter,81.0,3,13313.0,123.5,1.0,8.69,27.49,LSG,2.0
Vikas Deshmukh,22,Sri Lanka,Wicketkeeper,85.0,3,5171.0,141.4,0.0,0.0,31.21,DC,0.5
Sameer Reddy,35,Sri Lanka,Allrounder,39.0,2,4909.0,132.9,459.0,5.61,23.17,RR,10.0
Ankit Patel,27,Australia,Bowler,111.0,4,2428.0,132.9,707.0,7.69,54.51,RR,0.5
Sandeep Naidu,34,India,Allrounder,419.0,16,5696.0,153.3,355.0,6.19,25.09,CSK,0.2
Harshit Yadav,32,West Indies,Bowler,355.0,12,1358.0,97.0,609.0,4.15,36.27,PBKS,0.2
Manoj Reddy,32,England,Batter,231.0,10,5410.0,125.7,8.0,6.29,31.46,RR,3.0
Amit Yadav,34,South Africa,Bowler,321.0,12,3492.0,133.1,517.0,5.28,25.71,SRH,5.0
Amit Verma,40,India,Bowler,238.0,15,2556.0,129.9,459.0,6.91,52.02,CSK,1.0
Irfan Kulkarni,24,Sri Lanka,Allrounder,72.0,4,5583.0,154.0,135.0,6.28,40.15,RR,1.5
Arjun Shetty,37,South Africa,Wicketkeeper,99.0,6,4743.0,153.4,0.0,0.0,20.95,LSG,1.5
Rohan Patel,42,India,Allrounder,443.0,17,3390.0,144.0,372.0,7.55,21.86,SRH,5.0
Sameer Iyer,25,South Africa,Batter,98.0,4,3379.0,143.1,15.0,8.03,39.64,GT,0.2
Arjun Naidu,33,England,Wicketkeeper,165.0,6,6931.0,98.8,0.0,0.0,44.27,KKR,10.0
Rohan Iyer,27,England,Bowler,134.0,7,1437.0,144.0,562.0,4.23,21.51,GT,1.0
Amit Reddy,27,England,Bowler,124.0,7,2007.0,111.5,311.0,4.52,42.17,RR,11.0
Ankit Singh,28,West Indies,Wicketkeeper,294.0,10,10848.0,153.6,0.0,0.0,24.12,RCB,0.5
Sameer Naidu,19,South Africa,Batter,27.0,1,10022.0,117.1,15.0,6.5,49.27,RR,7.0
Manoj Kulkarni,40,India,Allrounder,100.0,4,7630.0,114.3,264.0,6.64,39.64,KKR,1.0
Ankit Shetty,41,Sri Lanka,Bowler,299.0,12,2654.0,119.1,472.0,4.99,31.64,LSG,0.2
Harshit Sharma,30,India,Batter,249.0,9,6404.0,150.5,3.0,8.81,46.59,CSK,10.0
Harshit Reddy,25,India,Bowler,68.0,4,3968.0,125.3,411.0,5.67,24.38,DC,7.0
Karthik Mehta,28,India,Allrounder,230.0,9,8994.0,130.8,106.0,7.61,51.59,PBKS,2.0
Sandeep Malik,25,India,Batter,83.0,3,13025.0,140.6,1.0,6.7,43.96,MI,5.0
Sameer Malik,30,Sri Lanka,Bowler,133.0,5,3034.0,135.0,671.0,5.01,52.35,RR,3.0
Pranav Naidu,27,India,Wicketkeeper,80.0,5,8220.0,150.1,0.0,0.0,45.19,SRH,7.0
Arjun Shetty,19,Sri Lanka,Batter,22.0,1,9183.0,147.3,5.0,6.17,43.02,RCB,1.0
Aditya Reddy,21,Sri Lanka,Batter,50.0,3,3486.0,106.2,12.0,7.09,24.07,LSG,3.0
Karthik Mehta,30,West Indies,Allrounder,164.0,10,2545.0,140.2,324.0,5.18,28.25,KKR,2.0
Sameer Naidu,24,India,Bowler,135.0,5,2147.0,118.8,675.0,4.09,36.89,GT,1.5
Karthik Shetty,29,South Africa,Bowler,312.0,11,0.0,97.6,733.0,4.64,26.62,GT,10.0
Rohan Singh,24,India,Batter,29.0,1,13091.0,99.9,3.0,8.38,39.43,MI,0.5
Rahul Reddy,41,India,Wicketkeeper,333.0,14,3130.0,103.8,0.0,0.0,26.85,MI,0.5
Rahul Sharma,21,India,Batter,67.0,3,8697.0,101.0,5.0,7.38,26.06,LSG,3.0
Ankit Deshmukh,33,India,Allrounder,248.0,9,7494.0,114.8,400.0,6.22,46.22,MI,5.0
Sameer Kulkarni,20,West Indies,Allrounder,21.0,1,4027.0,146.6,428.0,5.26,48.57,KKR,0.5
Pranav Naidu,37,Australia,Wicketkeeper,325.0,18,8185.0,141.0,0.0,0.0,30.83,GT,1.5
Nikhil Naidu,42,India,Wicketkeeper,324.0,13,9612.0,144.4,0.0,0.0,26.4,GT,11.0
Manoj Iyer,35,South Africa,Wicketkeeper,265.0,10,5210.0,102.5,0.0,0.0,21.57,DC,1.0
Rohan Reddy,42,Sri Lanka,Bowler,185.0,8,2332.0,113.5,179.0,7.57,52.12,MI,5.0
Amit Malik,33,India,Batter,146.0,8,10952.0,149.5,13.0,6.95,51.64,RCB,5.0
Arjun Mehta,26,Sri Lanka,Batter,38.0,2,10713.0,124.8,2.0,9.23,50.31,SRH,2.0
Arjun Chopra,32,West Indies,Bowler,214.0,10,2188.0,114.5,578.0,7.61,34.66,RR,10.0
Arjun Iyer,35,South Africa,Bowler,362.0,14,2239.0,113.0,535.0,6.73,46.38,SRH,5.0
Harshit Singh,20,India,Allrounder,32.0,2,2839.0,126.4,288.0,5.26,24.28,MI,2.0
Rahul Singh,38,West Indies,Bowler,262.0,16,1466.0,110.5,702.0,5.11,49.36,RCB,3.0
Manoj Kulkarni,18,India,Bowler,18.0,1,2911.0,143.5,413.0,4.74,47.79,MI,5.0
Vikas Mehta,40,England,Wicketkeeper,65.0,4,5143.0,124.9,0.0,0.0,28.18,SRH,3.0
Vikas Shetty,35,West Indies,Batter,318.0,11,11466.0,122.9,2.0,6.79,20.31,CSK,10.0
Harshit Patel,41,West Indies,Batter,354.0,16,5348.0,152.2,8.0,7.86,25.41,DC,1.5
Vikas Sharma,34,Sri Lanka,Allrounder,142.0,7,2035.0,152.7,242.0,7.01,50.12,RR,1.0
Vikas Mehta,33,West Indies,Bowler,49.0,2,419.0,144.3,299.0,7.23,30.82,GT,0.5
Nikhil Reddy,40,West Indies,Wicketkeeper,473.5,20,10886.0,148.4,0.0,0.0,52.95,GT,0.2
Harshit Verma,37,Sri Lanka,Bowler,272.0,16,1268.0,116.3,790.0,5.88,34.5,KKR,0.2
Aditya Naidu,38,India,Wicketkeeper,130.0,7,8515.0,115.1,0.0,0.0,27.43,DC,10.0
Rahul Sharma,31,Sri Lanka,Wicketkeeper,72.0,4,5825.0,132.1,0.0,0.0,39.69,GT,5.0
Harshit Yadav,28,West Indies,Batter,147.0,7,5305.0,100.8,9.0,7.62,47.89,CSK,5.0
Irfan Yadav,33,India,Allrounder,31.0,2,7606.0,101.9,492.0,5.61,41.81,DC,3.0
Harshit Iyer,42,West Indies,Wicketkeeper,344.0,15,4240.0,118.9,0.0,0.0,22.09,MI,7.0
Rohan Singh,30,West Indies,Bowler,232.0,11,2102.0,141.3,316.0,5.35,41.53,LSG,2.0
Rahul Yadav,36,India,Allrounder,271.0,16,8135.0,106.5,404.0,6.27,42.11,DC,10.0
Manoj Kulkarni,22,India,Allrounder,59.0,2,8886.0,133.8,408.0,8.11,48.45,PBKS,1.5
Karthik Shetty,36,India,Bowler,273.0,16,1147.0,138.1,581.0,5.98,51.37,CSK,10.0
Amit Yadav,21,India,Batter,21.0,1,6614.0,149.6,2.0,8.71,35.09,GT,5.0
Sameer Mehta,20,Australia,Wicketkeeper,23.0,1,8063.0,149.3,0.0,0.0,41.75,LSG,1.0
Pranav Mehta,23,South Africa,Wicketkeeper,103.0,4,5505.0,147.2,0.0,0.0,21.38,RR,3.0
Arjun Iyer,38,Sri Lanka,Bowler,261.0,10,1647.0,145.9,304.0,6.5,26.1,KKR,3.0
Rahul Yadav,32,South Africa,Bowler,242.0,9,1982.0,144.5,185.0,6.51,30.08,CSK,0.5
Arjun Reddy,22,Australia,Wicketkeeper,58.0,2,6172.0,119.3,0.0,0.0,39.93,GT,3.0
Harshit Deshmukh,24,Australia,Bowler,120.0,5,2711.0,97.4,398.0,5.97,23.45,RR,1.0
Karthik Yadav,40,England,Bowler,402.0,18,2250.0,110.7,765.0,4.38,28.61,PBKS,0.2
Manoj Patel,38,West Indies,Wicketkeeper,117.0,4,10298.0,139.5,0.0,0.0,40.05,SRH,11.0
Arjun Deshmukh,40,South Africa,Batter,92.0,4,13476.0,99.2,4.0,8.67,36.98,RCB,5.0
Pranav Singh,37,India,Allrounder,150.0,5,3695.0,146.0,280.0,6.13,44.77,PBKS,10.0
Irfan Khan,22,South Africa,Allrounder,22.0,1,2653.0,97.8,476.0,8.04,45.23,DC,5.0
Ankit Malik,40,West Indies,Bowler,296.0,11,1497.0,144.5,743.0,6.05,37.75,GT,1.5
Sameer Iyer,34,India,Batter,93.0,5,6485.0,98.1,3.0,7.89,43.4,SRH,2.0
Nikhil Malik,26,West Indies,Allrounder,29.0,1,3423.0,96.2,84.0,5.96,22.33,CSK,5.0
Pranav Shetty,25,England,Batter,60.0,2,9785.0,115.8,0.0,9.35,50.38,RCB,11.0
Pranav Shetty,36,West Indies,Bowler,349.0,13,969.0,151.6,505.0,7.65,50.86,SRH,1.0
Ankit Kulkarni,28,Sri Lanka,Allrounder,150.0,10,2156.0,112.3,407.0,8.13,25.3,DC,10.0
Sandeep Naidu,42,England,Wicketkeeper,438.0,22,11907.0,133.4,0.0,0.0,37.08,GT,10.0
Rohan Deshmukh,41,Sri Lanka,Wicketkeeper,363.0,17,9563.0,100.9,0.0,0.0,43.71,DC,5.0
Nikhil Iyer,26,South Africa,Allrounder,39.0,2,6914.0,146.8,42.0,6.97,41.32,GT,10.0
Amit Patel,21,India,Batter,48.0,3,6031.0,121.4,2.0,8.01,36.2,RCB,1.5
Pranav Khan,18,South Africa,Wicketkeeper,27.0,1,2519.0,152.3,0.0,0.0,24.85,KKR,11.0
Rahul Sharma,22,India,Allrounder,20.0,1,7511.0,134.3,310.0,6.56,35.16,PBKS,5.0
Aditya Singh,23,West Indies,Bowler,26.0,1,1468.0,112.2,265.0,5.08,28.18,RCB,0.2
Harshit Mehta,41,India,Bowler,21.0,1,1373.0,147.3,216.0,5.31,37.68,GT,10.0
Arjun Chopra,35,West Indies,Bowler,214.0,8,1380.0,118.1,406.0,4.91,23.7,RCB,2.0
Arjun Malik,39,Sri Lanka,Wicketkeeper,473.5,21,8846.0,149.2,0.0,0.0,34.29,RR,2.0
Sandeep Yadav,40,West Indies,Batter,171.0,7,14111.0,115.9,12.0,9.43,49.27,DC,3.0
Amit Sharma,18,South Africa,Batter,21.0,1,8884.0,99.6,4.0,6.9,21.11,SRH,0.5
Pranav Singh,40,Sri Lanka,Batter,257.0,10,8883.0,113.7,5.0,8.12,35.52,CSK,2.0
Ankit Naidu,40,India,Bowler,179.0,7,418.0,109.9,509.0,7.11,30.8,CSK,7.0
Nikhil Chopra,28,South Africa,Bowler,26.0,1,3825.0,124.6,180.0,7.21,48.97,CSK,0.2
Sameer Sharma,29,India,Wicketkeeper,89.0,3,10426.0,117.5,0.0,0.0,33.94,MI,1.0
Sandeep Khan,26,South Africa,Batter,29.0,1,9842.0,150.0,8.0,6.58,51.39,PBKS,0.2
Rohan Khan,22,South Africa,Allrounder,76.0,3,2194.0,119.1,339.0,8.44,48.65,LSG,2.0
Karthik Chopra,22,India,Allrounder,33.0,2,7491.0,122.3,383.0,6.45,49.05,RCB,5.0
Ankit Chopra,25,India,Bowler,153.0,6,1657.0,108.2,178.0,4.67,31.02,GT,7.0
Irfan Naidu,39,South Africa,Bowler,122.0,5,3179.0,117.4,310.0,7.0,32.54,CSK,11.0
Rahul Iyer,38,India,Wicketkeeper,230.0,13,6041.0,154.9,0.0,0.0,33.43,MI,3.0
Arjun Malik,32,Australia,Bowler,283.0,10,194.0,132.4,238.0,4.94,48.07,MI,1.0
Aditya Deshmukh,23,West Indies,Bowler,134.0,5,1080.0,132.1,545.0,4.26,21.25,DC,10.0
Pranav Iyer,27,India,Batter,110.0,5,7036.0,110.4,8.0,7.84,30.73,SRH,7.0
Vikas Malik,23,India,Bowler,85.0,5,1443.0,150.6,635.0,5.77,44.87,DC,3.0
Aditya Sharma,38,Australia,Wicketkeeper,170.0,6,8432.0,151.2,0.0,0.0,43.1,RCB,5.0
Nikhil Malik,23,India,Allrounder,112.0,5,3819.0,110.9,255.0,5.02,51.7,RCB,10.0
Sandeep Patel,25,India,Bowler,168.0,6,3117.0,153.9,339.0,6.45,25.46,MI,5.0
Irfan Malik,33,Sri Lanka,Batter,19.0,1,13766.0,116.7,7.0,7.04,31.43,MI,1.5
Irfan Kulkarni,36,India,Bowler,369.0,13,2736.0,121.6,188.0,4.96,42.48,MI,5.0
Karthik Kulkarni,40,India,Batter,435.0,21,11057.0,99.8,11.0,7.09,44.8,RR,0.2
Rahul Iyer,29,India,Wicketkeeper,114.0,7,9637.0,122.5,0.0,0.0,39.48,KKR,1.5
Amit Iyer,33,India,Bowler,78.0,5,3409.0,148.4,526.0,5.73,39.56,MI,2.0
Aditya Reddy,30,India,Bowler,97.0,4,1523.0,125.6,613.0,7.51,30.24,LSG,0.5
Sameer Iyer,37,South Africa,Bowler,226.0,10,2828.0,126.3,501.0,5.35,38.55,GT,0.2
Manoj Reddy,26,India,Bowler,40.0,2,2416.0,108.5,501.0,6.61,43.06,KKR,0.5
Arjun Iyer,34,India,Bowler,128.0,8,1966.0,135.6,563.0,6.96,36.86,KKR,5.0
Manoj Deshmukh,33,India,Bowler,263.0,14,1296.0,119.3,799.0,7.77,23.73,SRH,7.0
Karthik Kulkarni,26,England,Batter,165.0,7,13195.0,107.7,10.0,8.88,44.96,DC,11.0
Manoj Reddy,35,South Africa,Batter,336.0,16,3873.0,96.0,12.0,6.63,25.59,GT,1.5
Sameer Malik,38,Sri Lanka,Allrounder,459.0,18,4685.0,101.4,492.0,6.32,26.92,CSK,3.0
Aditya Iyer,31,India,Wicketkeeper,94.0,4,11554.0,140.9,0.0,0.0,46.95,KKR,10.0
Pranav Patel,26,England,Batter,47.0,2,3084.0,145.5,8.0,8.86,34.72,LSG,0.5
Pranav Reddy,37,India,Wicketkeeper,260.0,12,9487.0,147.1,0.0,0.0,38.41,CSK,5.0
Pranav Chopra,40,India,Bowler,133.0,6,3182.0,138.1,410.0,5.79,27.48,CSK,5.0
Karthik Mehta,29,South Africa,Batter,144.0,8,5463.0,120.8,11.0,8.76,24.46,SRH,0.2
Karthik Verma,21,India,Wicketkeeper,50.0,2,4960.0,102.2,0.0,0.0,25.77,LSG,10.0
Sameer Reddy,24,India,Allrounder,76.0,4,3005.0,154.5,182.0,8.12,32.49,MI,7.0
Aditya Shetty,26,India,Bowler,159.0,7,3570.0,108.1,810.0,5.11,48.83,SRH,0.2
Nikhil Naidu,38,West Indies,Allrounder,443.0,16,6458.0,150.4,357.0,5.73,43.36,SRH,0.2
Nikhil Reddy,29,Australia,Bowler,264.0,9,827.0,128.2,855.0,7.41,44.17,CSK,0.2
Sameer Shetty,41,India,Bowler,94.0,4,3392.0,144.9,204.0,6.35,49.26,MI,1.5
Amit Reddy,27,West Indies,Allrounder,247.0,9,6242.0,133.0,339.0,7.06,52.27,MI,2.0
Pranav Khan,31,India,Allrounder,86.0,4,7281.0,134.9,59.0,8.25,20.27,SRH,3.0
Rohan Naidu,41,India,Bowler,327.0,17,673.0,146.5,708.0,4.4,22.96,PBKS,1.0
Harshit Sharma,33,India,Bowler,249.0,9,3854.0,108.8,665.0,4.81,41.01,PBKS,10.0
Aditya Shetty,23,West Indies,Bowler,49.0,2,3549.0,112.4,809.0,6.19,27.27,PBKS,1.5
Irfan Yadav,19,Sri Lanka,Allrounder,30.0,1,7074.0,151.1,278.0,7.68,21.85,RCB,0.2
Ankit Kulkarni,33,India,Allrounder,29.0,1,2246.0,133.5,314.0,5.47,48.16,CSK,1.0
Rohan Khan,20,South Africa,Bowler,43.0,2,2792.0,138.2,403.0,7.01,51.06,LSG,3.0
Ankit Malik,40,Australia,Batter,473.5,19,8825.0,101.4,14.0,6.76,41.54,KKR,2.0
Rahul Sharma,26,England,Allrounder,147.0,5,6071.0,129.9,168.0,7.88,53.7,MI,1.0
Rohan Singh,28,India,Allrounder,117.0,6,2934.0,137.0,465.0,7.78,22.11,RR,0.5
Rohan Deshmukh,20,India,Batter,56.0,2,11510.0,142.1,12.0,6.38,26.94,CSK,7.0
Aditya Naidu,26,South Africa,Allrounder,64.0,4,5581.0,149.6,47.0,5.1,51.18,MI,11.0
Karthik Khan,22,India,Bowler,113.0,4,3911.0,141.8,216.0,4.83,21.68,RCB,1.5
Sameer Singh,36,South Africa,Allrounder,255.0,9,2909.0,132.4,260.0,6.0,46.71,SRH,1.5
Rohan Verma,20,India,Bowler,59.0,2,2530.0,114.6,341.0,4.04,27.5,GT,3.0
Ankit Khan,21,India,Wicketkeeper,58.0,3,3325.0,154.9,0.0,0.0,43.48,LSG,5.0
Pranav Iyer,35,Australia,Batter,265.0,13,9277.0,99.5,11.0,7.42,40.95,RR,1.5
Karthik Deshmukh,42,Sri Lanka,Batter,214.0,12,7082.0,144.0,9.0,8.25,30.1,KKR,10.0
Vikas Chopra,22,India,Bowler,40.0,2,1674.0,121.4,429.0,7.73,30.36,PBKS,3.0
Manoj Malik,35,Sri Lanka,Wicketkeeper,239.0,9,10695.0,115.9,0.0,0.0,38.19,KKR,2.0
Sameer Kulkarni,22,England,Allrounder,118.0,4,6514.0,139.1,183.0,8.28,40.2,RCB,5.0
Aditya Singh,24,India,Bowler,115.0,4,2179.0,104.0,145.0,4.62,37.58,PBKS,11.0
Sameer Chopra,29,Australia,Batter,260.0,9,9979.0,140.1,12.0,8.55,27.91,SRH,7.0
Vikas Chopra,38,India,Wicketkeeper,123.0,6,11522.0,101.0,0.0,0.0,33.46,LSG,0.2
Ankit Kulkarni,35,India,Bowler,256.0,14,458.0,127.7,498.0,7.49,31.2,PBKS,1.5
Karthik Singh,36,South Africa,Bowler,236.0,8,336.0,102.9,352.0,5.23,36.56,KKR,2.0
Nikhil Deshmukh,24,England,Wicketkeeper,36.0,2,10186.0,142.5,0.0,0.0,53.9,PBKS,1.0
Rohan Sharma,31,India,Bowler,203.0,9,2568.0,105.0,877.5,5.91,43.9,PBKS,5.0
Nikhil Singh,21,Sri Lanka,Bowler,15.0,1,994.0,99.3,342.0,6.88,49.75,SRH,7.0
Harshit Malik,38,India,Bowler,473.5,18,2841.0,123.4,396.0,7.15,39.61,MI,5.0
Sameer Patel,37,Australia,Bowler,126.0,6,2536.0,135.6,351.0,6.71,20.58,LSG,11.0
Karthik Yadav,29,India,Wicketkeeper,174.0,10,4255.0,102.3,0.0,0.0,25.69,PBKS,1.0
Rahul Chopra,22,India,Wicketkeeper,15.0,1,3479.0,140.3,0.0,0.0,35.4,LSG,10.0
Nikhil Iyer,20,India,Bowler,19.0,1,545.0,141.4,784.0,6.07,31.93,LSG,7.0
Rohan Reddy,37,England,Allrounder,15.0,1,5491.0,121.5,227.0,7.62,33.2,LSG,1.5
Irfan Patel,18,India,Wicketkeeper,23.0,1,10569.0,115.0,0.0,0.0,53.77,RCB,5.0
Rahul Reddy,21,India,Batter,55.0,2,13035.0,96.2,13.0,8.7,53.51,LSG,0.2
Amit Reddy,40,South Africa,Allrounder,170.0,10,4016.0,104.0,247.0,7.71,22.67,LSG,7.0
Rahul Naidu,42,South Africa,Batter,473.5,22,9204.0,132.5,6.0,7.08,41.58,LSG,3.0
Amit Mehta,37,West Indies,Batter,57.0,3,14315.0,121.7,14.0,6.97,27.42,GT,1.0
Sandeep Naidu,41,South Africa,Allrounder,166.0,7,3958.0,126.0,89.0,5.18,32.14,KKR,5.0
Harshit Singh,24,Australia,Allrounder,29.0,1,3573.0,151.8,419.0,6.9,25.02,CSK,5.0
Vikas Chopra,26,Sri Lanka,Allrounder,60.0,3,6284.0,99.6,41.0,5.01,36.19,KKR,0.5
Sameer Naidu,41,India,Batter,473.5,22,14373.0,129.8,10.0,8.47,37.32,MI,0.2
Pranav Khan,42,South Africa,Batter,383.0,22,11609.0,113.6,6.0,7.24,33.17,CSK,2.0
Nikhil Reddy,28,Australia,Allrounder,125.0,6,5336.0,105.1,97.0,7.14,47.0,PBKS,3.0
Irfan Yadav,18,England,Bowler,25.0,1,487.0,111.1,132.0,6.19,37.54,DC,10.0
Aditya Verma,32,Sri Lanka,Allrounder,45.0,3,2867.0,96.2,292.0,8.37,26.98,DC,10.0
Aditya Kulkarni,39,India,Bowler,327.0,18,1261.0,133.3,546.0,5.7,27.43,PBKS,3.0
Arjun Mehta,30,India,Bowler,89.0,3,1150.0,133.6,258.0,7.54,50.71,GT,5.0
Sameer Patel,35,West Indies,Bowler,24.0,1,3252.0,144.7,516.0,5.25,33.24,CSK,2.0
Nikhil Khan,21,South Africa,Allrounder,60.0,2,8889.0,149.7,200.0,5.88,23.23,RCB,5.0
Pranav Khan,36,West Indies,Wicketkeeper,207.0,7,11053.0,151.6,0.0,0.0,36.05,GT,0.5
Arjun Patel,28,West Indies,Bowler,235.0,9,1570.0,127.4,545.0,7.77,46.51,GT,1.5
Arjun Singh,22,West Indies,Batter,105.0,4,4399.0,124.8,9.0,6.02,45.81,CSK,3.0
Harshit Shetty,31,India,Allrounder,95.0,4,8420.0,104.5,47.0,7.74,34.66,GT,0.2
Nikhil Patel,29,India,Wicketkeeper,225.0,11,5449.0,120.1,0.0,0.0,23.63,RR,5.0
Nikhil Chopra,38,India,Bowler,473.5,18,1588.0,143.4,255.0,5.68,30.51,MI,7.0
Aditya Khan,26,India,Batter,105.0,4,11284.0,152.7,1.0,7.51,21.11,MI,1.5
Aditya Chopra,40,England,Bowler,353.0,22,834.0,139.6,116.0,6.25,46.63,RR,2.0
Manoj Kulkarni,30,England,Wicketkeeper,292.0,11,8064.0,138.0,0.0,0.0,45.43,DC,7.0
Aditya Shetty,21,India,Allrounder,78.0,3,7781.0,127.0,366.0,5.21,47.4,RCB,7.0
Amit Reddy,20,South Africa,Batter,37.0,2,14654.0,95.7,4.0,6.33,48.51,RR,1.0
Irfan Reddy,22,India,Batter,54.0,3,6394.0,119.7,15.0,8.49,52.91,CSK,1.5
Ankit Sharma,40,Australia,Allrounder,470.0,16,7179.0,153.1,465.0,7.68,52.53,DC,5.0
Aditya Iyer,36,Australia,Bowler,341.0,12,3755.0,140.3,841.0,5.83,43.42,RCB,3.0
Karthik Khan,36,Australia,Wicketkeeper,351.0,18,4817.0,143.7,0.0,0.0,47.57,PBKS,0.5
Nikhil Khan,18,Sri Lanka,Allrounder,30.0,1,7865.0,109.0,448.0,5.54,29.3,RCB,1.0
Amit Kulkarni,29,India,Bowler,51.0,2,1986.0,143.6,315.0,7.11,37.34,PBKS,10.0
Nikhil Shetty,22,Australia,Bowler,63.0,4,3184.0,144.6,266.0,6.21,30.94,MI,5.0
Irfan Chopra,39,West Indies,Wicketkeeper,90.0,5,7225.0,98.0,0.0,0.0,36.89,CSK,11.0
Sameer Singh,30,India,Bowler,281.0,12,2663.0,142.4,519.0,7.47,32.83,DC,7.0
Rohan Sharma,31,India,Allrounder,226.0,11,7806.0,133.2,376.0,5.23,49.21,LSG,11.0
Karthik Kulkarni,32,India,Allrounder,22.0,1,8231.0,120.5,124.0,7.33,24.32,MI,0.5
Irfan Yadav,32,South Africa,Bowler,270.0,11,672.0,111.6,726.0,7.46,27.85,DC,7.0
Sandeep Deshmukh,28,South Africa,Bowler,187.0,8,1174.0,153.9,368.0,7.1,43.11,MI,0.2
Ankit Iyer,29,India,Allrounder,130.0,7,3129.0,114.2,127.0,7.19,20.71,CSK,5.0
Harshit Shetty,18,Sri Lanka,Wicketkeeper,18.0,1,11950.0,106.5,0.0,0.0,40.46,KKR,2.0
Aditya Sharma,26,India,Bowler,20.0,1,1968.0,148.0,562.0,4.58,26.59,LSG,1.5
Amit Patel,33,Australia,Batter,50.0,2,9392.0,125.7,1.0,7.83,41.14,RR,10.0
Irfan Patel,34,India,Bowler,131.0,5,571.0,147.4,480.0,5.24,35.55,PBKS,7.0
Ankit Shetty,29,India,Wicketkeeper,321.0,11,6593.0,137.0,0.0,0.0,42.26,DC,0.2
Manoj Naidu,38,India,Wicketkeeper,170.0,6,3155.0,102.0,0.0,0.0,41.79,KKR,3.0
Irfan Sharma,23,Australia,Bowler,60.0,2,2215.0,148.9,427.0,6.09,50.83,GT,1.5
Rahul Reddy,42,West Indies,Batter,78.0,3,9173.0,99.9,4.0,6.53,30.31,CSK,2.0
Rohan Mehta,42,India,Wicketkeeper,61.0,4,4822.0,154.2,0.0,0.0,20.76,SRH,7.0
Arjun Deshmukh,32,India,Batter,293.0,14,5872.0,131.5,9.0,8.36,42.63,KKR,1.0
Vikas Patel,27,India,Allrounder,244.0,9,6029.0,108.6,107.0,5.76,35.07,LSG,11.0
Manoj Naidu,20,India,Allrounder,59.0,2,1586.0,99.5,78.0,5.34,23.09,MI,0.5
Irfan Verma,23,Sri Lanka,Allrounder,49.0,3,6837.0,118.9,220.0,7.01,30.28,MI,5.0
Irfan Mehta,27,India,Bowler,143.0,5,2425.0,107.4,107.0,5.2,34.4,RR,5.0
Rahul Singh,33,India,Bowler,244.0,12,2310.0,136.9,689.0,4.77,24.34,RCB,1.0
Aditya Iyer,24,England,Wicketkeeper,102.0,6,11957.0,151.9,0.0,0.0,23.14,RR,1.5
Sandeep Sharma,39,West Indies,Bowler,80.0,4,875.0,145.0,861.0,7.59,43.82,DC,7.0
Arjun Sharma,33,West Indies,Allrounder,97.0,5,7698.0,103.4,361.0,8.19,26.17,SRH,7.0
Sandeep Yadav,32,South Africa,Allrounder,179.0,7,3182.0,109.7,328.0,5.88,30.88,KKR,1.5
Aditya Naidu,18,India,Allrounder,15.0,1,6085.0,96.7,472.0,7.01,33.38,RCB,3.0
Ankit Naidu,19,Sri Lanka,Bowler,20.0,1,488.0,131.4,126.0,4.94,54.48,KKR,0.2
Aditya Shetty,28,India,Wicketkeeper,170.0,7,3031.0,126.1,0.0,0.0,34.9,KKR,0.5
Sandeep Singh,31,Sri Lanka,Allrounder,107.0,7,4308.0,142.1,422.0,6.29,22.52,RR,2.0
Vikas Singh,29,England,Allrounder,85.0,4,4281.0,120.1,70.0,8.36,30.98,KKR,0.2
Rahul Singh,22,Australia,Wicketkeeper,106.0,4,7648.0,153.4,0.0,0.0,52.76,KKR,7.0
Amit Verma,28,India,Allrounder,181.0,8,2181.0,96.1,74.0,7.25,46.2,SRH,5.0
Nikhil Sharma,19,Sri Lanka,Wicketkeeper,16.0,1,6806.0,115.1,0.0,0.0,33.59,GT,11.0
Manoj Naidu,20,West Indies,Allrounder,41.0,2,8421.0,126.4,260.0,5.56,46.06,KKR,5.0
Aditya Sharma,41,India,Batter,233.0,10,14939.0,151.3,7.0,6.96,26.82,MI,11.0
Sameer Yadav,37,India,Allrounder,58.0,2,4414.0,133.7,404.0,5.23,49.73,RCB,3.0
Vikas Malik,42,India,Wicketkeeper,449.0,20,2506.0,152.2,0.0,0.0,46.85,RR,3.0
Ankit Deshmukh,40,Sri Lanka,Allrounder,85.0,5,6353.0,153.7,192.0,5.7,52.18,MI,11.0
Sandeep Chopra,36,India,Allrounder,219.0,9,3374.0,128.5,492.0,5.57,39.44,KKR,5.0
Amit Patel,25,England,Wicketkeeper,97.0,5,11504.0,121.6,0.0,0.0,54.45,CSK,0.2
Pranav Singh,22,Australia,Wicketkeeper,55.0,2,11779.0,98.6,0.0,0.0,41.95,KKR,5.0
Ankit Reddy,40,Australia,Wicketkeeper,243.0,11,6059.0,107.3,0.0,0.0,38.46,LSG,10.0
Sameer Iyer,30,India,Bowler,74.0,4,591.0,109.8,787.0,6.96,33.77,DC,7.0
Karthik Chopra,27,Sri Lanka,Wicketkeeper,185.0,7,6182.0,152.0,0.0,0.0,46.65,MI,3.0
Irfan Reddy,40,Sri Lanka,Bowler,85.0,5,3980.0,108.3,161.0,6.18,34.89,DC,5.0
Vikas Malik,27,Sri Lanka,Wicketkeeper,44.0,2,10133.0,141.4,0.0,0.0,48.72,SRH,11.0
Manoj Singh,34,Sri Lanka,Bowler,282.0,10,3567.0,134.7,877.5,4.93,23.33,PBKS,0.2
Harshit Iyer,27,India,Wicketkeeper,90.0,4,4102.0,96.4,0.0,0.0,39.2,CSK,5.0
Sameer Verma,39,India,Batter,63.0,4,12158.0,99.7,2.0,6.79,45.54,RCB,1.0
Sandeep Malik,35,India,Wicketkeeper,215.0,8,6330.0,124.9,0.0,0.0,47.87,RR,5.0
Harshit Yadav,41,Sri Lanka,Wicketkeeper,281.0,10,2545.0,134.8,0.0,0.0,45.54,MI,3.0
Irfan Naidu,23,South Africa,Wicketkeeper,55.0,2,6136.0,113.4,0.0,0.0,29.21,KKR,0.5
Nikhil Patel,31,West Indies,Wicketkeeper,265.0,10,3093.0,131.1,0.0,0.0,27.0,LSG,0.5
Aditya Verma,18,India,Wicketkeeper,22.0,1,4660.0,143.9,0.0,0.0,38.3,DC,3.0
Irfan Verma,22,India,Wicketkeeper,19.0,1,6497.0,108.6,0.0,0.0,41.88,CSK,0.5
Vikas Sharma,20,England,Allrounder,60.0,2,7188.0,99.9,333.0,8.31,23.83,KKR,1.0
Arjun Patel,19,India,Batter,18.0,1,13320.0,101.6,1.0,8.95,21.38,CSK,7.0
Ankit Khan,29,West Indies,Bowler,17.0,1,676.0,123.0,779.0,5.32,39.93,KKR,1.5
Rohan Reddy,40,Sri Lanka,Allrounder,26.0,1,8347.0,149.8,463.0,6.78,46.9,PBKS,2.0
Aditya Reddy,38,England,Bowler,231.0,11,3627.0,123.6,441.0,7.74,22.95,RR,11.0
Irfan Chopra,28,West Indies,Batter,90.0,3,8151.0,95.2,10.0,9.34,47.16,CSK,1.0
Vikas Verma,27,Sri Lanka,Wicketkeeper,83.0,5,10898.0,96.9,0.0,0.0,46.64,GT,1.5
Harshit Sharma,25,India,Allrounder,59.0,2,5861.0,118.4,399.0,8.28,28.43,RR,3.0
Irfan Khan,21,India,Allrounder,30.0,1,4895.0,124.5,84.0,5.79,25.98,DC,5.0
Sandeep Verma,37,Sri Lanka,Batter,406.0,18,6503.0,117.1,8.0,8.36,31.31,RCB,10.0
Sameer Verma,20,England,Bowler,53.0,2,78.0,127.6,877.5,5.75,24.97,KKR,10.0
Arjun Singh,26,South Africa,Allrounder,58.0,2,5674.0,148.0,141.0,7.48,29.73,KKR,7.0
Rohan Mehta,20,Australia,Bowler,44.0,2,912.0,140.6,578.0,4.69,26.42,KKR,1.0
Karthik Yadav,22,South Africa,Wicketkeeper,59.0,3,11526.0,97.5,0.0,0.0,41.67,CSK,0.2
Rahul Kulkarni,29,India,Wicketkeeper,159.0,6,3435.0,109.4,0.0,0.0,26.01,PBKS,1.5
Sandeep Deshmukh,30,West Indies,Allrounder,90.0,4,8460.0,112.5,349.0,8.44,51.62,DC,0.5
Manoj Iyer,33,Sri Lanka,Bowler,173.0,8,636.0,144.1,215.0,4.68,37.57,DC,5.0
Sameer Verma,36,India,Bowler,380.0,16,563.0,139.0,387.0,4.3,51.22,GT,5.0
Aditya Malik,28,India,Bowler,125.0,6,3165.0,138.5,237.0,4.62,35.58,LSG,0.2
Pranav Deshmukh,19,South Africa,Bowler,26.0,1,638.0,137.8,631.0,6.86,20.93,PBKS,7.0
Karthik Deshmukh,18,India,Batter,17.0,1,8581.0,123.3,10.0,6.63,52.68,LSG,1.0
Karthik Mehta,35,England,Bowler,140.0,6,586.0,132.7,423.0,5.3,20.42,KKR,2.0
Manoj Singh,29,India,Batter,217.0,10,13040.0,131.2,13.0,8.49,45.04,SRH,5.0
Vikas Chopra,32,India,Wicketkeeper,18.0,1,4003.0,149.3,0.0,0.0,25.13,PBKS,2.0
Rahul Sharma,42,West Indies,Batter,79.0,5,4418.0,154.7,7.0,6.92,25.47,MI,2.0
Ankit Kulkarni,39,India,Batter,467.0,17,6173.0,138.5,10.0,8.52,43.9,RCB,0.2
Vikas Verma,33,India,Allrounder,61.0,3,8509.0,107.9,400.0,5.8,43.32,SRH,2.0
Sameer Patel,35,Sri Lanka,Bowler,20.0,1,244.0,134.7,548.0,4.71,37.24,LSG,7.0
Sandeep Malik,27,Sri Lanka,Wicketkeeper,130.0,5,6733.0,118.2,0.0,0.0,30.51,RCB,10.0
Rahul Naidu,25,India,Batter,146.0,5,6796.0,125.5,14.0,9.32,39.64,RCB,2.0
Irfan Kulkarni,28,Sri Lanka,Bowler,30.0,2,3163.0,134.2,340.0,7.61,53.52,GT,2.0
Nikhil Yadav,34,Sri Lanka,Allrounder,306.0,11,5404.0,145.8,117.0,5.37,31.74,GT,5.0
Sameer Mehta,30,India,Wicketkeeper,53.0,2,9044.0,143.6,0.0,0.0,49.95,LSG,11.0
Sameer Singh,34,India,Wicketkeeper,246.0,15,10949.0,111.3,0.0,0.0,34.31,SRH,1.0
Sandeep Mehta,27,Australia,Wicketkeeper,193.0,8,6626.0,138.6,0.0,0.0,23.47,LSG,2.0
Manoj Deshmukh,37,Sri Lanka,Batter,429.0,15,4310.0,101.6,0.0,8.64,52.01,MI,7.0
Harshit Kulkarni,23,India,Wicketkeeper,97.0,4,3324.0,111.6,0.0,0.0,40.15,KKR,3.0
Karthik Yadav,21,Australia,Allrounder,67.0,3,2712.0,111.2,136.0,5.41,34.14,CSK,0.2
Rohan Kulkarni,20,Sri Lanka,Bowler,25.0,1,3347.0,95.0,575.0,5.85,51.1,KKR,3.0
Irfan Reddy,27,England,Wicketkeeper,208.0,7,7417.0,95.5,0.0,0.0,47.08,RR,0.5
Manoj Reddy,22,England,Wicketkeeper,16.0,1,9699.0,123.2,0.0,0.0,38.34,SRH,2.0
Rahul Chopra,19,Australia,Bowler,23.0,1,2953.0,131.4,246.0,4.79,38.8,MI,3.0
Pranav Sharma,20,India,Bowler,17.0,1,1623.0,109.3,564.0,4.62,22.34,PBKS,10.0
Manoj Deshmukh,27,India,Bowler,116.0,5,813.0,95.8,614.0,4.25,27.72,MI,2.0
Rohan Sharma,28,West Indies,Bowler,222.0,9,2273.0,114.0,655.0,6.58,32.0,RR,1.0
Pranav Yadav,36,India,Batter,208.0,7,7153.0,129.5,12.0,6.46,31.98,DC,1.0
Sameer Sharma,23,India,Wicketkeeper,88.0,3,10385.0,135.6,0.0,0.0,45.95,RCB,10.0
Ankit Khan,32,West Indies,Bowler,22.0,1,2783.0,111.6,517.0,6.22,37.8,KKR,0.5
Harshit Naidu,41,India,Wicketkeeper,293.0,19,5459.0,110.1,0.0,0.0,51.6,PBKS,2.0
Arjun Mehta,39,England,Batter,139.0,5,14914.0,124.6,5.0,8.68,53.79,RR,0.5
Karthik Deshmukh,38,India,Batter,248.0,12,9057.0,114.7,11.0,7.91,23.34,SRH,7.0
Vikas Deshmukh,36,South Africa,Allrounder,91.0,6,4232.0,146.6,317.0,6.9,50.34,SRH,2.0
Rahul Khan,41,England,Batter,400.0,22,6635.0,118.6,13.0,8.12,42.76,PBKS,1.5
Harshit Naidu,21,India,Wicketkeeper,24.0,1,5498.0,140.7,0.0,0.0,34.41,DC,1.5
Sandeep Khan,26,India,Batter,138.0,6,11745.0,135.8,11.0,7.67,50.68,DC,7.0
Harshit Yadav,35,India,Allrounder,240.0,14,3693.0,96.3,457.0,7.77,24.35,KKR,3.0
Nikhil Deshmukh,29,India,Bowler,276.0,10,1958.0,145.0,143.0,7.24,33.61,RCB,5.0
Irfan Kulkarni,34,India,Allrounder,160.0,7,3523.0,149.4,205.0,7.04,51.9,SRH,10.0
Nikhil Chopra,21,India,Batter,50.0,2,7126.0,107.6,11.0,8.74,45.56,SRH,10.0
Amit Deshmukh,40,West Indies,Bowler,246.0,9,252.0,148.6,832.0,4.38,25.22,KKR,1.5
Rahul Iyer,31,India,Allrounder,106.0,6,2067.0,131.6,310.0,7.32,47.19,GT,11.0
Manoj Reddy,26,India,Wicketkeeper,16.0,1,7286.0,128.1,0.0,0.0,22.08,LSG,0.2
Arjun Khan,36,Australia,Wicketkeeper,22.0,1,5679.0,137.4,0.0,0.0,33.41,RCB,1.5
Amit Deshmukh,30,India,Wicketkeeper,31.0,2,5362.0,114.2,0.0,0.0,54.71,RR,10.0
Sameer Reddy,29,West Indies,Bowler,173.0,9,2755.0,137.6,371.0,6.24,38.42,RR,1.0
Aditya Chopra,19,Australia,Bowler,28.0,1,3951.0,140.1,514.0,6.93,43.0,KKR,1.0
Rohan Khan,20,England,Wicketkeeper,22.0,1,11106.0,154.9,0.0,0.0,36.09,PBKS,1.0
Nikhil Chopra,32,Sri Lanka,Wicketkeeper,185.0,7,9224.0,137.4,0.0,0.0,47.92,PBKS,3.0
Vikas Patel,27,England,Bowler,110.0,5,2002.0,122.4,770.0,5.43,53.92,RCB,2.0
Arjun Sharma,29,Sri Lanka,Batter,184.0,7,6677.0,115.1,15.0,6.11,37.02,CSK,5.0
Rohan Patel,30,India,Bowler,84.0,3,2207.0,148.9,815.0,4.01,30.02,SRH,10.0
Harshit Khan,21,England,Batter,46.0,3,11082.0,144.2,10.0,6.9,29.73,RCB,5.0
Aditya Shetty,24,England,Bowler,60.0,4,3915.0,144.3,266.0,6.5,47.74,KKR,0.5
Karthik Deshmukh,42,India,Wicketkeeper,19.0,1,9931.0,141.9,0.0,0.0,23.1,RCB,10.0
Manoj Mehta,34,Sri Lanka,Allrounder,84.0,4,5345.0,113.4,80.0,5.28,21.26,RR,1.0
Arjun Reddy,27,West Indies,Bowler,256.0,9,2132.0,118.7,785.0,5.9,39.5,SRH,0.5
Aditya Shetty,38,West Indies,Wicketkeeper,288.0,17,5055.0,112.9,0.0,0.0,37.0,KKR,0.2
Ankit Khan,36,South Africa,Wicketkeeper,143.0,9,4722.0,115.1,0.0,0.0,26.83,LSG,3.0
Sameer Verma,26,India,Bowler,35.0,2,1501.0,135.4,695.0,6.47,49.02,RR,0.2
Manoj Reddy,39,India,Batter,215.0,13,10978.0,137.3,8.0,9.06,44.06,SRH,0.5
Rahul Deshmukh,35,India,Batter,51.0,2,6021.0,101.6,15.0,6.2,48.44,KKR,1.0
Sameer Yadav,40,India,Bowler,473.0,17,3368.0,116.3,744.0,4.89,25.09,RCB,1.0
Rohan Reddy,39,India,Batter,274.0,15,4529.0,141.5,4.0,6.68,29.17,LSG,3.0
Pranav Yadav,34,India,Batter,281.0,14,11110.0,104.1,10.0,7.57,43.73,RCB,7.0
Aditya Chopra,23,India,Bowler,90.0,3,2200.0,116.7,517.0,6.77,47.47,SRH,7.0
Sameer Iyer,24,Sri Lanka,Bowler,31.0,2,2742.0,136.5,437.0,4.91,45.55,MI,1.0
Karthik Deshmukh,19,India,Allrounder,23.0,1,5455.0,108.9,461.0,8.39,23.28,GT,1.0
Sandeep Shetty,36,Australia,Batter,167.0,9,12124.0,102.4,14.0,6.92,25.94,RR,11.0
Ankit Deshmukh,36,India,Batter,332.0,15,11420.0,119.8,12.0,7.17,51.63,KKR,0.2
Rahul Reddy,31,South Africa,Batter,208.0,8,4735.0,153.3,3.0,6.68,48.36,GT,10.0
Sameer Reddy,40,India,Wicketkeeper,178.0,9,3918.0,147.9,0.0,0.0,52.53,RCB,0.5
Rahul Deshmukh,26,England,Batter,136.0,8,9701.0,142.3,12.0,8.64,35.32,PBKS,11.0
Amit Reddy,29,Sri Lanka,Bowler,109.0,4,896.0,150.9,714.0,5.94,33.24,LSG,1.5
Rohan Naidu,41,England,Allrounder,273.0,11,5730.0,140.8,383.0,5.15,40.06,DC,2.0
Sandeep Naidu,22,India,Allrounder,80.0,3,7739.0,99.5,211.0,7.85,41.74,LSG,5.0
Manoj Chopra,38,Sri Lanka,Batter,175.0,11,3261.0,149.2,2.0,6.87,23.85,LSG,3.0
Ankit Reddy,35,West Indies,Allrounder,144.0,9,3332.0,100.3,229.0,7.95,20.88,SRH,1.0
Rahul Patel,30,South Africa,Wicketkeeper,156.0,8,3411.0,109.1,0.0,0.0,31.66,DC,3.0
Vikas Verma,28,India,Wicketkeeper,181.0,9,8387.0,132.6,0.0,0.0,24.61,RCB,5.0
Sameer Khan,24,West Indies,Wicketkeeper,90.0,5,9794.0,121.2,0.0,0.0,27.15,MI,0.2
Rohan Khan,42,India,Batter,199.0,8,3572.0,97.7,5.0,8.99,32.46,KKR,0.2
Arjun Yadav,19,India,Batter,19.0,1,7100.0,149.8,14.0,8.21,50.38,RR,2.0
Harshit Naidu,21,West Indies,Bowler,79.0,3,3053.0,98.8,581.0,7.4,49.43,KKR,0.5
Pranav Sharma,40,India,Allrounder,113.0,5,3480.0,149.1,119.0,7.73,30.91,CSK,5.0
Amit Deshmukh,26,India,Allrounder,18.0,1,3543.0,119.2,444.0,8.19,42.19,SRH,0.5
Pranav Chopra,35,India,Batter,45.0,2,12368.0,120.7,14.0,7.48,39.13,MI,2.0
Rohan Malik,39,Sri Lanka,Bowler,445.0,21,748.0,142.6,212.0,5.35,42.18,MI,0.5
Rohan Chopra,39,England,Allrounder,238.0,14,8469.0,108.9,67.0,7.41,53.94,GT,3.0
Rahul Shetty,21,India,Bowler,21.0,1,1101.0,106.8,121.0,6.51,46.27,MI,0.2
Rohan Iyer,32,South Africa,Batter,198.0,9,5816.0,98.8,15.0,6.61,38.46,RR,0.2
Sameer Khan,28,West Indies,Bowler,271.0,10,1312.0,106.3,453.0,6.1,32.19,SRH,0.2
Pranav Singh,39,Sri Lanka,Allrounder,189.0,8,7839.0,112.1,269.0,8.31,25.44,PBKS,11.0
Vikas Iyer,38,West Indies,Wicketkeeper,473.5,19,9489.0,154.6,0.0,0.0,30.58,KKR,0.5
Pranav Khan,27,India,Wicketkeeper,54.0,3,7098.0,135.8,0.0,0.0,28.1,SRH,5.0
Ankit Yadav,27,South Africa,Wicketkeeper,57.0,2,10407.0,128.0,0.0,0.0,33.52,PBKS,0.2
Manoj Iyer,32,India,Bowler,108.0,6,3741.0,121.0,576.0,7.65,40.45,MI,0.2
Arjun Deshmukh,25,India,Allrounder,146.0,6,8099.0,154.4,394.0,8.31,23.56,MI,2.0
Rohan Naidu,36,South Africa,Bowler,45.0,2,3464.0,117.9,722.0,7.17,40.82,DC,2.0
Amit Iyer,18,Australia,Wicketkeeper,30.0,1,6749.0,117.5,0.0,0.0,34.04,MI,11.0
Irfan Sharma,42,Australia,Allrounder,321.0,12,6698.0,129.4,439.0,5.56,39.14,MI,11.0
Pranav Naidu,22,India,Allrounder,33.0,2,5871.0,127.5,177.0,5.66,54.06,PBKS,7.0
Rohan Yadav,28,Sri Lanka,Allrounder,127.0,8,5017.0,123.9,293.0,7.5,52.06,MI,3.0
Karthik Malik,35,India,Wicketkeeper,192.0,7,8918.0,129.5,0.0,0.0,24.73,RR,2.0
Nikhil Mehta,36,West Indies,Wicketkeeper,307.0,14,6463.0,127.9,0.0,0.0,26.33,RCB,1.5
Ankit Shetty,40,India,Bowler,30.0,2,1437.0,153.0,352.0,6.92,32.63,KKR,11.0
Irfan Malik,25,India,Wicketkeeper,23.0,1,3320.0,121.1,0.0,0.0,34.75,LSG,3.0
Irfan Iyer,26,India,Bowler,87.0,3,3259.0,142.7,526.0,5.08,41.62,SRH,3.0
Amit Shetty,31,Australia,Wicketkeeper,191.0,12,8665.0,98.8,0.0,0.0,49.36,RR,1.0
Karthik Chopra,26,South Africa,Bowler,157.0,7,824.0,153.7,608.0,4.71,33.18,GT,0.2
Vikas Patel,18,Sri Lanka,Bowler,26.0,1,2175.0,99.7,785.0,6.34,32.06,KKR,11.0
Karthik Naidu,32,Sri Lanka,Batter,247.0,9,13891.0,123.6,11.0,8.81,51.66,RR,1.0
Vikas Kulkarni,35,India,Batter,195.0,8,11008.0,150.7,11.0,8.01,54.39,MI,2.0
Rohan Chopra,28,India,Wicketkeeper,82.0,3,11503.0,122.2,0.0,0.0,39.78,PBKS,0.2
Irfan Deshmukh,34,India,Batter,360.0,14,8856.0,108.3,10.0,8.92,50.16,MI,7.0
Amit Singh,26,India,Allrounder,85.0,4,8267.0,138.5,377.0,7.07,22.79,SRH,0.2
Aditya Chopra,23,West Indies,Allrounder,49.0,3,7707.0,113.6,293.0,7.68,48.18,CSK,7.0
Nikhil Naidu,40,India,Wicketkeeper,473.5,17,6182.0,125.5,0.0,0.0,29.61,LSG,0.5
Rahul Shetty,31,India,Allrounder,21.0,1,4397.0,140.9,148.0,8.33,54.5,MI,10.0
Nikhil Mehta,29,India,Bowler,217.0,9,2054.0,134.0,142.0,5.38,41.41,DC,5.0
Vikas Patel,19,India,Wicketkeeper,16.0,1,11884.0,136.3,0.0,0.0,21.34,GT,0.5
Vikas Deshmukh,35,South Africa,Bowler,294.0,13,3267.0,149.6,435.0,5.11,34.83,MI,3.0
Vikas Shetty,37,India,Wicketkeeper,131.0,8,3035.0,152.6,0.0,0.0,27.47,DC,1.0
Amit Reddy,24,England,Batter,139.0,5,14161.0,136.9,15.0,9.49,47.17,MI,0.5
Nikhil Iyer,24,Australia,Batter,18.0,1,12150.0,149.4,5.0,7.39,39.09,SRH,7.0
Sandeep Iyer,25,Sri Lanka,Bowler,50.0,3,1427.0,100.7,750.0,6.59,42.11,SRH,2.0
Rahul Singh,28,West Indies,Allrounder,57.0,2,4452.0,105.7,185.0,8.08,45.82,RCB,1.5
Aditya Patel,35,South Africa,Wicketkeeper,342.0,12,3006.0,96.5,0.0,0.0,52.42,MI,0.5
Arjun Reddy,22,South Africa,Bowler,17.0,1,2597.0,116.3,741.0,7.74,23.75,GT,1.5
Nikhil Verma,21,Sri Lanka,Bowler,65.0,3,595.0,96.8,838.0,6.5,36.89,PBKS,10.0
Sandeep Mehta,33,Australia,Batter,205.0,11,7701.0,123.4,0.0,6.95,20.64,CSK,1.5
Rohan Reddy,34,West Indies,Wicketkeeper,105.0,6,9447.0,98.1,0.0,0.0,20.56,MI,11.0
Vikas Kulkarni,27,India,Bowler,78.0,5,2487.0,128.6,131.0,6.35,28.16,LSG,11.0
Sandeep Mehta,19,India,Wicketkeeper,22.0,1,3269.0,133.8,0.0,0.0,50.95,PBKS,0.5
Pranav Khan,26,India,Batter,42.0,2,6801.0,144.9,6.0,6.97,43.19,SRH,0.5
Irfan Reddy,21,India,Wicketkeeper,30.0,2,3308.0,97.0,0.0,0.0,33.13,LSG,10.0
Manoj Verma,41,India,Batter,338.0,20,8134.0,138.9,11.0,7.78,30.05,RR,1.5
Irfan Malik,24,Australia,Wicketkeeper,27.0,1,6485.0,154.0,0.0,0.0,43.96,LSG,0.2
Harshit Iyer,20,South Africa,Allrounder,34.0,2,2358.0,100.8,351.0,6.3,26.35,KKR,1.0
Rahul Deshmukh,18,England,Wicketkeeper,23.0,1,6176.0,124.3,0.0,0.0,37.31,RR,3.0
Rahul Kulkarni,34,South Africa,Allrounder,207.0,10,2830.0,138.6,370.0,7.69,27.04,RCB,7.0
Sandeep Yadav,42,South Africa,Wicketkeeper,419.0,21,6913.0,130.7,0.0,0.0,20.72,LSG,0.5
Irfan Iyer,28,India,Wicketkeeper,244.0,10,5893.0,118.9,0.0,0.0,46.74,RR,0.2
Karthik Deshmukh,28,Australia,Bowler,78.0,3,3517.0,145.1,118.0,5.52,54.17,LSG,10.0
Manoj Khan,33,South Africa,Wicketkeeper,145.0,7,7518.0,131.4,0.0,0.0,25.08,CSK,5.0
Pranav Khan,29,Australia,Bowler,237.0,11,2359.0,95.6,425.0,5.44,41.1,DC,3.0
Manoj Verma,41,Australia,Wicketkeeper,82.0,3,6440.0,144.3,0.0,0.0,42.05,RCB,7.0
Arjun Verma,23,West Indies,Bowler,111.0,4,1942.0,143.0,509.0,6.99,49.79,GT,2.0
Pranav Khan,20,Australia,Batter,19.0,1,10759.0,147.3,1.0,6.93,42.89,DC,5.0
Sameer Chopra,42,India,Batter,264.0,14,4469.0,154.2,14.0,7.01,53.26,LSG,1.5
Sandeep Malik,22,West Indies,Batter,55.0,3,3773.0,145.6,12.0,8.01,29.15,CSK,1.0
Sameer Shetty,27,West Indies,Batter,171.0,7,14147.0,106.0,6.0,7.46,38.2,RCB,5.0
Karthik Chopra,31,India,Allrounder,157.0,9,4338.0,107.8,459.0,6.74,43.55,RR,2.0
Rohan Yadav,42,India,Batter,297.0,17,13690.0,98.7,13.0,6.41,33.47,PBKS,11.0
Ankit Malik,36,Australia,Wicketkeeper,286.0,14,9405.0,119.6,0.0,0.0,31.19,CSK,1.5
Karthik Naidu,26,India,Batter,120.0,4,10650.0,115.3,1.0,6.9,25.72,RCB,10.0
Aditya Naidu,42,West Indies,Bowler,95.0,6,2369.0,149.3,876.0,5.53,27.85,KKR,10.0
Vikas Naidu,37,Australia,Allrounder,473.5,18,7338.0,103.5,239.0,7.4,32.39,LSG,1.0
Rohan Khan,37,India,Batter,109.0,7,14654.0,151.2,11.0,7.12,34.98,DC,7.0
Arjun Malik,35,West Indies,Wicketkeeper,159.0,7,3167.0,136.4,0.0,0.0,41.09,SRH,2.0
Sandeep Singh,19,West Indies,Allrounder,28.0,1,6813.0,151.4,305.0,5.49,32.11,MI,10.0
Ankit Sharma,37,Sri Lanka,Allrounder,46.0,2,5921.0,113.0,174.0,5.16,31.75,LSG,2.0
Pranav Shetty,25,India,Allrounder,143.0,5,2152.0,132.2,188.0,5.32,32.14,CSK,5.0
Ankit Sharma,37,South Africa,Bowler,435.0,17,632.0,95.4,622.0,6.39,54.37,RCB,2.0
Sameer Singh,33,Sri Lanka,Batter,206.0,10,3078.0,134.6,14.0,6.6,45.05,PBKS,1.0
Arjun Patel,41,West Indies,Wicketkeeper,415.0,15,11517.0,105.3,0.0,0.0,23.91,CSK,0.5
Ankit Naidu,21,Australia,Batter,18.0,1,3325.0,109.8,0.0,6.53,25.89,DC,2.0
Nikhil Mehta,24,India,Wicketkeeper,17.0,1,5850.0,135.4,0.0,0.0,34.73,RR,5.0
Arjun Khan,36,South Africa,Bowler,136.0,6,346.0,97.8,345.0,6.04,50.14,MI,3.0
Sandeep Mehta,22,India,Bowler,85.0,3,2538.0,116.6,236.0,4.65,22.52,SRH,5.0
Manoj Verma,34,India,Batter,209.0,10,11942.0,134.9,9.0,6.48,44.24,DC,1.0
Karthik Deshmukh,29,Australia,Allrounder,51.0,3,6440.0,128.1,277.0,7.37,53.34,PBKS,2.0
Rahul Chopra,24,India,Wicketkeeper,78.0,3,8577.0,125.4,0.0,0.0,35.73,GT,0.2
Vikas Shetty,24,England,Bowler,33.0,2,646.0,100.9,180.0,4.94,39.19,MI,7.0
Harshit Shetty,40,Sri Lanka,Allrounder,303.0,11,6880.0,126.4,350.0,6.1,27.21,GT,11.0
Rohan Shetty,33,Sri Lanka,Wicketkeeper,23.0,1,3471.0,145.3,0.0,0.0,54.99,RR,2.0
Rahul Verma,37,England,Wicketkeeper,27.0,1,6557.0,114.3,0.0,0.0,49.48,KKR,0.2
Vikas Iyer,20,India,Bowler,18.0,1,3608.0,154.8,421.0,7.32,32.0,MI,0.5
Pranav Kulkarni,18,South Africa,Allrounder,17.0,1,6706.0,108.7,90.0,7.65,41.87,GT,5.0
Vikas Singh,27,England,Wicketkeeper,45.0,2,10753.0,137.3,0.0,0.0,45.94,DC,3.0
Rohan Singh,34,Australia,Batter,257.0,9,6963.0,145.9,11.0,6.73,34.73,LSG,7.0
Arjun Kulkarni,29,Sri Lanka,Wicketkeeper,233.0,9,10352.0,108.0,0.0,0.0,38.99,DC,1.0
Harshit Shetty,42,Australia,Wicketkeeper,62.0,3,10684.0,146.8,0.0,0.0,53.85,KKR,7.0
Vikas Yadav,32,India,Wicketkeeper,296.0,10,9710.0,139.9,0.0,0.0,20.2,MI,5.0
Vikas Sharma,29,England,Allrounder,145.0,8,5322.0,99.6,465.0,5.47,23.54,SRH,1.5
Sameer Malik,19,India,Allrounder,21.0,1,2121.0,115.3,169.0,6.34,23.98,LSG,3.0
Nikhil Iyer,24,India,Wicketkeeper,147.0,5,4593.0,147.9,0.0,0.0,41.54,RR,0.5
Pranav Mehta,34,India,Wicketkeeper,146.0,6,8575.0,142.8,0.0,0.0,33.0,KKR,2.0
Ankit Naidu,19,Sri Lanka,Wicketkeeper,24.0,1,4513.0,119.6,0.0,0.0,31.12,CSK,10.0
Rohan Khan,26,India,Wicketkeeper,33.0,2,4112.0,121.3,0.0,0.0,41.36,DC,2.0
Harshit Mehta,39,India,Allrounder,305.0,11,4543.0,145.3,287.0,6.73,51.5,KKR,7.0
Nikhil Deshmukh,42,England,Batter,389.0,22,9577.0,109.4,8.0,7.64,53.08,LSG,3.0
Irfan Khan,26,Australia,Allrounder,213.0,8,3581.0,133.4,140.0,7.57,46.09,GT,0.5
Sandeep Malik,37,India,Wicketkeeper,356.0,15,11783.0,99.6,0.0,0.0,22.37,MI,3.0
Arjun Shetty,40,Australia,Allrounder,465.0,16,2870.0,103.8,62.0,5.54,34.72,DC,2.0
Vikas Khan,34,England,Batter,177.0,10,12927.0,146.3,0.0,6.55,40.23,PBKS,1.5
Rahul Chopra,26,Sri Lanka,Wicketkeeper,149.0,8,2572.0,117.1,0.0,0.0,22.44,RR,0.2
Sandeep Reddy,34,India,Wicketkeeper,337.0,12,5448.0,130.5,0.0,0.0,24.08,RCB,2.0
Rahul Yadav,26,India,Allrounder,32.0,2,5291.0,143.2,180.0,7.6,39.04,SRH,0.2
Vikas Kulkarni,37,Australia,Batter,244.0,15,5101.0,142.2,10.0,6.52,30.77,RR,0.2
Arjun Mehta,41,India,Batter,268.0,9,4854.0,123.2,12.0,6.78,52.29,DC,2.0
Vikas Khan,26,Sri Lanka,Wicketkeeper,201.0,8,11696.0,112.8,0.0,0.0,51.7,PBKS,1.0
Karthik Mehta,30,West Indies,Batter,172.0,6,8806.0,100.0,4.0,6.19,44.45,KKR,10.0
Irfan Verma,29,India,Wicketkeeper,62.0,3,8721.0,106.4,0.0,0.0,31.08,LSG,1.5
Pranav Naidu,28,Sri Lanka,Batter,178.0,8,13396.0,114.9,2.0,6.48,29.82,KKR,5.0
Sandeep Mehta,29,India,Wicketkeeper,170.0,8,2574.0,139.2,0.0,0.0,44.57,KKR,3.0
Amit Mehta,35,West Indies,Bowler,55.0,3,2371.0,138.5,512.0,7.63,44.32,KKR,5.0
Harshit Deshmukh,24,India,Allrounder,66.0,3,5618.0,148.0,288.0,7.43,30.37,KKR,1.0
Amit Khan,35,India,Wicketkeeper,289.0,17,4805.0,113.0,0.0,0.0,45.94,RCB,11.0
Harshit Reddy,38,India,Allrounder,243.0,9,7833.0,149.7,96.0,5.8,38.72,SRH,3.0
Nikhil Kulkarni,39,England,Wicketkeeper,340.0,13,7612.0,113.0,0.0,0.0,47.16,SRH,7.0
Karthik Verma,34,India,Batter,179.0,7,12622.0,152.8,3.0,7.09,54.4,MI,1.5
Rohan Deshmukh,40,India,Allrounder,280.0,10,6272.0,101.8,281.0,7.33,29.21,RCB,0.2
Karthik Reddy,26,South Africa,Allrounder,66.0,4,2088.0,146.1,500.0,6.8,26.47,RCB,5.0
Rahul Malik,42,South Africa,Wicketkeeper,352.0,22,11572.0,101.3,0.0,0.0,22.61,KKR,0.2
Rahul Reddy,24,India,Bowler,91.0,5,2931.0,148.1,853.0,5.93,21.48,RR,2.0
Ankit Reddy,26,India,Wicketkeeper,60.0,2,10820.0,107.7,0.0,0.0,44.26,LSG,0.5
Ankit Reddy,39,India,Batter,307.0,14,5701.0,143.4,3.0,8.89,47.48,MI,3.0
Manoj Iyer,32,India,Allrounder,217.0,11,3329.0,118.8,437.0,5.45,54.47,RR,11.0
Rahul Iyer,35,South Africa,Bowler,213.0,8,1979.0,131.1,464.0,7.76,44.82,SRH,2.0
Irfan Naidu,33,West Indies,Bowler,190.0,8,2423.0,122.0,100.0,7.61,24.79,PBKS,7.0
Arjun Khan,18,West Indies,Bowler,26.0,1,481.0,152.6,457.0,6.54,44.4,SRH,2.0
Nikhil Malik,40,India,Wicketkeeper,407.0,20,4652.0,143.2,0.0,0.0,34.8,GT,2.0
Rohan Mehta,23,Australia,Bowler,21.0,1,3803.0,105.1,768.0,4.37,54.39,DC,10.0
Vikas Iyer,23,India,Batter,128.0,5,4767.0,95.7,9.0,7.73,53.44,DC,10.0
Ankit Patel,26,West Indies,Batter,97.0,4,8414.0,145.2,5.0,7.74,39.2,DC,7.0
Harshit Verma,32,Australia,Bowler,229.0,8,2864.0,131.9,499.0,4.39,54.91,CSK,1.0
Rohan Malik,31,India,Batter,155.0,6,5853.0,145.5,5.0,6.12,28.24,RR,3.0
Manoj Chopra,25,West Indies,Wicketkeeper,42.0,2,8914.0,118.6,0.0,0.0,33.04,CSK,1.0
Ankit Iyer,24,India,Batter,146.0,6,10240.0,125.3,13.0,9.15,35.65,LSG,2.0
Manoj Iyer,32,India,Wicketkeeper,118.0,5,9225.0,144.1,0.0,0.0,21.71,CSK,2.0
Nikhil Verma,40,South Africa,Batter,351.0,13,11057.0,96.3,11.0,6.3,44.08,SRH,7.0
Rohan Khan,29,South Africa,Batter,19.0,1,9696.0,147.6,4.0,7.84,37.45,LSG,10.0
Manoj Patel,29,West Indies,Wicketkeeper,138.0,8,11822.0,108.3,0.0,0.0,48.18,RR,2.0
Nikhil Khan,30,West Indies,Batter,152.0,9,3052.0,151.1,14.0,7.03,28.76,RCB,0.2
Pranav Chopra,21,India,Wicketkeeper,60.0,2,8221.0,105.1,0.0,0.0,37.27,RCB,10.0
Arjun Sharma,30,India,Wicketkeeper,144.0,6,6240.0,98.0,0.0,0.0,21.27,RCB,0.5
Sameer Verma,26,India,Batter,204.0,8,6830.0,107.9,12.0,7.74,20.33,MI,3.0
Karthik Reddy,25,South Africa,Wicketkeeper,15.0,1,4075.0,112.8,0.0,0.0,36.71,RCB,0.2
Harshit Naidu,34,Australia,Allrounder,135.0,8,7827.0,103.1,477.0,6.38,40.29,GT,1.5
Amit Patel,32,England,Wicketkeeper,15.0,1,9208.0,137.6,0.0,0.0,43.64,SRH,11.0
Rohan Reddy,29,England,Batter,256.0,9,8387.0,103.3,11.0,7.38,37.48,PBKS,0.2
Aditya Reddy,28,South Africa,Wicketkeeper,61.0,3,3617.0,148.4,0.0,0.0,36.41,RR,2.0
Amit Shetty,28,India,Wicketkeeper,169.0,6,3345.0,106.7,0.0,0.0,23.26,PBKS,1.0
Ankit Kulkarni,32,Sri Lanka,Allrounder,278.0,14,6978.0,139.6,147.0,8.3,30.95,MI,10.0
Rohan Deshmukh,34,India,Batter,82.0,3,8410.0,148.7,12.0,7.03,26.21,CSK,10.0
Harshit Verma,42,India,Allrounder,124.0,7,6848.0,137.8,120.0,6.87,33.87,DC,1.0
Irfan Patel,20,India,Allrounder,50.0,2,4799.0,108.7,250.0,5.14,51.56,DC,0.2
Nikhil Reddy,21,India,Allrounder,51.0,2,3185.0,143.9,249.0,6.83,39.45,KKR,3.0
Aditya Kulkarni,41,South Africa,Bowler,182.0,9,3967.0,149.5,188.0,7.59,36.9,PBKS,1.5
Manoj Verma,38,India,Wicketkeeper,418.0,20,4897.0,114.1,0.0,0.0,41.06,CSK,5.0
Karthik Deshmukh,32,India,Bowler,252.0,12,2950.0,124.9,818.0,6.56,48.78,DC,0.2
Ankit Verma,22,West Indies,Allrounder,17.0,1,4987.0,115.1,310.0,5.64,44.02,LSG,0.5
Ankit Iyer,36,West Indies,Allrounder,295.0,13,2961.0,121.4,58.0,5.86,53.73,CSK,5.0
Nikhil Shetty,32,India,Wicketkeeper,114.0,7,9804.0,132.6,0.0,0.0,53.22,SRH,0.5
Rahul Shetty,18,West Indies,Batter,23.0,1,10565.0,138.5,11.0,8.53,40.72,GT,7.0
Sandeep Patel,32,India,Wicketkeeper,270.0,9,4286.0,103.5,0.0,0.0,38.19,GT,0.2
Harshit Reddy,38,India,Bowler,211.0,14,2349.0,154.9,816.0,4.96,29.34,CSK,0.5
Arjun Kulkarni,31,India,Wicketkeeper,61.0,3,6986.0,108.8,0.0,0.0,41.84,RR,11.0
Irfan Shetty,18,India,Allrounder,28.0,1,2456.0,96.3,500.0,6.79,24.53,LSG,2.0
Manoj Chopra,35,South Africa,Batter,224.0,12,3773.0,124.0,9.0,8.84,25.11,GT,5.0
Arjun Chopra,24,England,Wicketkeeper,157.0,6,4042.0,122.9,0.0,0.0,28.86,MI,0.5
Arjun Deshmukh,27,India,Batter,60.0,2,9365.0,152.5,10.0,6.78,32.67,GT,3.0
Ankit Kulkarni,22,India,Wicketkeeper,73.0,3,11512.0,97.8,0.0,0.0,53.96,RR,5.0
Nikhil Deshmukh,39,Australia,Bowler,157.0,6,2813.0,110.3,128.0,7.02,34.31,SRH,1.0
Vikas Verma,38,England,Wicketkeeper,251.0,9,3601.0,146.7,0.0,0.0,32.51,CSK,7.0
Karthik Singh,32,Australia,Allrounder,253.0,10,3137.0,127.1,186.0,6.99,34.05,KKR,3.0
Sandeep Sharma,24,India,Allrounder,26.0,1,8580.0,123.4,488.0,7.24,20.74,GT,1.5
Sameer Mehta,34,India,Bowler,40.0,2,359.0,101.8,873.0,7.09,36.24,GT,3.0
Arjun Patel,31,Sri Lanka,Bowler,346.0,12,3434.0,137.3,270.0,6.2,34.38,RR,3.0
Nikhil Reddy,41,Australia,Wicketkeeper,366.0,22,2589.0,139.1,0.0,0.0,24.6,RR,0.5
Arjun Yadav,19,Australia,Bowler,20.0,1,253.0,144.6,756.0,6.48,51.13,SRH,2.0
Irfan Patel,33,West Indies,Bowler,220.0,11,2843.0,113.8,576.0,6.2,25.72,CSK,1.5
Sameer Yadav,18,Sri Lanka,Allrounder,25.0,1,2031.0,127.4,352.0,6.21,26.87,LSG,2.0
Arjun Verma,30,England,Bowler,126.0,6,3773.0,148.8,142.0,7.62,21.15,SRH,7.0
Sameer Naidu,30,West Indies,Wicketkeeper,135.0,5,11846.0,128.7,0.0,0.0,47.63,RR,2.0
Aditya Yadav,19,Australia,Bowler,18.0,1,2368.0,126.4,412.0,4.93,34.21,GT,11.0
Rahul Shetty,18,South Africa,Batter,21.0,1,14088.0,131.9,11.0,6.69,54.78,DC,1.0
Sandeep Khan,26,West Indies,Bowler,59.0,2,2364.0,128.1,689.0,5.39,31.47,CSK,2.0
Nikhil Singh,25,India,Allrounder,74.0,4,4578.0,146.9,255.0,8.07,26.26,DC,7.0
Vikas Naidu,23,India,Allrounder,80.0,4,5234.0,104.1,395.0,8.15,23.34,LSG,3.0
Karthik Deshmukh,42,India,Bowler,473.5,18,1954.0,118.2,223.0,6.48,38.58,CSK,3.0
Karthik Chopra,30,India,Batter,83.0,3,6384.0,98.2,2.0,8.28,30.25,GT,0.2
Irfan Deshmukh,26,Australia,Wicketkeeper,134.0,5,8897.0,122.7,0.0,0.0,29.33,PBKS,1.5
Ankit Deshmukh,37,India,Bowler,168.0,8,200.0,100.2,369.0,4.19,48.06,LSG,1.0
Ankit Kulkarni,27,India,Bowler,16.0,1,938.0,104.1,679.0,7.46,28.72,RCB,11.0
Sandeep Singh,41,England,Batter,34.0,2,7083.0,152.3,9.0,8.28,30.49,KKR,1.0
Sameer Shetty,35,India,Wicketkeeper,216.0,10,7444.0,146.3,0.0,0.0,37.71,MI,10.0
Arjun Naidu,36,South Africa,Wicketkeeper,371.0,16,8367.0,152.4,0.0,0.0,24.77,RCB,5.0
Irfan Deshmukh,31,England,Allrounder,178.0,6,2594.0,121.5,305.0,8.41,53.35,CSK,1.5
Rohan Khan,26,India,Batter,101.0,4,7946.0,126.8,4.0,7.61,48.17,SRH,3.0
Harshit Singh,26,India,Allrounder,110.0,7,3366.0,132.2,353.0,7.53,34.59,RCB,7.0
Ankit Khan,27,India,Batter,161.0,9,13668.0,151.9,11.0,8.77,20.34,KKR,10.0
Arjun Malik,27,South Africa,Wicketkeeper,100.0,4,5305.0,130.3,0.0,0.0,50.31,RCB,0.5
Harshit Singh,28,India,Allrounder,287.0,10,7867.0,143.0,467.0,7.29,51.33,GT,1.5
Rahul Verma,38,England,Bowler,281.0,11,2851.0,138.0,768.0,6.85,53.77,PBKS,1.5
Karthik Malik,42,Sri Lanka,Allrounder,473.5,20,1699.0,143.9,128.0,8.02,23.02,RR,0.2
Amit Malik,42,India,Allrounder,223.0,10,3089.0,128.4,131.0,5.84,44.83,MI,3.0
Aditya Verma,42,West Indies,Allrounder,30.0,2,3332.0,100.6,497.0,6.06,30.89,GT,7.0
Karthik Shetty,33,West Indies,Batter,73.0,3,12152.0,147.6,9.0,8.7,51.95,GT,1.5
Irfan Deshmukh,27,England,Allrounder,42.0,2,6069.0,117.4,418.0,6.33,34.23,CSK,5.0
Aditya Sharma,42,Australia,Wicketkeeper,143.0,5,7938.0,117.5,0.0,0.0,43.32,LSG,3.0
Karthik Shetty,23,England,Wicketkeeper,111.0,5,4810.0,116.5,0.0,0.0,20.71,DC,1.5
Irfan Mehta,23,Australia,Bowler,137.0,5,3067.0,108.4,269.0,5.67,21.01,RCB,0.5
Karthik Iyer,38,England,Batter,26.0,1,5220.0,107.4,11.0,7.65,35.85,LSG,5.0
Sandeep Singh,34,South Africa,Allrounder,143.0,8,7801.0,131.2,157.0,5.97,54.68,PBKS,7.0
Sameer Deshmukh,32,India,Batter,98.0,5,4780.0,133.8,7.0,7.92,52.17,MI,5.0
Rahul Reddy,36,India,Batter,278.0,11,7284.0,105.0,15.0,7.31,29.9,LSG,0.2
Amit Iyer,31,England,Bowler,62.0,3,3188.0,133.7,392.0,5.53,20.16,MI,0.5
Pranav Verma,22,England,Bowler,47.0,2,1110.0,99.6,290.0,7.24,51.52,LSG,0.2
Sandeep Kulkarni,32,West Indies,Batter,77.0,5,9221.0,154.4,4.0,9.32,48.33,LSG,3.0
Sandeep Naidu,41,India,Bowler,26.0,1,2279.0,137.4,718.0,4.54,27.12,DC,5.0
Irfan Malik,28,India,Bowler,123.0,6,1446.0,114.0,771.0,7.41,31.44,KKR,0.2
Sandeep Verma,38,South Africa,Allrounder,73.0,4,5429.0,95.8,89.0,8.21,26.79,RR,7.0
Harshit Patel,19,Australia,Allrounder,26.0,1,4683.0,137.0,444.0,6.48,42.66,RCB,3.0
Rahul Patel,35,India,Batter,82.0,3,10368.0,147.8,8.0,8.34,24.24,RCB,5.0
Rahul Khan,22,India,Allrounder,88.0,4,7131.0,138.5,109.0,6.83,42.26,MI,11.0
Manoj Sharma,24,West Indies,Wicketkeeper,45.0,3,11807.0,121.9,0.0,0.0,20.6,KKR,0.2
Irfan Patel,18,India,Bowler,30.0,1,368.0,102.1,623.0,4.23,32.01,LSG,10.0
Harshit Yadav,19,India,Wicketkeeper,23.0,1,9859.0,102.1,0.0,0.0,34.91,MI,0.5
Harshit Malik,37,India,Batter,103.0,5,14557.0,141.7,4.0,6.63,50.5,PBKS,1.5
Harshit Kulkarni,41,Sri Lanka,Wicketkeeper,296.0,17,10889.0,118.4,0.0,0.0,37.9,MI,7.0
Manoj Khan,28,India,Batter,140.0,7,11722.0,127.1,2.0,9.34,54.83,LSG,10.0
Amit Deshmukh,29,India,Bowler,104.0,4,1920.0,146.7,775.0,4.54,37.4,MI,2.0
Sameer Singh,25,India,Allrounder,202.0,7,2131.0,153.3,499.0,5.08,53.78,GT,3.0
Sameer Patel,18,West Indies,Bowler,18.0,1,1690.0,152.2,853.0,5.46,24.94,RCB,5.0
Rohan Mehta,36,India,Batter,255.0,10,8451.0,106.5,0.0,8.38,28.63,RR,7.0
Nikhil Sharma,35,India,Bowler,314.0,17,2256.0,117.6,511.0,6.96,20.25,KKR,0.5
Manoj Reddy,18,South Africa,Batter,25.0,1,14881.0,108.7,1.0,7.45,43.92,RR,7.0
Sameer Iyer,35,England,Wicketkeeper,266.0,12,8015.0,106.7,0.0,0.0,49.48,SRH,2.0
Pranav Sharma,24,India,Batter,109.0,5,5512.0,118.6,11.0,6.93,30.43,PBKS,2.0
Rahul Khan,30,Sri Lanka,Allrounder,168.0,6,5469.0,101.1,454.0,7.25,36.73,KKR,2.0
Irfan Verma,23,West Indies,Allrounder,113.0,4,2158.0,148.0,184.0,6.17,22.57,DC,2.0
Vikas Shetty,25,England,Bowler,19.0,1,1987.0,105.1,359.0,7.15,23.1,SRH,11.0
Sandeep Kulkarni,42,South Africa,Wicketkeeper,373.0,13,10294.0,107.1,0.0,0.0,23.59,MI,3.0
Ankit Shetty,35,South Africa,Allrounder,166.0,11,4203.0,154.3,298.0,6.82,21.2,LSG,11.0
Karthik Reddy,33,India,Batter,174.0,9,12897.0,118.2,12.0,7.61,31.89,KKR,0.5
Rahul Chopra,26,England,Bowler,16.0,1,1652.0,148.7,356.0,5.26,20.66,SRH,5.0
Vikas Patel,42,West Indies,Wicketkeeper,290.0,11,4377.0,141.5,0.0,0.0,28.85,GT,7.0
Nikhil Chopra,38,India,Wicketkeeper,352.0,17,8195.0,118.0,0.0,0.0,34.71,GT,5.0
Aditya Sharma,21,England,Wicketkeeper,77.0,3,8863.0,113.3,0.0,0.0,23.27,PBKS,3.0
Ankit Singh,19,India,Batter,24.0,1,13851.0,112.9,14.0,6.4,48.76,GT,3.0
Sandeep Singh,36,England,Bowler,90.0,4,1395.0,139.6,302.0,4.51,30.11,MI,10.0
Ankit Chopra,34,Australia,Batter,48.0,2,4014.0,120.7,4.0,9.09,26.01,GT,7.0
Rohan Patel,34,India,Batter,98.0,4,10617.0,105.6,5.0,9.45,39.87,MI,0.5
Sameer Iyer,36,West Indies,Wicketkeeper,143.0,7,3025.0,129.2,0.0,0.0,33.05,DC,7.0
Aditya Shetty,40,India,Batter,213.0,10,10206.0,145.6,6.0,9.33,49.04,PBKS,2.0
Arjun Malik,23,West Indies,Batter,71.0,4,11775.0,122.4,14.0,9.41,23.4,CSK,1.0
Manoj Shetty,23,South Africa,Allrounder,43.0,2,4514.0,117.8,191.0,7.68,26.66,DC,10.0
Aditya Iyer,39,India,Wicketkeeper,449.0,17,6061.0,124.0,0.0,0.0,52.4,CSK,2.0
Arjun Sharma,42,India,Allrounder,359.0,13,8604.0,145.9,169.0,5.6,34.64,CSK,7.0
Arjun Malik,35,West Indies,Wicketkeeper,87.0,3,7566.0,103.2,0.0,0.0,49.69,DC,1.0
Sameer Kulkarni,20,India,Allrounder,43.0,2,8567.0,112.5,378.0,8.39,30.62,MI,0.2
Rahul Mehta,24,India,Bowler,103.0,5,197.0,143.8,754.0,5.48,20.36,LSG,2.0
Arjun Mehta,40,Sri Lanka,Wicketkeeper,473.5,22,9742.0,108.4,0.0,0.0,44.71,KKR,0.2
Irfan Iyer,40,India,Allrounder,48.0,2,6317.0,114.8,215.0,6.42,50.53,DC,5.0
Vikas Sharma,23,England,Batter,128.0,5,13032.0,151.9,9.0,9.21,29.54,RR,1.0
Rohan Malik,40,Australia,Wicketkeeper,262.0,12,4234.0,149.8,0.0,0.0,45.79,MI,2.0
Manoj Singh,34,England,Bowler,461.0,16,3984.0,131.6,605.0,4.59,20.92,MI,0.2
Rohan Singh,29,India,Bowler,76.0,5,630.0,139.0,811.0,6.69,47.63,PBKS,1.0
Sameer Chopra,21,India,Allrounder,20.0,1,3796.0,132.7,255.0,5.6,26.26,RCB,7.0
Sandeep Chopra,24,India,Bowler,47.0,2,2578.0,135.5,558.0,7.6,23.34,CSK,0.5
Vikas Kulkarni,39,Australia,Allrounder,120.0,7,2365.0,134.8,266.0,5.65,36.68,PBKS,5.0
Irfan Patel,25,West Indies,Wicketkeeper,144.0,7,8417.0,139.2,0.0,0.0,29.83,LSG,10.0
Arjun Reddy,34,West Indies,Allrounder,323.0,16,5386.0,105.6,178.0,7.3,39.03,RCB,5.0
Harshit Patel,24,Australia,Batter,44.0,2,11773.0,132.7,12.0,9.35,21.75,RR,7.0
Vikas Deshmukh,20,India,Allrounder,30.0,1,3826.0,104.4,402.0,8.46,45.13,RR,0.2
Nikhil Sharma,24,England,Batter,31.0,2,7902.0,112.7,7.0,7.86,26.21,LSG,1.0
Ankit Deshmukh,41,West Indies,Batter,236.0,8,13666.0,146.5,15.0,6.62,50.55,PBKS,10.0
Sandeep Khan,18,India,Wicketkeeper,25.0,1,6595.0,122.9,0.0,0.0,23.63,GT,5.0
Amit Patel,24,South Africa,Bowler,107.0,4,30.0,124.2,503.0,7.36,35.36,MI,3.0
Irfan Reddy,26,India,Wicketkeeper,51.0,2,6533.0,119.4,0.0,0.0,32.78,GT,5.0
Sameer Yadav,28,India,Wicketkeeper,192.0,8,9714.0,126.6,0.0,0.0,41.16,MI,2.0
Arjun Yadav,36,South Africa,Batter,94.0,6,11322.0,148.8,14.0,7.63,31.12,MI,0.2
Ankit Patel,27,Sri Lanka,Bowler,160.0,6,3916.0,113.0,516.0,6.2,46.37,GT,7.0
Arjun Verma,24,Sri Lanka,Allrounder,92.0,5,7770.0,106.3,493.0,5.36,48.04,LSG,5.0
Nikhil Singh,39,India,Wicketkeeper,277.0,13,8152.0,106.0,0.0,0.0,41.9,CSK,2.0
Vikas Yadav,34,England,Allrounder,40.0,2,5560.0,126.4,217.0,8.4,26.56,RCB,10.0
Harshit Chopra,37,Sri Lanka,Allrounder,448.0,16,4715.0,144.4,347.0,6.12,32.31,GT,1.5
Sandeep Iyer,32,India,Allrounder,24.0,1,3798.0,141.6,441.0,7.53,37.54,CSK,1.0
Sandeep Deshmukh,28,Sri Lanka,Batter,143.0,9,14588.0,114.0,4.0,8.74,38.07,KKR,10.0
Rohan Kulkarni,26,West Indies,Bowler,30.0,1,2348.0,105.1,631.0,6.61,29.58,MI,7.0
Nikhil Khan,33,West Indies,Allrounder,234.0,9,6071.0,134.3,494.0,7.28,37.27,RCB,2.0
Rohan Khan,31,India,Batter,233.0,8,10069.0,123.9,12.0,8.78,50.85,PBKS,0.5
Ankit Kulkarni,35,West Indies,Batter,25.0,1,4646.0,113.9,0.0,8.58,33.83,PBKS,0.5
Pranav Iyer,20,India,Allrounder,28.0,1,3779.0,148.7,49.0,7.34,26.25,DC,5.0
Nikhil Singh,28,India,Wicketkeeper,32.0,2,4158.0,125.9,0.0,0.0,24.16,GT,1.5
Nikhil Singh,38,India,Allrounder,312.0,16,8976.0,136.2,240.0,5.98,22.72,RCB,7.0
Irfan Singh,22,India,Wicketkeeper,29.0,1,10307.0,134.7,0.0,0.0,51.53,PBKS,11.0
Sameer Deshmukh,31,India,Allrounder,161.0,7,2566.0,108.0,55.0,8.39,46.21,CSK,7.0
Ankit Shetty,24,England,Bowler,55.0,2,3396.0,100.5,537.0,7.52,34.49,GT,1.5
Pranav Mehta,22,India,Allrounder,34.0,2,2443.0,107.2,212.0,8.22,52.68,LSG,7.0
Ankit Sharma,33,West Indies,Allrounder,235.0,9,5996.0,101.0,66.0,6.85,35.75,SRH,1.5
Irfan Shetty,27,India,Wicketkeeper,209.0,9,4652.0,114.6,0.0,0.0,29.88,DC,0.5
Aditya Mehta,40,India,Wicketkeeper,89.0,4,10231.0,127.5,0.0,0.0,36.93,RCB,0.2
Karthik Patel,30,England,Wicketkeeper,197.0,8,6378.0,123.9,0.0,0.0,23.08,LSG,1.5
Rahul Kulkarni,19,Sri Lanka,Wicketkeeper,23.0,1,7509.0,143.1,0.0,0.0,36.85,LSG,10.0
Pranav Malik,26,India,Batter,118.0,6,4001.0,144.5,6.0,8.87,31.1,LSG,1.0
Vikas Malik,30,India,Wicketkeeper,207.0,12,7947.0,95.3,0.0,0.0,51.89,KKR,0.5
Irfan Deshmukh,35,India,Bowler,194.0,9,3718.0,101.4,144.0,6.89,44.56,CSK,11.0
Sameer Verma,25,India,Wicketkeeper,76.0,3,6963.0,96.2,0.0,0.0,20.97,RCB,0.2
Ankit Iyer,42,India,Bowler,433.0,19,932.0,100.8,683.0,6.0,53.75,SRH,7.0
Rahul Sharma,34,West Indies,Batter,268.0,9,3165.0,134.0,14.0,9.13,22.23,SRH,1.5
Rahul Mehta,27,Sri Lanka,Batter,129.0,5,6806.0,117.3,14.0,7.14,36.83,RCB,0.2
Sandeep Khan,40,India,Wicketkeeper,473.5,21,2977.0,105.1,0.0,0.0,40.21,GT,10.0
Sandeep Verma,38,Australia,Allrounder,473.5,20,2989.0,151.8,463.0,6.53,52.77,MI,0.5
Vikas Sharma,36,Australia,Allrounder,86.0,3,1753.0,133.7,248.0,6.98,24.82,CSK,3.0
Sameer Deshmukh,24,West Indies,Wicketkeeper,114.0,5,9730.0,108.4,0.0,0.0,51.53,PBKS,1.0
Rahul Chopra,28,England,Allrounder,246.0,10,2399.0,106.4,169.0,7.45,39.96,RR,0.2
Rohan Kulkarni,18,India,Allrounder,27.0,1,8592.0,115.7,54.0,8.27,26.5,SRH,0.2
Sandeep Singh,18,Sri Lanka,Bowler,24.0,1,2197.0,122.7,877.5,7.58,34.6,GT,0.2
Rahul Iyer,30,India,Wicketkeeper,256.0,10,11165.0,111.1,0.0,0.0,51.21,MI,0.2
Karthik Yadav,24,Sri Lanka,Wicketkeeper,80.0,3,5949.0,145.7,0.0,0.0,34.1,PBKS,7.0
Sandeep Malik,38,India,Batter,268.0,9,13316.0,121.8,7.0,6.11,26.33,LSG,2.0
Irfan Yadav,27,Sri Lanka,Wicketkeeper,103.0,6,4211.0,103.6,0.0,0.0,33.76,CSK,1.5
Aditya Deshmukh,19,South Africa,Allrounder,25.0,1,5184.0,152.4,383.0,5.35,21.66,RCB,2.0
Vikas Kulkarni,25,Australia,Wicketkeeper,84.0,5,9857.0,119.1,0.0,0.0,25.69,KKR,10.0
Aditya Khan,41,England,Bowler,350.0,22,1043.0,99.7,820.0,6.62,39.14,CSK,10.0
Arjun Verma,30,South Africa,Wicketkeeper,138.0,6,4858.0,141.4,0.0,0.0,53.25,RR,5.0
Vikas Patel,42,Australia,Batter,237.0,15,4772.0,101.0,7.0,8.44,23.1,RCB,10.0
Ankit Yadav,41,India,Wicketkeeper,118.0,6,11760.0,138.9,0.0,0.0,27.54,LSG,1.0
Amit Yadav,32,England,Allrounder,181.0,9,3477.0,153.6,164.0,6.57,48.7,LSG,1.5
Nikhil Mehta,29,India,Allrounder,155.0,6,4613.0,146.6,277.0,7.96,41.68,RCB,3.0
Rahul Mehta,40,India,Batter,328.0,11,7975.0,116.5,9.0,8.6,54.95,KKR,3.0
Ankit Deshmukh,24,India,Wicketkeeper,131.0,6,6111.0,111.8,0.0,0.0,40.65,PBKS,2.0
Sameer Shetty,23,England,Wicketkeeper,87.0,4,10955.0,111.9,0.0,0.0,23.92,KKR,2.0
Pranav Iyer,29,Sri Lanka,Allrounder,54.0,2,1936.0,116.2,181.0,6.99,40.41,KKR,11.0
Ankit Patel,41,India,Allrounder,368.0,17,8697.0,127.5,310.0,6.96,24.32,KKR,7.0
Manoj Patel,26,India,Wicketkeeper,83.0,4,10844.0,121.4,0.0,0.0,48.42,MI,2.0
Ankit Naidu,40,England,Allrounder,327.0,21,2854.0,121.6,362.0,6.1,37.28,LSG,5.0
Pranav Shetty,37,West Indies,Allrounder,418.0,15,8397.0,134.3,348.0,8.02,23.51,PBKS,1.0
Rahul Patel,18,India,Batter,25.0,1,3475.0,144.9,11.0,9.03,46.38,GT,0.2
Sameer Chopra,23,India,Allrounder,80.0,5,5881.0,140.5,119.0,6.63,36.76,PBKS,1.5
Nikhil Patel,21,West Indies,Wicketkeeper,30.0,1,10591.0,139.2,0.0,0.0,50.8,CSK,2.0
Arjun Naidu,36,England,Batter,473.5,18,6987.0,122.3,8.0,9.12,50.08,SRH,0.2
Karthik Iyer,33,India,Bowler,180.0,11,150.0,101.1,666.0,4.39,39.19,GT,7.0
Vikas Yadav,24,South Africa,Wicketkeeper,18.0,1,9531.0,134.1,0.0,0.0,25.35,GT,1.5
Sandeep Naidu,19,India,Bowler,17.0,1,1937.0,100.7,646.0,5.79,41.07,SRH,3.0
Karthik Patel,39,England,Wicketkeeper,178.0,6,2927.0,146.3,0.0,0.0,45.82,CSK,0.2
Sandeep Singh,39,India,Bowler,54.0,3,333.0,154.6,289.0,5.44,43.2,DC,0.5
Amit Chopra,40,India,Bowler,473.5,22,3641.0,135.2,278.0,7.1,54.63,KKR,10.0
Sandeep Iyer,24,Australia,Wicketkeeper,54.0,3,6644.0,144.3,0.0,0.0,38.18,RR,3.0
Irfan Naidu,18,India,Batter,26.0,1,13110.0,135.9,3.0,7.28,40.66,SRH,11.0
Vikas Chopra,27,India,Wicketkeeper,102.0,5,9050.0,132.8,0.0,0.0,32.01,KKR,11.0
Karthik Reddy,33,West Indies,Batter,229.0,15,14174.0,128.5,11.0,7.5,49.37,RCB,1.5
Sandeep Malik,31,Australia,Allrounder,15.0,1,6099.0,102.1,363.0,7.67,28.59,SRH,1.0
Harshit Deshmukh,27,India,Wicketkeeper,124.0,8,4850.0,96.6,0.0,0.0,20.28,MI,7.0
Arjun Mehta,32,South Africa,Wicketkeeper,159.0,6,10390.0,108.5,0.0,0.0,47.98,GT,11.0
Rahul Reddy,39,India,Batter,272.0,16,8001.0,118.5,6.0,9.17,39.71,SRH,3.0
Irfan Reddy,41,India,Wicketkeeper,457.0,17,10238.0,137.4,0.0,0.0,53.35,DC,7.0
Karthik Iyer,30,Sri Lanka,Batter,68.0,4,10627.0,98.4,11.0,9.2,28.69,GT,7.0
Rahul Shetty,32,India,Bowler,323.0,11,438.0,132.0,862.0,4.19,44.87,GT,1.5
Vikas Chopra,24,India,Bowler,29.0,1,2329.0,146.2,241.0,5.17,35.85,RR,3.0
Aditya Khan,33,India,Wicketkeeper,96.0,5,4717.0,154.9,0.0,0.0,20.01,RCB,7.0
Manoj Khan,28,South Africa,Allrounder,100.0,5,7695.0,113.1,383.0,5.38,20.89,KKR,5.0
Manoj Mehta,37,Sri Lanka,Wicketkeeper,124.0,5,11819.0,141.9,0.0,0.0,21.85,MI,0.2
Amit Iyer,30,India,Bowler,80.0,4,3119.0,98.2,793.0,6.85,28.85,SRH,1.5
Irfan Verma,37,South Africa,Allrounder,473.5,18,7150.0,152.1,340.0,7.94,34.51,PBKS,0.5
Rahul Khan,26,Sri Lanka,Wicketkeeper,122.0,5,8844.0,153.2,0.0,0.0,41.94,RR,1.0
Pranav Reddy,36,West Indies,Allrounder,213.0,10,7980.0,143.2,412.0,6.46,30.34,SRH,10.0
Ankit Singh,18,South Africa,Batter,24.0,1,3966.0,134.4,6.0,6.93,33.67,CSK,0.2
Pranav Reddy,24,South Africa,Allrounder,126.0,6,7059.0,99.0,369.0,5.48,47.57,RCB,0.5
Ankit Patel,19,England,Allrounder,29.0,1,2632.0,119.7,367.0,7.37,51.37,SRH,1.0
Manoj Sharma,39,South Africa,Batter,95.0,6,8314.0,137.6,4.0,7.44,51.82,DC,3.0
Sameer Reddy,30,Sri Lanka,Batter,178.0,8,12041.0,125.7,2.0,8.94,43.82,PBKS,3.0
Karthik Deshmukh,37,India,Wicketkeeper,317.0,16,11490.0,119.8,0.0,0.0,42.65,KKR,0.5
Harshit Naidu,20,England,Allrounder,28.0,1,1830.0,121.1,206.0,5.9,27.33,PBKS,0.5
Irfan Sharma,39,England,Bowler,17.0,1,1291.0,130.3,543.0,4.15,50.26,RR,1.0
Rohan Kulkarni,22,India,Bowler,26.0,1,879.0,106.8,466.0,4.1,36.11,MI,2.0
Nikhil Shetty,22,India,Bowler,95.0,4,1333.0,105.3,828.0,6.53,21.98,RR,1.0
Ankit Kulkarni,31,South Africa,Batter,189.0,10,8662.0,144.1,13.0,7.82,21.23,KKR,11.0
Rohan Chopra,39,India,Allrounder,222.0,13,7948.0,134.8,370.0,6.22,24.58,MI,2.0
Harshit Naidu,21,India,Batter,51.0,2,4718.0,127.1,3.0,6.83,53.36,GT,0.2
Vikas Kulkarni,33,South Africa,Allrounder,109.0,7,4744.0,124.3,279.0,6.01,34.0,PBKS,5.0
Karthik Deshmukh,29,India,Allrounder,75.0,3,7965.0,99.3,373.0,8.14,39.82,DC,1.5
Pranav Malik,20,England,Wicketkeeper,30.0,1,4255.0,145.8,0.0,0.0,54.58,RCB,5.0
Harshit Chopra,25,England,Bowler,38.0,2,617.0,117.8,747.0,6.66,34.41,LSG,1.0
Ankit Reddy,34,Australia,Batter,17.0,1,11507.0,131.2,4.0,7.23,45.88,LSG,3.0
Pranav Yadav,38,England,Allrounder,304.0,19,3781.0,120.0,178.0,7.87,45.08,CSK,7.0
Karthik Khan,35,India,Batter,107.0,7,12169.0,150.2,12.0,9.21,44.64,KKR,10.0
Arjun Naidu,41,Sri Lanka,Wicketkeeper,178.0,11,7076.0,133.2,0.0,0.0,38.6,PBKS,1.0
Rohan Iyer,21,Australia,Wicketkeeper,36.0,2,4921.0,106.0,0.0,0.0,24.33,PBKS,1.5
Manoj Khan,20,India,Wicketkeeper,48.0,2,5493.0,124.1,0.0,0.0,25.58,GT,2.0
Amit Kulkarni,42,India,Bowler,428.0,16,3445.0,133.7,713.0,6.19,38.4,LSG,10.0
Karthik Yadav,25,West Indies,Batter,80.0,4,9850.0,98.5,15.0,6.13,23.97,SRH,10.0
Sameer Kulkarni,28,India,Allrounder,149.0,9,7317.0,154.4,383.0,5.54,32.06,PBKS,0.2
Nikhil Mehta,36,Sri Lanka,Allrounder,328.0,16,5164.0,98.1,447.0,6.02,42.24,KKR,0.5
Sameer Sharma,36,England,Wicketkeeper,122.0,5,5626.0,134.1,0.0,0.0,26.14,GT,2.0
Manoj Shetty,41,India,Wicketkeeper,63.0,3,6255.0,150.2,0.0,0.0,48.02,DC,0.2
Manoj Reddy,27,India,Allrounder,131.0,5,8104.0,124.2,276.0,5.81,36.04,MI,1.5
Vikas Sharma,20,Australia,Bowler,46.0,2,3998.0,144.1,238.0,5.32,23.82,RCB,0.5
Vikas Deshmukh,36,India,Batter,320.0,17,14735.0,120.7,15.0,7.45,36.41,RCB,3.0
Ankit Iyer,22,South Africa,Wicketkeeper,56.0,3,7623.0,146.7,0.0,0.0,27.64,RCB,11.0
Rahul Singh,28,India,Bowler,147.0,5,880.0,132.1,118.0,4.39,26.08,RCB,11.0
Nikhil Reddy,21,England,Wicketkeeper,18.0,1,7402.0,99.5,0.0,0.0,34.93,GT,1.5
Rohan Mehta,29,India,Allrounder,24.0,1,7579.0,116.7,320.0,5.77,29.09,MI,3.0
Aditya Sharma,31,England,Batter,156.0,7,6875.0,128.6,3.0,6.32,20.95,MI,7.0
Karthik Sharma,26,Australia,Wicketkeeper,73.0,4,10900.0,153.0,0.0,0.0,31.95,MI,0.2
Aditya Verma,36,South Africa,Batter,115.0,6,8223.0,143.6,10.0,8.43,29.77,SRH,5.0
Sameer Sharma,22,Sri Lanka,Batter,20.0,1,3899.0,144.9,14.0,8.62,28.45,MI,2.0
Irfan Naidu,33,India,Allrounder,30.0,1,4564.0,96.2,138.0,8.47,27.6,LSG,0.5
Manoj Singh,25,India,Allrounder,56.0,2,2748.0,106.6,341.0,7.73,44.44,LSG,2.0
Rahul Iyer,27,West Indies,Batter,193.0,7,7265.0,152.6,10.0,8.99,36.6,GT,0.2
Aditya Mehta,23,India,Wicketkeeper,139.0,5,6797.0,153.3,0.0,0.0,34.41,KKR,5.0
Manoj Mehta,33,India,Bowler,301.0,12,3381.0,125.8,808.0,4.83,42.74,LSG,1.0
Arjun Naidu,23,India,Batter,101.0,4,14691.0,129.0,6.0,7.6,34.57,KKR,1.0
Nikhil Naidu,35,India,Wicketkeeper,73.0,3,11690.0,126.5,0.0,0.0,53.34,DC,0.5
Irfan Deshmukh,25,England,Wicketkeeper,161.0,6,4379.0,125.0,0.0,0.0,28.86,DC,10.0
Rohan Reddy,38,England,Allrounder,123.0,7,2638.0,115.3,306.0,7.66,48.57,RR,2.0
Sameer Yadav,36,South Africa,Allrounder,368.0,15,6052.0,114.9,257.0,5.2,23.3,KKR,3.0
Sandeep Khan,19,South Africa,Batter,20.0,1,13173.0,134.5,14.0,6.3,33.49,DC,3.0
Harshit Patel,40,South Africa,Wicketkeeper,342.0,14,11907.0,147.3,0.0,0.0,38.07,SRH,2.0
Sandeep Naidu,35,England,Bowler,264.0,13,3840.0,138.3,96.0,5.12,41.84,LSG,0.5
Sameer Sharma,28,India,Allrounder,123.0,6,6003.0,133.6,181.0,7.8,25.85,GT,5.0
Harshit Iyer,18,England,Wicketkeeper,25.0,1,7125.0,135.2,0.0,0.0,33.7,GT,0.5
Nikhil Malik,27,West Indies,Wicketkeeper,136.0,5,2604.0,122.8,0.0,0.0,52.25,RCB,0.2
Arjun Mehta,36,India,Wicketkeeper,108.0,6,3979.0,116.6,0.0,0.0,41.42,GT,5.0
Arjun Malik,21,England,Allrounder,59.0,3,8196.0,100.7,145.0,6.27,35.87,GT,0.5
Karthik Kulkarni,37,South Africa,Allrounder,180.0,6,4340.0,119.5,463.0,7.09,33.67,GT,1.0
Ankit Khan,18,India,Bowler,16.0,1,3491.0,96.8,621.0,7.12,30.35,RR,2.0
Amit Yadav,18,India,Batter,15.0,1,10413.0,150.2,8.0,8.84,34.43,GT,2.0
Pranav Deshmukh,21,India,Wicketkeeper,17.0,1,3371.0,148.3,0.0,0.0,26.96,CSK,5.0
Arjun Sharma,25,India,Bowler,24.0,1,3308.0,145.8,748.0,4.84,51.61,LSG,3.0
Rohan Reddy,41,India,Wicketkeeper,253.0,10,8836.0,108.4,0.0,0.0,22.08,RCB,5.0
Manoj Yadav,27,South Africa,Wicketkeeper,22.0,1,3933.0,100.4,0.0,0.0,29.15,GT,5.0
Rohan Singh,34,England,Bowler,272.0,13,3202.0,125.6,562.0,6.89,35.95,DC,1.0
Pranav Naidu,18,India,Batter,26.0,1,8092.0,148.4,0.0,8.04,23.17,GT,1.5
Nikhil Khan,32,Sri Lanka,Bowler,48.0,2,35.0,150.6,191.0,6.64,27.47,GT,2.0
Sandeep Patel,20,West Indies,Wicketkeeper,46.0,2,10185.0,145.3,0.0,0.0,44.43,DC,1.0
Ankit Kulkarni,25,India,Allrounder,22.0,1,2395.0,108.9,229.0,5.05,41.2,CSK,11.0
Sandeep Kulkarni,22,India,Allrounder,54.0,2,2987.0,126.7,115.0,6.76,28.12,DC,7.0
Pranav Naidu,19,India,Bowler,17.0,1,3249.0,111.0,695.0,6.57,33.63,SRH,0.5
Rahul Iyer,19,Australia,Batter,16.0,1,4612.0,135.3,15.0,7.29,23.16,GT,0.2
Aditya Verma,22,Sri Lanka,Allrounder,45.0,2,6669.0,107.0,398.0,5.72,23.79,RR,0.2
Sandeep Shetty,38,West Indies,Allrounder,307.0,19,5858.0,131.4,467.0,5.73,45.63,RR,1.0
Harshit Shetty,23,Australia,Batter,69.0,4,6889.0,123.5,5.0,8.31,21.84,DC,0.2
Nikhil Khan,36,West Indies,Wicketkeeper,47.0,3,7084.0,152.5,0.0,0.0,25.88,GT,3.0
Karthik Malik,36,India,Batter,52.0,3,9131.0,149.8,3.0,8.34,44.42,CSK,7.0
Amit Shetty,36,Australia,Wicketkeeper,416.0,15,6941.0,108.1,0.0,0.0,31.05,LSG,5.0
Karthik Kulkarni,25,India,Allrounder,101.0,6,8217.0,131.8,278.0,5.11,41.45,GT,0.5
Rohan Singh,39,India,Batter,150.0,7,9731.0,95.7,9.0,8.54,48.62,DC,1.5
Sandeep Verma,38,South Africa,Batter,128.0,6,5530.0,103.5,10.0,8.59,32.17,SRH,2.0
Aditya Singh,36,India,Bowler,253.0,12,3993.0,124.7,219.0,6.43,24.03,RCB,7.0
Rohan Iyer,40,West Indies,Batter,52.0,2,7780.0,141.9,7.0,6.31,25.46,DC,7.0
Vikas Deshmukh,23,West Indies,Batter,79.0,5,10858.0,144.9,15.0,6.6,41.42,LSG,10.0
Rohan Patel,22,South Africa,Allrounder,58.0,2,3314.0,123.8,136.0,7.12,39.91,SRH,2.0
Ankit Shetty,23,India,Allrounder,61.0,4,4179.0,153.1,44.0,7.11,27.8,PBKS,5.0
Ankit Chopra,31,India,Wicketkeeper,239.0,10,10500.0,107.9,0.0,0.0,22.0,DC,0.2
Harshit Singh,23,West Indies,Bowler,75.0,3,1710.0,127.9,351.0,6.5,23.89,PBKS,3.0
Nikhil Reddy,18,South Africa,Wicketkeeper,15.0,1,4363.0,116.9,0.0,0.0,26.25,SRH,1.0
Pranav Iyer,31,Sri Lanka,Allrounder,76.0,5,2150.0,152.1,434.0,6.16,43.92,KKR,2.0
Ankit Malik,38,India,Batter,161.0,10,8699.0,110.2,3.0,6.03,20.36,DC,3.0
Karthik Malik,32,South Africa,Allrounder,130.0,8,6815.0,123.2,118.0,7.5,54.79,GT,1.0
Irfan Khan,25,Sri Lanka,Allrounder,153.0,7,4634.0,126.1,121.0,7.57,48.16,GT,0.2
Sameer Mehta,30,India,Batter,260.0,10,6939.0,109.6,5.0,8.47,38.56,MI,0.2
Ankit Yadav,25,West Indies,Bowler,87.0,4,870.0,122.1,117.0,6.11,26.27,LSG,0.2
Pranav Kulkarni,32,India,Batter,27.0,1,12131.0,111.9,14.0,6.78,20.36,KKR,0.2
Vikas Kulkarni,34,India,Bowler,33.0,2,1736.0,136.2,393.0,7.48,44.14,RCB,0.2
Rohan Khan,36,India,Wicketkeeper,291.0,11,3100.0,129.3,0.0,0.0,44.13,PBKS,1.0
Vikas Khan,28,Sri Lanka,Batter,159.0,9,14846.0,118.1,9.0,9.44,44.94,CSK,1.0
Amit Mehta,31,England,Batter,30.0,1,5750.0,146.3,8.0,7.26,50.03,PBKS,11.0
Pranav Patel,27,Sri Lanka,Batter,53.0,2,6807.0,95.3,0.0,9.16,30.44,KKR,1.0
Ankit Malik,24,South Africa,Batter,17.0,1,8091.0,122.2,13.0,6.47,37.34,MI,0.5
Amit Naidu,42,Australia,Batter,406.0,19,5422.0,138.4,12.0,6.9,29.44,RR,3.0
Sandeep Verma,24,West Indies,Allrounder,19.0,1,6691.0,105.7,116.0,7.99,32.85,KKR,7.0
Nikhil Khan,26,India,Bowler,122.0,5,984.0,131.3,639.0,6.36,22.73,DC,5.0
Harshit Malik,27,Australia,Batter,30.0,2,12848.0,130.9,15.0,8.96,50.45,RCB,1.0
Amit Deshmukh,28,South Africa,Wicketkeeper,68.0,3,6913.0,147.1,0.0,0.0,39.11,RR,3.0
Sameer Patel,41,India,Batter,184.0,7,9718.0,145.9,7.0,9.19,53.53,KKR,5.0
Amit Shetty,32,Australia,Allrounder,142.0,8,2816.0,144.3,300.0,7.98,36.43,MI,5.0
Amit Verma,29,India,Bowler,90.0,3,34.0,149.6,732.0,4.81,45.29,KKR,5.0
Vikas Sharma,18,India,Bowler,23.0,1,3707.0,115.5,530.0,5.07,44.01,DC,10.0
Karthik Yadav,35,England,Wicketkeeper,134.0,5,5789.0,123.7,0.0,0.0,22.85,SRH,10.0
Manoj Kulkarni,41,India,Allrounder,473.5,21,5438.0,139.7,419.0,5.5,31.5,DC,3.0
Sameer Malik,38,India,Bowler,181.0,10,1843.0,141.0,532.0,5.93,46.29,DC,2.0
Manoj Sharma,25,India,Wicketkeeper,83.0,4,5857.0,105.0,0.0,0.0,23.44,RR,5.0
Sandeep Verma,42,Sri Lanka,Wicketkeeper,433.0,15,7111.0,130.5,0.0,0.0,45.96,DC,7.0
Vikas Mehta,26,South Africa,Allrounder,58.0,2,1771.0,117.3,309.0,5.52,50.46,RR,0.2
Harshit Verma,42,Australia,Batter,211.0,14,13434.0,122.2,2.0,9.3,22.78,GT,11.0
Irfan Khan,35,South Africa,Batter,319.0,12,10532.0,109.0,6.0,6.9,28.36,SRH,0.5
Ankit Reddy,30,West Indies,Allrounder,151.0,9,7604.0,130.0,468.0,6.73,24.29,MI,2.0
Aditya Patel,25,Sri Lanka,Bowler,68.0,3,1326.0,132.2,794.0,7.38,40.9,RR,10.0
Sameer Sharma,18,India,Batter,20.0,1,13128.0,132.7,11.0,9.46,52.51,PBKS,1.0
Nikhil Khan,30,India,Wicketkeeper,107.0,4,9038.0,112.2,0.0,0.0,28.4,LSG,2.0
Sameer Patel,42,South Africa,Batter,473.0,16,5677.0,125.5,5.0,7.81,27.93,PBKS,0.5
Sandeep Patel,24,India,Allrounder,25.0,1,3480.0,96.8,178.0,7.45,44.17,MI,1.5
Rohan Kulkarni,18,India,Allrounder,29.0,1,8759.0,136.3,106.0,6.6,36.7,SRH,0.5
Irfan Malik,42,India,Batter,65.0,3,12610.0,115.1,12.0,9.42,54.39,MI,1.5
Manoj Patel,30,India,Allrounder,198.0,8,3065.0,136.0,405.0,5.23,35.9,MI,1.5
Rahul Mehta,29,South Africa,Batter,118.0,4,6551.0,142.4,6.0,8.88,48.01,KKR,11.0
Harshit Singh,36,Sri Lanka,Wicketkeeper,293.0,11,10423.0,100.7,0.0,0.0,48.78,LSG,11.0
Rahul Iyer,39,South Africa,Wicketkeeper,332.0,16,4349.0,107.8,0.0,0.0,20.9,LSG,0.2
Rohan Deshmukh,42,India,Bowler,150.0,9,3284.0,123.8,669.0,4.83,45.97,MI,5.0
Amit Malik,31,India,Batter,281.0,10,4110.0,101.8,7.0,6.77,42.61,SRH,0.2
Amit Reddy,31,South Africa,Bowler,116.0,7,28.0,131.1,253.0,7.74,44.19,RR,0.2
Rahul Deshmukh,42,Australia,Batter,41.0,2,4856.0,141.9,7.0,7.96,54.15,LSG,0.2
Vikas Patel,26,India,Wicketkeeper,130.0,8,3008.0,127.6,0.0,0.0,34.59,CSK,11.0
Vikas Sharma,30,England,Batter,30.0,1,6667.0,153.2,15.0,9.01,24.52,GT,11.0
Sandeep Malik,19,England,Batter,26.0,1,8776.0,142.5,3.0,8.02,38.67,SRH,0.5
Vikas Shetty,36,India,Batter,345.0,12,5182.0,134.3,13.0,7.43,29.45,RCB,0.5
Nikhil Khan,31,India,Batter,105.0,6,10838.0,154.5,1.0,7.22,42.28,GT,1.0
Nikhil Khan,38,India,Wicketkeeper,251.0,12,7838.0,147.4,0.0,0.0,48.27,SRH,2.0
Karthik Patel,32,India,Allrounder,285.0,13,2099.0,145.4,129.0,7.28,30.05,SRH,3.0
Irfan Deshmukh,18,India,Allrounder,25.0,1,5666.0,130.4,130.0,7.23,41.78,DC,1.0
Vikas Malik,41,England,Allrounder,473.5,18,5651.0,111.6,410.0,5.59,30.03,RR,5.0
Nikhil Naidu,29,Australia,Wicketkeeper,193.0,9,2981.0,131.1,0.0,0.0,54.04,SRH,1.0
Rahul Naidu,22,England,Batter,115.0,4,10155.0,108.6,3.0,9.34,30.67,SRH,10.0
Rahul Iyer,38,England,Allrounder,389.0,17,1807.0,118.9,177.0,5.13,49.21,CSK,5.0
Ankit Kulkarni,34,South Africa,Allrounder,201.0,7,5909.0,109.2,107.0,8.21,29.3,LSG,2.0
Vikas Shetty,28,India,Batter,111.0,5,14177.0,116.0,13.0,6.77,48.17,RCB,7.0
Arjun Malik,19,West Indies,Wicketkeeper,24.0,1,5830.0,133.8,0.0,0.0,47.51,MI,7.0
Irfan Kulkarni,37,West Indies,Allrounder,230.0,8,8601.0,110.5,172.0,7.04,27.98,LSG,1.0
Amit Singh,32,Sri Lanka,Allrounder,153.0,7,5561.0,141.9,175.0,5.03,49.65,SRH,1.5
Rahul Yadav,26,South Africa,Bowler,151.0,6,2131.0,99.5,209.0,6.92,46.68,GT,10.0
Sameer Kulkarni,24,West Indies,Bowler,77.0,4,2979.0,101.3,231.0,4.17,35.42,LSG,0.5
Pranav Verma,38,England,Wicketkeeper,185.0,7,3980.0,123.6,0.0,0.0,48.56,CSK,0.2
Harshit Naidu,33,Sri Lanka,Batter,347.0,12,6814.0,104.2,5.0,8.38,27.92,DC,2.0
Rahul Yadav,22,India,Wicketkeeper,39.0,2,5485.0,112.1,0.0,0.0,24.33,GT,7.0
Arjun Naidu,18,Australia,Bowler,15.0,1,3840.0,138.7,287.0,5.09,28.45,KKR,7.0
Pranav Singh,31,India,Wicketkeeper,82.0,3,8161.0,145.1,0.0,0.0,36.43,RR,10.0
Sandeep Mehta,22,India,Allrounder,43.0,2,5260.0,119.7,172.0,6.13,44.83,KKR,3.0
Irfan Deshmukh,40,West Indies,Bowler,199.0,11,1732.0,95.4,773.0,5.96,52.28,CSK,0.2
Nikhil Malik,18,India,Allrounder,29.0,1,7725.0,151.3,374.0,5.23,20.99,GT,3.0
Manoj Sharma,24,India,Batter,24.0,1,14827.0,127.1,0.0,8.7,37.7,MI,7.0
Amit Yadav,42,India,Wicketkeeper,174.0,7,4809.0,99.4,0.0,0.0,28.36,RR,0.2
Ankit Shetty,33,England,Batter,269.0,9,7538.0,148.5,15.0,8.72,38.52,LSG,0.5
Arjun Malik,29,India,Bowler,174.0,6,3588.0,98.6,808.0,5.34,43.88,MI,0.2
Nikhil Mehta,36,West Indies,Batter,178.0,7,9582.0,98.3,7.0,6.97,43.3,KKR,3.0
Vikas Patel,29,India,Bowler,132.0,6,2117.0,95.7,818.0,5.85,23.88,KKR,10.0
Arjun Malik,31,India,Wicketkeeper,59.0,3,11314.0,137.0,0.0,0.0,22.23,DC,5.0
Rohan Shetty,28,South Africa,Allrounder,16.0,1,2368.0,113.7,64.0,8.03,23.1,GT,11.0
Sandeep Mehta,20,India,Bowler,31.0,2,1275.0,126.5,776.0,6.89,30.73,CSK,0.2
Nikhil Mehta,42,India,Batter,166.0,6,9344.0,96.3,1.0,7.42,43.19,GT,10.0
Rahul Iyer,33,South Africa,Bowler,104.0,4,3015.0,137.8,481.0,5.39,41.99,DC,7.0
Amit Reddy,20,India,Bowler,38.0,2,3148.0,142.6,116.0,6.47,42.09,RCB,1.0
Irfan Kulkarni,22,India,Bowler,51.0,3,3750.0,118.4,587.0,5.59,24.19,SRH,11.0
Ankit Iyer,21,India,Batter,52.0,3,6006.0,140.7,9.0,8.73,28.62,RCB,1.0
Karthik Naidu,20,England,Bowler,53.0,2,2773.0,130.3,447.0,7.28,36.75,RR,10.0
Vikas Shetty,36,Australia,Allrounder,111.0,6,4099.0,118.0,481.0,5.06,42.42,RCB,10.0
Nikhil Singh,26,South Africa,Allrounder,142.0,8,3959.0,122.6,461.0,5.31,54.77,LSG,5.0
Pranav Patel,36,Sri Lanka,Wicketkeeper,131.0,6,5233.0,138.0,0.0,0.0,39.14,GT,3.0
Karthik Sharma,34,South Africa,Batter,106.0,6,7401.0,97.6,10.0,7.87,53.51,RCB,0.5
Sandeep Verma,35,India,Bowler,290.0,12,3578.0,135.9,538.0,7.53,23.47,KKR,3.0
Aditya Chopra,22,West Indies,Bowler,24.0,1,2823.0,106.0,752.0,4.79,38.19,GT,1.5
Arjun Reddy,31,India,Batter,43.0,2,13724.0,136.7,10.0,6.73,39.08,RCB,7.0
Amit Shetty,37,South Africa,Allrounder,84.0,3,8361.0,139.6,171.0,5.06,26.61,RR,5.0
Irfan Singh,22,South Africa,Batter,87.0,3,5493.0,116.3,14.0,8.89,31.85,DC,10.0
Vikas Chopra,28,India,Bowler,164.0,6,2842.0,154.3,525.0,4.04,41.42,SRH,0.2
Aditya Kulkarni,23,England,Allrounder,26.0,1,6660.0,100.8,414.0,6.48,44.47,MI,7.0
Harshit Reddy,40,Sri Lanka,Allrounder,149.0,7,8273.0,154.3,381.0,5.99,53.27,PBKS,10.0
Karthik Yadav,25,England,Allrounder,147.0,5,8197.0,153.3,127.0,7.57,23.7,RR,7.0
Manoj Patel,33,India,Wicketkeeper,206.0,12,10341.0,111.8,0.0,0.0,28.86,MI,0.5
Aditya Khan,30,South Africa,Allrounder,41.0,2,7528.0,153.3,396.0,5.25,22.1,GT,0.2
Amit Khan,18,Sri Lanka,Wicketkeeper,20.0,1,11071.0,146.4,0.0,0.0,46.89,GT,0.2
Rahul Sharma,38,Sri Lanka,Batter,250.0,10,7482.0,96.1,11.0,7.32,20.21,RR,3.0
Ankit Reddy,39,India,Batter,149.0,9,14731.0,124.6,2.0,6.71,36.03,CSK,3.0
Sandeep Khan,34,England,Bowler,415.0,15,1628.0,141.3,414.0,6.22,33.21,GT,11.0
Ankit Shetty,35,West Indies,Batter,30.0,2,8701.0,143.0,7.0,6.56,31.64,KKR,1.5
Amit Shetty,26,India,Allrounder,142.0,7,7320.0,140.9,52.0,6.0,52.69,KKR,1.5
Amit Deshmukh,24,India,Wicketkeeper,25.0,1,6987.0,149.9,0.0,0.0,24.81,KKR,3.0
Vikas Malik,41,West Indies,Bowler,473.5,21,2155.0,100.6,300.0,5.91,53.63,SRH,7.0
Harshit Yadav,42,England,Wicketkeeper,401.0,16,9344.0,107.9,0.0,0.0,26.91,GT,10.0
Aditya Kulkarni,19,England,Bowler,24.0,1,3822.0,153.1,580.0,7.38,44.42,RR,7.0
Aditya Sharma,32,India,Wicketkeeper,79.0,5,11666.0,102.3,0.0,0.0,37.0,MI,2.0
Irfan Patel,26,India,Batter,82.0,4,11489.0,129.3,15.0,8.86,24.64,RR,3.0
Manoj Sharma,29,India,Allrounder,40.0,2,3158.0,146.8,49.0,5.6,38.45,CSK,7.0
Amit Yadav,18,Australia,Allrounder,17.0,1,7446.0,117.4,331.0,7.47,38.64,SRH,2.0
Rahul Khan,29,Sri Lanka,Batter,112.0,5,13049.0,114.8,11.0,9.42,43.62,LSG,0.5
Rohan Verma,18,India,Allrounder,25.0,1,8934.0,102.3,475.0,5.6,47.43,PBKS,0.5
Ankit Shetty,25,India,Batter,114.0,6,8324.0,135.1,11.0,8.95,25.54,GT,0.2
Harshit Kulkarni,21,India,Wicketkeeper,15.0,1,11685.0,109.4,0.0,0.0,51.89,SRH,5.0
Ankit Singh,37,West Indies,Wicketkeeper,185.0,7,9024.0,112.3,0.0,0.0,48.66,PBKS,0.2
Pranav Reddy,35,Australia,Wicketkeeper,36.0,2,2993.0,112.2,0.0,0.0,52.88,RR,1.0
Arjun Naidu,31,India,Bowler,139.0,8,1952.0,97.6,639.0,7.47,46.96,DC,1.0
Irfan Reddy,32,India,Bowler,305.0,11,1211.0,107.9,602.0,4.64,36.09,RCB,3.0
Sameer Malik,20,England,Wicketkeeper,40.0,2,11144.0,129.6,0.0,0.0,31.4,SRH,1.5
Rahul Reddy,27,India,Batter,258.0,9,6945.0,105.2,8.0,8.01,20.78,RR,5.0
Sandeep Iyer,40,India,Allrounder,313.0,16,3111.0,126.0,90.0,7.0,44.14,MI,0.2
Amit Naidu,29,India,Wicketkeeper,19.0,1,3146.0,134.0,0.0,0.0,51.41,MI,0.5
Rohan Mehta,42,England,Bowler,80.0,5,2505.0,95.5,790.0,5.75,42.07,RCB,2.0
Irfan Sharma,30,West Indies,Bowler,60.0,2,1697.0,126.3,257.0,6.57,44.13,KKR,1.5
Sandeep Chopra,35,India,Bowler,112.0,4,225.0,103.9,554.0,5.23,43.26,SRH,1.0
Irfan Kulkarni,34,India,Wicketkeeper,84.0,5,6050.0,109.7,0.0,0.0,35.97,PBKS,0.2
Sameer Mehta,23,India,Batter,85.0,3,3847.0,123.6,5.0,7.72,40.95,MI,10.0
Manoj Yadav,22,Australia,Batter,66.0,3,6456.0,154.4,9.0,6.1,45.07,KKR,5.0
Ankit Singh,23,India,Batter,17.0,1,13015.0,106.5,7.0,7.49,22.81,GT,0.5
Amit Deshmukh,21,India,Bowler,29.0,1,83.0,114.0,287.0,6.55,28.03,DC,0.2
Arjun Kulkarni,26,Australia,Batter,82.0,5,14600.0,130.6,9.0,7.33,43.51,SRH,11.0
Karthik Khan,24,England,Batter,109.0,5,3588.0,146.8,10.0,8.26,27.66,DC,5.0
Pranav Kulkarni,42,West Indies,Allrounder,473.5,21,8328.0,101.1,195.0,7.23,39.18,DC,2.0
Manoj Verma,26,England,Bowler,93.0,6,1945.0,108.0,248.0,6.22,33.71,RR,5.0
Rahul Shetty,42,Australia,Bowler,400.0,22,2508.0,103.9,180.0,7.14,35.21,KKR,5.0
Arjun Chopra,38,Australia,Bowler,347.0,14,901.0,125.2,460.0,7.54,45.38,SRH,7.0
Vikas Deshmukh,33,Australia,Allrounder,336.0,13,7788.0,107.2,465.0,7.89,27.64,MI,2.0
Sandeep Shetty,18,India,Batter,22.0,1,13491.0,140.2,7.0,8.66,22.11,RR,2.0
Rahul Mehta,24,India,Wicketkeeper,30.0,2,4659.0,114.3,0.0,0.0,33.95,KKR,0.2
Manoj Malik,19,Sri Lanka,Batter,21.0,1,12898.0,120.3,10.0,8.9,52.41,SRH,10.0
Amit Deshmukh,40,India,Batter,473.5,17,7329.0,141.8,9.0,9.49,43.32,GT,3.0
Amit Shetty,20,India,Wicketkeeper,22.0,1,2886.0,118.5,0.0,0.0,22.35,LSG,0.5
Manoj Reddy,40,India,Allrounder,473.5,18,2095.0,116.7,340.0,7.01,32.28,RR,10.0
Ankit Chopra,37,India,Bowler,295.0,15,2596.0,122.8,175.0,6.61,46.32,SRH,10.0
Amit Yadav,33,India,Allrounder,126.0,7,6414.0,104.1,81.0,6.39,36.15,RR,11.0
Ankit Kulkarni,37,India,Batter,164.0,7,4058.0,143.1,2.0,9.33,27.2,MI,10.0
Harshit Reddy,19,India,Allrounder,24.0,1,6687.0,150.7,464.0,6.37,24.33,DC,11.0
Ankit Iyer,34,Australia,Wicketkeeper,102.0,5,3450.0,110.2,0.0,0.0,29.18,KKR,1.0
Irfan Yadav,27,England,Wicketkeeper,19.0,1,11736.0,129.3,0.0,0.0,34.38,RCB,7.0
Amit Yadav,29,India,Batter,141.0,7,14838.0,132.8,3.0,6.28,23.47,DC,7.0
Karthik Mehta,29,England,Allrounder,141.0,5,2081.0,125.4,397.0,7.12,37.28,PBKS,1.0
Rahul Iyer,35,West Indies,Batter,217.0,11,11431.0,133.4,5.0,6.24,35.1,CSK,0.2
Sameer Yadav,21,Sri Lanka,Wicketkeeper,15.0,1,4436.0,119.7,0.0,0.0,40.88,SRH,11.0
Rahul Chopra,30,West Indies,Allrounder,124.0,6,2583.0,95.9,353.0,7.12,24.38,KKR,1.0
Harshit Yadav,39,Sri Lanka,Wicketkeeper,189.0,7,9163.0,109.2,0.0,0.0,43.73,MI,10.0
Vikas Sharma,38,Australia,Wicketkeeper,86.0,3,3651.0,129.6,0.0,0.0,46.52,MI,0.2
Irfan Mehta,21,West Indies,Batter,15.0,1,13927.0,146.2,10.0,8.59,33.19,SRH,0.2
Arjun Khan,31,Australia,Allrounder,227.0,8,7124.0,144.9,350.0,6.21,28.32,RR,2.0
Rahul Chopra,19,India,Wicketkeeper,23.0,1,5546.0,122.7,0.0,0.0,26.8,SRH,1.0
Manoj Deshmukh,38,India,Batter,77.0,4,13843.0,119.5,1.0,9.2,27.44,KKR,5.0
Vikas Yadav,21,India,Wicketkeeper,49.0,2,5919.0,136.5,0.0,0.0,28.56,MI,3.0
Vikas Reddy,25,Sri Lanka,Wicketkeeper,178.0,7,11450.0,151.6,0.0,0.0,32.87,MI,0.2
Ankit Chopra,27,Australia,Bowler,109.0,5,2156.0,115.7,428.0,6.53,48.25,LSG,0.5
Rohan Shetty,24,Sri Lanka,Bowler,26.0,1,2539.0,142.3,851.0,7.41,49.7,MI,1.5
Rohan Khan,21,Sri Lanka,Wicketkeeper,85.0,3,2893.0,101.1,0.0,0.0,52.34,GT,0.5
Aditya Sharma,27,India,Allrounder,203.0,7,7541.0,147.2,181.0,7.19,43.96,CSK,7.0
Vikas Naidu,36,Australia,Bowler,74.0,3,3790.0,131.6,249.0,4.77,23.18,CSK,2.0
Irfan Reddy,30,India,Batter,66.0,3,10676.0,119.5,14.0,8.44,25.31,KKR,0.2
Ankit Naidu,42,India,Batter,299.0,14,8363.0,149.1,3.0,9.43,51.27,SRH,2.0
Harshit Mehta,25,India,Allrounder,120.0,4,2328.0,136.5,465.0,7.76,42.93,KKR,0.2
Aditya Singh,30,South Africa,Allrounder,262.0,10,6805.0,149.0,123.0,5.37,50.84,RCB,0.5
Pranav Naidu,27,India,Allrounder,79.0,4,6513.0,150.6,127.0,7.62,39.36,CSK,1.0
Amit Shetty,32,South Africa,Batter,277.0,10,8098.0,153.1,4.0,7.57,36.24,RCB,7.0
Manoj Mehta,34,Australia,Wicketkeeper,28.0,1,6431.0,133.5,0.0,0.0,33.06,CSK,10.0
Vikas Sharma,38,Australia,Allrounder,396.0,14,6544.0,138.2,279.0,7.23,41.86,SRH,7.0
Sameer Kulkarni,42,Sri Lanka,Wicketkeeper,473.5,20,4039.0,125.9,0.0,0.0,30.5,PBKS,1.5
Amit Reddy,28,India,Wicketkeeper,122.0,8,3984.0,133.6,0.0,0.0,51.8,LSG,1.0
Amit Iyer,23,India,Batter,83.0,5,12113.0,103.0,2.0,6.02,24.19,SRH,3.0
VVS Laxman,19,India,Batter,20.0,1,14930.0,134.8,11.0,9.23,53.31,SRH,5.0
Ajinkya Rahane,40,India,Batter,132.0,7,8119.0,122.7,7.0,8.04,47.73,CSK,11.0
Cheteshwar Pujara,30,India,Batter,168.0,6,7691.0,117.9,14.0,6.56,36.32,CSK,0.5
Shikhar Dhawan,18,India,Batter,18.0,1,13532.0,117.3,13.0,7.04,22.73,PBKS,0.2
KL Rahul,23,India,Wicketkeeper,42.0,2,7933.0,106.9,0.0,0.0,31.74,LSG,5.0
Shreyas Iyer,36,India,Batter,273.0,11,10571.0,105.9,15.0,8.79,32.13,KKR,7.0
Ishan Kishan,20,India,Wicketkeeper,52.0,2,9635.0,98.9,0.0,0.0,39.5,MI,7.0
Hardik Pandya,34,India,Allrounder,295.0,12,3698.0,146.9,446.0,7.14,48.67,MI,5.0
Ravindra Jadeja,36,India,Allrounder,236.0,10,2840.0,103.2,305.0,6.0,25.46,CSK,11.0
Axar Patel,35,India,Allrounder,130.0,6,7657.0,135.4,64.0,8.39,21.49,DC,2.0
Kuldeep Yadav,35,India,Bowler,230.0,8,833.0,124.1,721.0,4.52,27.27,DC,10.0
Mohammed Siraj,41,India,Bowler,314.0,13,2121.0,129.4,122.0,7.05,41.44,RCB,11.0
Arshdeep Singh,39,India,Bowler,364.0,19,677.0,110.4,556.0,5.76,40.63,PBKS,7.0
Deepak Chahar,24,India,Bowler,67.0,3,2206.0,117.3,545.0,6.72,37.67,CSK,1.0
Shardul Thakur,36,India,Bowler,354.0,16,599.0,103.9,714.0,7.19,39.08,CSK,0.5
Yashasvi Jaiswal,34,India,Batter,263.0,15,8548.0,137.2,13.0,7.22,20.66,RR,3.0
Shubman Gill,36,India,Batter,208.0,7,13968.0,101.2,15.0,8.35,22.27,GT,2.0
Ruturaj Gaikwad,27,India,Batter,174.0,7,13826.0,133.4,12.0,8.54,51.32,CSK,10.0
Prithvi Shaw,25,India,Batter,139.0,5,7543.0,126.8,1.0,7.82,44.75,DC,0.2
Washington Sundar,29,India,Allrounder,116.0,6,5484.0,97.2,132.0,6.13,28.05,SRH,1.0
Mitchell Starc,34,Australia,Bowler,314.0,12,885.0,115.1,661.0,4.9,53.02,KKR,5.0
Pat Cummins,25,Australia,Bowler,99.0,6,3740.0,151.2,299.0,7.06,54.95,SRH,0.2
Steve Smith,27,Australia,Batter,22.0,1,14426.0,108.6,12.0,7.52,39.6,RR,1.5
Glenn Maxwell,19,Australia,Allrounder,21.0,1,6773.0,122.9,289.0,8.08,37.69,RCB,1.5
Trent Boult,32,New Zealand,Bowler,40.0,2,3784.0,120.2,128.0,4.51,33.54,RR,3.0
Ross Taylor,30,New Zealand,Batter,37.0,2,13623.0,148.2,1.0,7.23,22.08,RR,0.5
Stephen Fleming,42,New Zealand,Batter,264.0,13,12775.0,95.5,1.0,9.4,53.1,CSK,10.0
Mohammad Nabi,19,Afghanistan,Allrounder,15.0,1,5538.0,137.1,141.0,6.92,26.55,SRH,2.0
Mujeeb Ur Rahman,24,Afghanistan,Bowler,104.0,5,3684.0,147.9,805.0,6.49,24.88,SRH,10.0
Jason Holder,19,West Indies,Allrounder,16.0,1,3882.0,113.2,292.0,5.44,25.66,RR,2.0
Kieron Pollard,37,West Indies,Allrounder,172.0,10,4956.0,135.7,96.0,5.39,27.48,MI,1.0
Dwayne Bravo,22,West Indies,Allrounder,43.0,2,4545.0,146.7,123.0,7.33,42.82,CSK,0.5
Andre Fletcher,35,West Indies,Batter,202.0,7,13040.0,129.4,6.0,6.42,33.78,KKR,0.2
Hashim Amla,25,South Africa,Batter,205.0,7,13940.0,114.1,10.0,7.2,52.53,PBKS,3.0
Graeme Smith,33,South Africa,Batter,147.0,6,7180.0,103.0,9.0,8.6,36.66,RR,0.2
Dale Steyn,29,South Africa,Bowler,176.0,9,1442.0,153.7,747.0,5.21,54.23,RCB,1.5
Allan Donald,38,South Africa,Bowler,293.0,15,702.0,116.1,308.0,5.21,40.98,MI,3.0
Alastair Cook,33,England,Batter,310.0,13,5984.0,107.8,0.0,7.68,43.11,RR,1.0
Kevin Pietersen,26,England,Batter,96.0,4,6567.0,134.2,8.0,7.17,33.43,DC,0.5
Andrew Flintoff,28,England,Allrounder,61.0,4,3343.0,135.1,354.0,7.45,37.81,CSK,7.0
Ian Botham,38,England,Allrounder,206.0,12,6234.0,122.7,182.0,7.47,24.06,GT,11.0
Sanath Jayasuriya,30,Sri Lanka,Allrounder,256.0,9,5790.0,109.8,498.0,5.64,22.21,MI,0.2
Tillakaratne Dilshan,32,Sri Lanka,Allrounder,208.0,12,3471.0,117.0,355.0,7.49,23.27,RCB,0.5
Aravinda de Silva,29,Sri Lanka,Batter,22.0,1,14111.0,136.0,11.0,8.87,35.83,DC,11.0
Inzamam-ul-Haq,26,Pakistan,Batter,72.0,4,9945.0,104.1,12.0,6.87,36.04,PBKS,0.2
Javed Miandad,29,Pakistan,Batter,153.0,9,12993.0,106.3,7.0,9.1,39.9,KKR,11.0
Saqlain Mushtaq,23,Pakistan,Bowler,27.0,1,1771.0,133.2,544.0,7.65,35.4,RR,0.2
Shahid Afridi,38,Pakistan,Allrounder,102.0,6,4980.0,144.5,127.0,7.51,40.67,SRH,10.0
